state,track,race,distance,trackcondition,trackrating,date,meetid,raceid,racestatus,raceclass,fieldsize,trialjumpout,horseid,name,entrantnumber,barrier,weight,scratched,jockey,trainer,first_competitive_race,raceno_since_90day_break,raceno_since_freshened,country_code,track_name,race_number,start_time,runner_number,horse_name,field_size,name,win_price,place_price,code,lay_price,market_base_rate,lay_stake,qualifying_pl,bonus_turnover,promo_2nd,promo_3rd,promo_4th,last_5_finishes
VIC,Park Kilmore,7,1600,Good,3,2026-09-28,5195834,5469786,Open,BM 0-57,14,False,5052664,Nama Dude,9,17,60.5,False,A.Kelly,D.P.Kelly,False,3,25,,,,,,,,,,,,,,,,,,,,
NSW,Tamworth,5,1600,Good,4,2026-09-28,5196006,5468328,Open,BM 58,8,False,5247014,Seething Chuck,7,4,55.5,True,,K.M.Owen,False,11,,,,,,,,,,,,,,,,,,,,,
NSW,Warwick Farm,4,795,Soft,5,2026-09-28,5197463,5481986,Paying,Trial,9,True,5248534,Phearson,4,0,,False,A.B.Collett,S.Ryan,False,1,21,,,,,,,,,,,,,,,,,,,,
WA,Bunbury,7,1695,Soft,5,2026-09-28,5196062,5466017,Open,BM 58,12,False,5250747,Asarka,13,3,54,False,A.S.Catarino,B.P.Graham,False,2,18,,,,,,,,,,,,,,,,,,,,
VIC,Southside Cranbourne,17,1000,Good,4,2026-09-28,5197870,5482061,Nominations,Trial,8,True,5251810,Understated,0,,,False,,P.Foster,False,1,50,,,,,,,,,,,,,,,,,,,,
NSW,Warwick Farm,2,795,Soft,5,2026-09-28,5197463,5481984,Paying,Trial,9,True,5254961,Coal Crusher,1,0,,False,J.Ford,J.J.W.Pride,False,1,4,,,,,,,,,,,,,,,,,,,,
SA,Morphettville Parks,3,800,Good,4,2026-09-28,5197445,5482084,Paying,Trial,6,True,5258341,Howl,2,0,,False,M.Cox,T.L.Cox,False,8,17,,,,,,,,,,,,,,,,,,,,
VIC,Southside Cranbourne,15,1000,Good,4,2026-09-28,5197870,5482059,Nominations,Trial,8,True,5258774,Lika Mosh,0,,,False,,P.Foster,False,1,35,,,,,,,,,,,,,,,,,,,,
VIC,Coleraine,4,900,Good,4,2026-09-28,5197871,5482218,Paying,Trial,5,True,5264164,Francine,1,0,,False,T.Madden,A.J.Purcell,False,1,15,,,,,,,,,,,,,,,,,,,,
NSW,Tamworth,5,1600,Good,4,2026-09-28,5196006,5468328,Open,BM 58,8,False,5265322,Big Short,4,8,58.5,False,Z.Wadick,D.J.Hatch,False,14,5,Australia,Tamworth,5,2026-09-28 06:05:00+00:00,4,Big Short,8,Betr,8.500,2.350,TOP3,21.000,10.000,40.62200956937799043062,-63.4401913875598086124420000000000000000000,32.296650717703349282297000,-49.1723565940679437804420000000000000000000,-40.3488271823032378984420000000000000000000,-22.0147393597591002795719230421004979628800,
NSW,Tamworth,5,1600,Good,4,2026-09-28,5196006,5468328,Open,BM 58,8,False,5265322,Big Short,4,8,58.5,False,Z.Wadick,D.J.Hatch,False,14,5,Australia,Tamworth,5,2026-09-28 06:05:00+00:00,4,Big Short,8,Dabble,8.500,2.500,TOP3,21.000,10.000,40.62200956937799043062,-63.4401913875598086124420000000000000000000,32.296650717703349282297000,-51.0872502110892203764420000000000000000000,-42.2637207993245144944420000000000000000000,-24.2637207993245144944420000000000000000000,
NSW,Tamworth,5,1600,Good,4,2026-09-28,5196006,5468328,Open,BM 58,8,False,5265322,Big Short,4,8,58.5,False,Z.Wadick,D.J.Hatch,False,14,5,Australia,Tamworth,5,2026-09-28 06:05:00+00:00,4,Big Short,8,Ladbrokes,9.000,2.500,TOP3,21.000,10.000,43.01435406698564593301,-61.2870813397129186602910000000000000000000,34.449760765550239234450000,-47.9537480063795853267910000000000000000000,-39.6204146730462519935410000000000000000000,-21.6204146730462519935410000000000000000000,
NSW,Tamworth,5,1600,Good,4,2026-09-28,5196006,5468328,Open,BM 58,8,False,5265322,Big Short,4,8,58.5,False,Z.Wadick,D.J.Hatch,False,14,5,Australia,Tamworth,5,2026-09-28 06:05:00+00:00,4,Big Short,8,Sportsbet,8.500,2.400,TOP3,21.000,10.000,40.62200956937799043062,-63.4401913875598086124420000000000000000000,32.296650717703349282297000,-49.8372502110892203761920000000000000000000,-41.0137207993245144941920000000000000000000,-22.7845541326578478274836666666666666666675,
NSW,Tamworth,5,1600,Good,4,2026-09-28,5196006,5468328,Open,BM 58,8,False,5265322,Big Short,4,8,58.5,False,Z.Wadick,D.J.Hatch,False,14,5,Australia,Tamworth,5,2026-09-28 06:05:00+00:00,4,Big Short,8,UniBet,8.500,2.450,TOP3,21.000,10.000,40.62200956937799043062,-63.4401913875598086124420000000000000000000,32.296650717703349282297000,-50.4750053131300367029420000000000000000000,-41.6514759013653308209420000000000000000000,-23.5340248393078547692912294877134527280300,
NSW,Tamworth,5,1600,Good,4,2026-09-28,5196006,5468328,Open,BM 58,8,False,5265322,Big Short,4,8,58.5,False,Z.Wadick,D.J.Hatch,False,14,5,Australia,Tamworth,5,2026-09-28 06:05:00+00:00,4,Big Short,8,Surge ,8.500,2.500,TOP3,21.000,10.000,40.62200956937799043062,-63.4401913875598086124420000000000000000000,32.296650717703349282297000,-51.0872502110892203764420000000000000000000,-42.2637207993245144944420000000000000000000,-24.2637207993245144944420000000000000000000,
VIC,Southside Cranbourne,18,1200,Good,4,2026-09-28,5197870,5482062,Nominations,Trial,10,True,5265325,The Kings Gospel,0,,,False,,A.R.Mcgregor,False,1,,,,,,,,,,,,,,,,,,,,,
NSW,Tamworth,6,1200,Good,4,2026-09-28,5196006,5468324,Open,BM 78,9,False,5265974,In Spades,11,2,55,False,A.Farragher,J.B.Bowen,False,6,9,Australia,Tamworth,6,2026-09-28 06:40:00+00:00,11,In Spades,9,Betr,41.000,7.000,TOP3,480.000,10.000,8.54136278391331527402,-92.3127734944780162533820000000000000000000,7.501562825588664305064000,-85.2570243655581556263820000000000000000000,-83.4277560728752287971320000000000000000000,-74.2440826034874736952442448979591836734700,
NSW,Tamworth,6,1200,Good,4,2026-09-28,5196006,5468324,Open,BM 78,9,False,5265974,In Spades,11,2,55,False,A.Farragher,J.B.Bowen,False,6,9,Australia,Tamworth,6,2026-09-28 06:40:00+00:00,11,In Spades,9,Dabble,41.000,5.500,TOP3,480.000,10.000,8.54136278391331527402,-92.3127734944780162533820000000000000000000,7.501562825588664305064000,-82.3349464434802335483820000000000000000000,-80.5056781507973067191320000000000000000000,-69.3486533574088769671526611570247933884300,
NSW,Tamworth,6,1200,Good,4,2026-09-28,5196006,5468324,Open,BM 78,9,False,5265974,In Spades,11,2,55,False,A.Farragher,J.B.Bowen,False,6,9,Australia,Tamworth,6,2026-09-28 06:40:00+00:00,11,In Spades,9,Ladbrokes,46.000,6.500,TOP3,480.000,10.000,9.58324650968951864972,-91.3750781412794332152520000000000000000000,8.439258178787247343196000,-83.0974861680352860590020000000000000000000,-81.4670513854265904065020000000000000000000,-71.7037377759591347853999289940828402366875,
NSW,Tamworth,6,1200,Good,4,2026-09-28,5196006,5468324,Open,BM 78,9,False,5265974,In Spades,11,2,55,False,A.Farragher,J.B.Bowen,False,6,9,Australia,Tamworth,6,2026-09-28 06:40:00+00:00,11,In Spades,9,Sportsbet,41.000,8.750,TOP3,480.000,10.000,8.54136278391331527402,-92.3127734944780162533820000000000000000000,7.501562825588664305064000,-87.3998815084152984836320000000000000000000,-85.5706132157323716543820000000000000000000,-77.9787764810384941036095510204081632653075,
NSW,Tamworth,6,1200,Good,4,2026-09-28,5196006,5468324,Open,BM 78,9,False,5265974,In Spades,11,2,55,False,A.Farragher,J.B.Bowen,False,6,9,Australia,Tamworth,6,2026-09-28 06:40:00+00:00,11,In Spades,9,UniBet,41.000,6.500,TOP3,480.000,10.000,8.54136278391331527402,-92.3127734944780162533820000000000000000000,7.501562825588664305064000,-84.4328485413823314506320000000000000000000,-82.6035802486994046213820000000000000000000,-72.8402666392319490002799289940828402366875,
NSW,Tamworth,6,1200,Good,4,2026-09-28,5196006,5468324,Open,BM 78,9,False,5265974,In Spades,11,2,55,False,A.Farragher,J.B.Bowen,False,6,9,Australia,Tamworth,6,2026-09-28 06:40:00+00:00,11,In Spades,9,Surge ,51.000,7.000,TOP3,480.000,10.000,10.62513023546572202542,-90.4373827880808501771220000000000000000000,9.376953531985830381329000,-82.6642735443833711856220000000000000000000,-81.1936853090892535386220000000000000000000,-72.0100118397014984367342448979591836734700,
NSW,Warwick Farm,4,795,Soft,5,2026-09-28,5197463,5481986,Paying,Trial,9,True,5266002,Uzziah,8,0,,False,M.G.Bourke,S.Aspery,False,1,19,,,,,,,,,,,,,,,,,,,,
NSW,Wagga,2,1000,Good,0,2026-09-28,5197836,5482018,FinalFields,Trial,8,True,5266674,Martha Lavinia,6,3,,False,M.Heagney,F.I.Schneiders,False,3,,,,,,,,,,,,,,,,,,,,,
SA,Morphettville Parks,10,1000,Good,4,2026-09-28,5197445,5482080,Paying,Trial,9,True,5268425,Thebigsosso,9,0,,False,C.Jones,L.G.O'Connor,False,1,10,,,,,,,,,,,,,,,,,,,,
VIC,Southside Cranbourne,12,1000,Good,4,2026-09-28,5197870,5482056,Nominations,Trial,11,True,5270519,Unflinching,0,,,False,,S.W.Mathrick,False,1,24,,,,,,,,,,,,,,,,,,,,
SA,Morphettville Parks,17,1250,Good,4,2026-09-28,5197445,5475297,Paying,Trial,8,True,5271421,Kokoro,5,0,,False,R.L.Milnes,John Dunn & Krystal Bishop,False,1,7,,,,,,,,,,,,,,,,,,,,
VIC,Coleraine,3,900,Good,4,2026-09-28,5197871,5482219,Paying,Trial,5,True,5272736,Van Roy,1,0,,False,T.Madden,A.J.Purcell,False,1,4,,,,,,,,,,,,,,,,,,,,
SA,Morphettville Parks,3,800,Good,4,2026-09-28,5197445,5482084,Paying,Trial,6,True,5273343,Willaston,6,0,,False,I.Sit,J.Virgin,False,1,32,,,,,,,,,,,,,,,,,,,,
VIC,Park Kilmore,7,1600,Good,3,2026-09-28,5195834,5469786,Open,BM 0-57,14,False,5273918,Toronova,17,9,55,True,T.M.Nugent,I.M.Pankhurst,False,4,36,,,,,,,,,,,,,,,,,,,,
NSW,Wagga,2,2000,Good,4,2026-09-28,5194203,5468765,Paying,BM 64,6,False,5273940,Philadelphia Storm,1,4,61,False,D.Cole,G.J.Colvin,False,8,13,,,,,,,,,,,,,,,,,,,,
NSW,Warwick Farm,1,1200,Soft,5,2026-09-28,5197463,5477873,Paying,Trial,9,True,5275266,Anythink Goes,2,0,,False,Z.T.Lloyd,M.C.Smith,False,11,25,,,,,,,,,,,,,,,,,,,,
NSW,Wagga,2,1000,Good,0,2026-09-28,5197836,5482018,FinalFields,Trial,8,True,5278667,Bianco Vilano,2,6,,False,,R.Stubbs,False,1,6,,,,,,,,,,,,,,,,,,,,
VIC,Park Kilmore,7,1600,Good,3,2026-09-28,5195834,5469786,Open,BM 0-57,14,False,5280128,Sheer Lunacy,1,14,62.5,True,,W.B.Brisbourne,False,8,4,,,,,,,,,,,,,,,,,,,,
VIC,Southside Cranbourne,12,1000,Good,4,2026-09-28,5197870,5482056,Nominations,Trial,11,True,5280549,Celsius Star,0,,,False,,S.W.Mathrick,False,1,49,,,,,,,,,,,,,,,,,,,,
VIC,Park Kilmore,6,2000,Good,3,2026-09-28,5195834,5469785,Open,BM 0-57,12,False,5284213,I Could Do Better,16,6,57,True,J.Duffy,C.L.Marshall,False,13,24,,,,,,,,,,,,,,,,,,,,
WA,Bunbury,7,1695,Soft,5,2026-09-28,5196062,5466017,Open,BM 58,12,False,5284581,Authorative,7,10,57,False,B.M.Gaerth,T.L.Itzstein,False,3,,Australia,Bunbury,7,2026-09-28 08:54:00+00:00,7,Authorative,12,Betr,41.000,5.500,TOP3,400.000,8.000,10.24954990998199639928,-90.5704140828165633126624000000000000000000,9.201840368073614722945000,-80.5925870318187806076624000000000000000000,-78.7633187391358537784124000000000000000000,-67.6062939457474240264330611570247933884300,
WA,Bunbury,7,1695,Soft,5,2026-09-28,5196062,5466017,Open,BM 58,12,False,5284581,Authorative,7,10,57,False,B.M.Gaerth,T.L.Itzstein,False,3,,Australia,Bunbury,7,2026-09-28 08:54:00+00:00,7,Authorative,12,Dabble,34.000,4.400,TOP3,400.000,8.000,8.49919983996799359872,-92.1807361472294458891776000000000000000000,7.591518303660732146429000,-79.5470463076572533754276000000000000000000,-77.3411639547160769049276000000000000000000,-64.1696763514102917808490876033057851239675,
WA,Bunbury,7,1695,Soft,5,2026-09-28,5196062,5466017,Open,BM 58,12,False,5284581,Authorative,7,10,57,False,B.M.Gaerth,T.L.Itzstein,False,3,,Australia,Bunbury,7,2026-09-28 08:54:00+00:00,7,Authorative,12,Ladbrokes,41.000,5.500,TOP3,400.000,8.000,10.24954990998199639928,-90.5704140828165633126624000000000000000000,9.201840368073614722945000,-80.5925870318187806076624000000000000000000,-78.7633187391358537784124000000000000000000,-67.6062939457474240264330611570247933884300,
WA,Bunbury,7,1695,Soft,5,2026-09-28,5196062,5466017,Open,BM 58,12,False,5284581,Authorative,7,10,57,False,B.M.Gaerth,T.L.Itzstein,False,3,,Australia,Bunbury,7,2026-09-28 08:54:00+00:00,7,Authorative,12,Sportsbet,41.000,7.500,TOP3,400.000,8.000,10.24954990998199639928,-90.5704140828165633126624000000000000000000,9.201840368073614722945000,-84.2289506681824169714124000000000000000000,-82.3996823754994901421624000000000000000000,-73.7330157088328234756790666666666666666675,
WA,Bunbury,7,1695,Soft,5,2026-09-28,5196062,5466017,Open,BM 58,12,False,5284581,Authorative,7,10,57,False,B.M.Gaerth,T.L.Itzstein,False,3,,Australia,Bunbury,7,2026-09-28 08:54:00+00:00,7,Authorative,12,UniBet,41.000,5.500,TOP3,400.000,8.000,10.24954990998199639928,-90.5704140828165633126624000000000000000000,9.201840368073614722945000,-80.5925870318187806076624000000000000000000,-78.7633187391358537784124000000000000000000,-67.6062939457474240264330611570247933884300,
WA,Bunbury,7,1695,Soft,5,2026-09-28,5196062,5466017,Open,BM 58,12,False,5284581,Authorative,7,10,57,False,B.M.Gaerth,T.L.Itzstein,False,3,,Australia,Bunbury,7,2026-09-28 08:54:00+00:00,7,Authorative,12,Surge ,41.000,4.600,TOP3,400.000,8.000,10.24954990998199639928,-90.5704140828165633126624000000000000000000,9.201840368073614722945000,-77.9246028420954604491624000000000000000000,-76.0953345494125336199124000000000000000000,-63.3354101637792632984038933837429111531200,
NSW,Tamworth,6,1200,Good,4,2026-09-28,5196006,5468324,Open,BM 78,9,False,5286260,Hellcibell,2,7,59,False,N.Palmer,Brett & Georgie Cavanough,False,11,,Australia,Tamworth,6,2026-09-28 06:40:00+00:00,2,Hellcibell,9,Betr,7.000,2.050,TOP3,9.000,10.000,78.53932584269662921348,-29.3146067415730337078680000000000000000000,60.674157303370786516854000,-14.1578123164859256938680000000000000000000,-3.4435266022002114083680000000000000000000,15.2953193228444048914446115407495538370000,
NSW,Tamworth,6,1200,Good,4,2026-09-28,5196006,5468324,Open,BM 78,9,False,5286260,Hellcibell,2,7,59,False,N.Palmer,Brett & Georgie Cavanough,False,11,,Australia,Tamworth,6,2026-09-28 06:40:00+00:00,2,Hellcibell,9,Dabble,7.000,2.350,TOP3,9.000,10.000,78.53932584269662921348,-29.3146067415730337078680000000000000000000,60.674157303370786516854000,-18.8282845531231856828680000000000000000000,-8.1139988388374713973680000000000000000000,10.2200889837066662215020769578995020371200,
NSW,Tamworth,6,1200,Good,4,2026-09-28,5196006,5468324,Open,BM 78,9,False,5286260,Hellcibell,2,7,59,False,N.Palmer,Brett & Georgie Cavanough,False,11,,Australia,Tamworth,6,2026-09-28 06:40:00+00:00,2,Hellcibell,9,Ladbrokes,7.000,2.150,TOP3,9.000,10.000,78.53932584269662921348,-29.3146067415730337078680000000000000000000,60.674157303370786516854000,-15.8594572399119041393680000000000000000000,-5.1451715256261898538680000000000000000000,13.5135629254284342672761319632233639805300,
NSW,Tamworth,6,1200,Good,4,2026-09-28,5196006,5468324,Open,BM 78,9,False,5286260,Hellcibell,2,7,59,False,N.Palmer,Brett & Georgie Cavanough,False,11,,Australia,Tamworth,6,2026-09-28 06:40:00+00:00,2,Hellcibell,9,Sportsbet,7.500,2.200,TOP3,9.000,10.000,84.15730337078651685393,-24.2584269662921348314630000000000000000000,65.730337078651685393258000,-10.1675178753830439222130000000000000000000,-0.1675178753830439224630000000000000000000,18.4275234469310056642828677685950413223125,
NSW,Tamworth,6,1200,Good,4,2026-09-28,5196006,5468324,Open,BM 78,9,False,5286260,Hellcibell,2,7,59,False,N.Palmer,Brett & Georgie Cavanough,False,11,,Australia,Tamworth,6,2026-09-28 06:40:00+00:00,2,Hellcibell,9,UniBet,7.000,2.250,TOP3,9.000,10.000,78.53932584269662921348,-29.3146067415730337078680000000000000000000,60.674157303370786516854000,-17.4098448368111289458680000000000000000000,-6.6955591225254146603680000000000000000000,11.8229593959931038581134814814814814814800,
NSW,Tamworth,6,1200,Good,4,2026-09-28,5196006,5468324,Open,BM 78,9,False,5286260,Hellcibell,2,7,59,False,N.Palmer,Brett & Georgie Cavanough,False,11,,Australia,Tamworth,6,2026-09-28 06:40:00+00:00,2,Hellcibell,9,Surge ,7.000,2.300,TOP3,9.000,10.000,78.53932584269662921348,-29.3146067415730337078680000000000000000000,60.674157303370786516854000,-18.1344825179705492356180000000000000000000,-7.4201968036848349501180000000000000000000,11.0108050866743332918182003780718336483925,
NSW,Wagga,7,1200,Good,4,2026-09-28,5194203,5468766,Open,BM 70,8,False,5286515,Rangatira,12,4,55,False,S.L.Fawke,J.Rolfe,False,1,,Australia,Wagga,7,2026-09-28 06:55:00+00:00,12,Rangatira,8,Dabble,81.000,6.500,TOP3,630.000,10.000,12.85759644387998094936,-88.4281632005080171455760000000000000000000,11.430385775519923797428000,-78.7415535138983305358260000000000000000000,-77.8156275879724046100760000000000000000000,-68.0523139785049489889739289940828402366875,
NSW,Wagga,7,1200,Good,4,2026-09-28,5194203,5468766,Open,BM 70,8,False,5286515,Rangatira,12,4,55,False,S.L.Fawke,J.Rolfe,False,1,,Australia,Wagga,7,2026-09-28 06:55:00+00:00,12,Rangatira,8,Ladbrokes,81.000,8.000,TOP3,630.000,10.000,12.85759644387998094936,-88.4281632005080171455760000000000000000000,11.430385775519923797428000,-80.9050150523598689970760000000000000000000,-79.9790891264339430713260000000000000000000,-71.7759641264339430713260000000000000000000,
NSW,Wagga,7,1200,Good,4,2026-09-28,5194203,5468766,Open,BM 70,8,False,5286515,Rangatira,12,4,55,False,S.L.Fawke,J.Rolfe,False,1,,Australia,Wagga,7,2026-09-28 06:55:00+00:00,12,Rangatira,8,Sportsbet,81.000,13.250,TOP3,630.000,10.000,12.85759644387998094936,-88.4281632005080171455760000000000000000000,11.430385775519923797428000,-84.6196376938693029593260000000000000000000,-83.6937117679433770335760000000000000000000,-78.4605327006596461684874453542185831256675,
NSW,Wagga,7,1200,Good,4,2026-09-28,5194203,5468766,Open,BM 70,8,False,5286515,Rangatira,12,4,55,False,S.L.Fawke,J.Rolfe,False,1,,Australia,Wagga,7,2026-09-28 06:55:00+00:00,12,Rangatira,8,UniBet,81.000,7.250,TOP3,630.000,10.000,12.85759644387998094936,-88.4281632005080171455760000000000000000000,11.430385775519923797428000,-79.9351874661529724453260000000000000000000,-79.0092615402270465195760000000000000000000,-70.0913067245314460439330154577883472057075,
NSW,Wagga,7,1200,Good,4,2026-09-28,5194203,5468766,Open,BM 70,8,False,5286515,Rangatira,12,4,55,False,S.L.Fawke,J.Rolfe,False,1,,Australia,Wagga,7,2026-09-28 06:55:00+00:00,12,Rangatira,8,Surge ,91.000,7.000,TOP3,630.000,10.000,14.44515002381330369900,-86.9993649785680266709000000000000000000000,12.859183997459914272107000,-77.9334309126339607369000000000000000000000,-77.1092550884581365611500000000000000000000,-67.9255816190703814592622448979591836734700,
VIC,Southside Cranbourne,2,800,Good,4,2026-09-28,5197870,5482046,Nominations,Trial,8,True,5286946,Hola Amigos,0,,,False,,W.J.Kelly,False,1,3,,,,,,,,,,,,,,,,,,,,
SA,Morphettville Parks,1,800,Good,4,2026-09-28,5197445,5482082,Paying,Trial,3,True,5287235,Capablanca,2,0,,False,I.Sit,J.Virgin,False,1,,,,,,,,,,,,,,,,,,,,,
SA,Morphettville Parks,11,1000,Good,4,2026-09-28,5197445,5482081,Paying,Trial,9,True,5288026,Prancing Countess,3,0,,False,F.A.Atkinson,C.M.Bieg,False,1,15,,,,,,,,,,,,,,,,,,,,
SA,Morphettville Parks,3,800,Good,4,2026-09-28,5197445,5482084,Paying,Trial,6,True,5288077,Mt Niseko,3,0,,False,C.Jones,C.M.Bieg,False,1,12,,,,,,,,,,,,,,,,,,,,
VIC,Southside Cranbourne,1,800,Good,4,2026-09-28,5197870,5482045,Nominations,Trial,8,True,5288124,Philosopher,0,,,False,,E.Jusufovic,False,2,24,,,,,,,,,,,,,,,,,,,,
SA,Morphettville Parks,11,1000,Good,4,2026-09-28,5197445,5482081,Paying,Trial,9,True,5288146,Back Me Up Benny,8,0,,False,T.Voorham,K.L.Evans,False,6,20,,,,,,,,,,,,,,,,,,,,
VIC,Park Kilmore,7,1600,Good,3,2026-09-28,5195834,5469786,Open,BM 0-57,14,False,5288363,New York Scandal,14,13,57.5,False,L.K.Cartwright,A.E.Laing,False,10,6,Australia,Kilmore,7,2026-09-28 06:30:00+00:00,14,New York Scandal,14,Betr,11.000,3.300,TOP3,32.000,8.000,34.42982456140350877193,-68.3245614035087719298244000000000000000000,28.822055137844611528822000,-59.2336523125996810208244000000000000000000,-52.4154704944178628390744000000000000000000,-36.5752501087429317096873476584022038567500,
VIC,Park Kilmore,7,1600,Good,3,2026-09-28,5195834,5469786,Open,BM 0-57,14,False,5288363,New York Scandal,14,13,57.5,False,L.K.Cartwright,A.E.Laing,False,10,6,Australia,Kilmore,7,2026-09-28 06:30:00+00:00,14,New York Scandal,14,Dabble,11.000,3.500,TOP3,32.000,8.000,34.42982456140350877193,-68.3245614035087719298244000000000000000000,28.822055137844611528822000,-60.5323536113009797215744000000000000000000,-53.7141717931191615398244000000000000000000,-38.4080493441395697029519510204081632653075,
VIC,Park Kilmore,7,1600,Good,3,2026-09-28,5195834,5469786,Open,BM 0-57,14,False,5288363,New York Scandal,14,13,57.5,False,L.K.Cartwright,A.E.Laing,False,10,6,Australia,Kilmore,7,2026-09-28 06:30:00+00:00,14,New York Scandal,14,Ladbrokes,11.000,3.400,TOP3,32.000,8.000,34.42982456140350877193,-68.3245614035087719298244000000000000000000,28.822055137844611528822000,-59.9021015104606435875744000000000000000000,-53.0839196922788254058244000000000000000000,-37.5129854362234620840795903114186851211075,
VIC,Park Kilmore,7,1600,Good,3,2026-09-28,5195834,5469786,Open,BM 0-57,14,False,5288363,New York Scandal,14,13,57.5,False,L.K.Cartwright,A.E.Laing,False,10,6,Australia,Kilmore,7,2026-09-28 06:30:00+00:00,14,New York Scandal,14,Sportsbet,11.000,3.300,TOP3,32.000,8.000,34.42982456140350877193,-68.3245614035087719298244000000000000000000,28.822055137844611528822000,-59.2336523125996810208244000000000000000000,-52.4154704944178628390744000000000000000000,-36.5752501087429317096873476584022038567500,
VIC,Park Kilmore,7,1600,Good,3,2026-09-28,5195834,5469786,Open,BM 0-57,14,False,5288363,New York Scandal,14,13,57.5,False,L.K.Cartwright,A.E.Laing,False,10,6,Australia,Kilmore,7,2026-09-28 06:30:00+00:00,14,New York Scandal,14,UniBet,11.000,3.500,TOP3,32.000,8.000,34.42982456140350877193,-68.3245614035087719298244000000000000000000,28.822055137844611528822000,-60.5323536113009797215744000000000000000000,-53.7141717931191615398244000000000000000000,-38.4080493441395697029519510204081632653075,
VIC,Park Kilmore,7,1600,Good,3,2026-09-28,5195834,5469786,Open,BM 0-57,14,False,5288363,New York Scandal,14,13,57.5,False,L.K.Cartwright,A.E.Laing,False,10,6,Australia,Kilmore,7,2026-09-28 06:30:00+00:00,14,New York Scandal,14,Surge ,11.000,3.500,TOP3,32.000,8.000,34.42982456140350877193,-68.3245614035087719298244000000000000000000,28.822055137844611528822000,-60.5323536113009797215744000000000000000000,-53.7141717931191615398244000000000000000000,-38.4080493441395697029519510204081632653075,
SA,Morphettville Parks,11,1000,Good,4,2026-09-28,5197445,5482081,Paying,Trial,9,True,5288637,Punchin,2,0,,False,K.Crowther,G.J.Boyce,False,4,5,,,,,,,,,,,,,,,,,,,,
VIC,Park Kilmore,7,1600,Good,3,2026-09-28,5195834,5469786,Open,BM 0-57,14,False,5289923,Gymkhana,2,16,62,False,A.Mccabe,A.Townley,False,3,,Australia,Kilmore,7,2026-09-28 06:30:00+00:00,2,Gymkhana,14,Betr,17.000,4.500,TOP3,250.000,8.000,6.79817541613316261204,-93.7456786171574903969232000000000000000000,5.889884763124199743918000,-85.9025413622555296124232000000000000000000,-81.4907766563731766714232000000000000000000,-68.5278136934102137085528296296296296296300,
VIC,Park Kilmore,7,1600,Good,3,2026-09-28,5195834,5469786,Open,BM 0-57,14,False,5289923,Gymkhana,2,16,62,False,A.Mccabe,A.Townley,False,3,,Australia,Kilmore,7,2026-09-28 06:30:00+00:00,2,Gymkhana,14,Dabble,16.000,3.900,TOP3,250.000,8.000,6.39804737516005121639,-94.1137964148527528809212000000000000000000,5.521766965428937259923000,-84.2580271840835221114212000000000000000000,-79.5705271840835221114212000000000000000000,-65.2707244227422992316056181459566074950700,
VIC,Park Kilmore,7,1600,Good,3,2026-09-28,5195834,5469786,Open,BM 0-57,14,False,5289923,Gymkhana,2,16,62,False,A.Mccabe,A.Townley,False,3,,Australia,Kilmore,7,2026-09-28 06:30:00+00:00,2,Gymkhana,14,Ladbrokes,17.000,4.500,TOP3,250.000,8.000,6.79817541613316261204,-93.7456786171574903969232000000000000000000,5.889884763124199743918000,-85.9025413622555296124232000000000000000000,-81.4907766563731766714232000000000000000000,-68.5278136934102137085528296296296296296300,
VIC,Park Kilmore,7,1600,Good,3,2026-09-28,5195834,5469786,Open,BM 0-57,14,False,5289923,Gymkhana,2,16,62,False,A.Mccabe,A.Townley,False,3,,Australia,Kilmore,7,2026-09-28 06:30:00+00:00,2,Gymkhana,14,Sportsbet,17.000,4.500,TOP3,250.000,8.000,6.79817541613316261204,-93.7456786171574903969232000000000000000000,5.889884763124199743918000,-85.9025413622555296124232000000000000000000,-81.4907766563731766714232000000000000000000,-68.5278136934102137085528296296296296296300,
VIC,Park Kilmore,7,1600,Good,3,2026-09-28,5195834,5469786,Open,BM 0-57,14,False,5289923,Gymkhana,2,16,62,False,A.Mccabe,A.Townley,False,3,,Australia,Kilmore,7,2026-09-28 06:30:00+00:00,2,Gymkhana,14,UniBet,17.000,4.400,TOP3,250.000,8.000,6.79817541613316261204,-93.7456786171574903969232000000000000000000,5.889884763124199743918000,-85.5237534834676508241732000000000000000000,-81.1119887775852978831732000000000000000000,-67.9405011742795127590946876033057851239675,
VIC,Park Kilmore,7,1600,Good,3,2026-09-28,5195834,5469786,Open,BM 0-57,14,False,5289923,Gymkhana,2,16,62,False,A.Mccabe,A.Townley,False,3,,Australia,Kilmore,7,2026-09-28 06:30:00+00:00,2,Gymkhana,14,Surge ,17.000,4.200,TOP3,250.000,8.000,6.79817541613316261204,-93.7456786171574903969232000000000000000000,5.889884763124199743918000,-84.7120651717793391359232000000000000000000,-80.3003004658969861949232000000000000000000,-66.6948582890262378955286421768707482993200,
SA,Morphettville Parks,2,800,Good,4,2026-09-28,5197445,5482083,Paying,Trial,5,True,5290167,Speedtail,1,0,,True,C.P.Murtagh,C.J.Reardon,False,9,,,,,,,,,,,,,,,,,,,,,
VIC,Park Kilmore,6,2000,Good,3,2026-09-28,5195834,5469785,Open,BM 0-57,12,False,5290200,Women In Uniform,12,10,59,True,N.Daniels,B.Papazaharoudakis,False,4,,,,,,,,,,,,,,,,,,,,,
VIC,Southside Cranbourne,6,800,Good,4,2026-09-28,5197870,5482050,Nominations,Trial,8,True,5290327,Everett,0,,,False,,M.A.Bell,False,8,,,,,,,,,,,,,,,,,,,,,
VIC,Park Kilmore,8,1200,Good,3,2026-09-28,5195834,5469789,Open,BM 58,12,False,5290378,Tango Jewel,4,8,61,False,C.B.Thompson,J.W.Edwards,False,3,27,Australia,Kilmore,8,2026-09-28 07:00:00+00:00,4,Tango Jewel,12,Dabble,9.000,2.800,TOP3,19.500,8.000,46.29248197734294541710,-57.4109165808444902162680000000000000000000,37.899073120494335736354000,-47.2918689617968711682680000000000000000000,-38.9585356284635378350180000000000000000000,-21.7391478733614970186302448979591836734700,
VIC,Park Kilmore,8,1200,Good,3,2026-09-28,5195834,5469789,Open,BM 58,12,False,5290378,Tango Jewel,4,8,61,False,C.B.Thompson,J.W.Edwards,False,3,27,Australia,Kilmore,8,2026-09-28 07:00:00+00:00,4,Tango Jewel,12,Ladbrokes,9.500,2.700,TOP3,19.500,8.000,48.86714727085478887745,-55.0422245108135942327460000000000000000000,40.267765190525231719876000,-43.0539204172463427714960000000000000000000,-35.1591835751410796132460000000000000000000,-17.6694716409847010124301563786008230452675,
VIC,Park Kilmore,8,1200,Good,3,2026-09-28,5195834,5469789,Open,BM 58,12,False,5290378,Tango Jewel,4,8,61,False,C.B.Thompson,J.W.Edwards,False,3,27,Australia,Kilmore,8,2026-09-28 07:00:00+00:00,4,Tango Jewel,12,Sportsbet,9.500,2.500,TOP3,19.500,8.000,48.86714727085478887745,-55.0422245108135942327460000000000000000000,40.267765190525231719876000,-40.8316981950241205492460000000000000000000,-32.9369613529188573909960000000000000000000,-14.9369613529188573909960000000000000000000,
VIC,Park Kilmore,8,1200,Good,3,2026-09-28,5195834,5469789,Open,BM 58,12,False,5290378,Tango Jewel,4,8,61,False,C.B.Thompson,J.W.Edwards,False,3,27,Australia,Kilmore,8,2026-09-28 07:00:00+00:00,4,Tango Jewel,12,UniBet,9.500,2.750,TOP3,19.500,8.000,48.86714727085478887745,-55.0422245108135942327460000000000000000000,40.267765190525231719876000,-43.5589709222968478222460000000000000000000,-35.6642340801915846639960000000000000000000,-18.3088621793651383830786446280991735537200,
VIC,Park Kilmore,8,1200,Good,3,2026-09-28,5195834,5469789,Open,BM 58,12,False,5290378,Tango Jewel,4,8,61,False,C.B.Thompson,J.W.Edwards,False,3,27,Australia,Kilmore,8,2026-09-28 07:00:00+00:00,4,Tango Jewel,12,Surge ,10.000,3.000,TOP3,19.500,8.000,51.44181256436663233780,-52.6735324407826982492240000000000000000000,42.636457260556127703399000,-42.6735324407826982494740000000000000000000,-35.1735324407826982494740000000000000000000,-18.5068657741160315828906666666666666666675,
NSW,Wagga,3,1600,Good,4,2026-09-28,5194203,5468764,Open,BM 70,5,False,5290483,A Boy Named Soo,5,4,55.5,False,M.Heagney,M.Travers,False,9,3,Australia,Wagga,3,2026-09-28 04:35:00+00:00,5,A Boy Named Soo,5,Dabble,18.000,,,250.000,10.000,7.19887955182072829132,-93.5210084033613445378120000000000000000000,6.122448979591836734694000,,,,
NSW,Wagga,3,1600,Good,4,2026-09-28,5194203,5468764,Open,BM 70,5,False,5290483,A Boy Named Soo,5,4,55.5,False,M.Heagney,M.Travers,False,9,3,Australia,Wagga,3,2026-09-28 04:35:00+00:00,5,A Boy Named Soo,5,Ladbrokes,17.000,5.000,TOP2,250.000,10.000,6.79871948779511804722,-93.8811524609843937575020000000000000000000,5.762304921968787515006000,-83.2929171668667466985020000000000000000000,-71.2929171668667466985020000000000000000000,-54.01291716686674669850200000000000000000000000000000000000000000000000000000000000,
NSW,Wagga,3,1600,Good,4,2026-09-28,5194203,5468764,Open,BM 70,5,False,5290483,A Boy Named Soo,5,4,55.5,False,M.Heagney,M.Travers,False,9,3,Australia,Wagga,3,2026-09-28 04:35:00+00:00,5,A Boy Named Soo,5,Sportsbet,18.000,6.250,TOP2,250.000,10.000,7.19887955182072829132,-93.5210084033613445378120000000000000000000,6.122448979591836734694000,-85.6876750700280112048120000000000000000000,-75.6076750700280112048120000000000000000000,-60.02802707002801120481200000000000000000000000000000000000000000000000000000000000,
NSW,Wagga,3,1600,Good,4,2026-09-28,5194203,5468764,Open,BM 70,5,False,5290483,A Boy Named Soo,5,4,55.5,False,M.Heagney,M.Travers,False,9,3,Australia,Wagga,3,2026-09-28 04:35:00+00:00,5,A Boy Named Soo,5,UniBet,19.000,5.500,TOP2,250.000,10.000,7.59903961584633853541,-93.1608643457382953181310000000000000000000,6.482593037214885954382000,-83.4718691304272905333810000000000000000000,-72.3148443370388607814016611570247933884300,-55.71761737166764296848635482549006215422543405505088450242469924185506454477153200,
NSW,Wagga,3,1600,Good,4,2026-09-28,5194203,5468764,Open,BM 70,5,False,5290483,A Boy Named Soo,5,4,55.5,False,M.Heagney,M.Travers,False,9,3,Australia,Wagga,3,2026-09-28 04:35:00+00:00,5,A Boy Named Soo,5,Surge ,18.000,7.000,TOP2,250.000,10.000,7.19887955182072829132,-93.5210084033613445378120000000000000000000,6.122448979591836734694000,-86.9733893557422969193120000000000000000000,-77.7897158863545418174242448979591836734700,-63.17080709834954390006231236984589754269324448146605581007913969179508538109121200,
SA,Morphettville Parks,10,1000,Good,4,2026-09-28,5197445,5482080,Paying,Trial,9,True,5290620,Ice Symphony,8,0,,False,S.R.Wright,S.Rutten,False,1,,,,,,,,,,,,,,,,,,,,,
SA,Morphettville Parks,9,1000,Good,4,2026-09-28,5197445,5482079,Paying,Trial,6,True,5291405,Andrews Memory,4,0,,False,C.Tootell,D.Shepherd,False,1,19,,,,,,,,,,,,,,,,,,,,
SA,Morphettville Parks,8,1000,Good,4,2026-09-28,5197445,5482078,Paying,Trial,9,True,5291734,Lady Kalila,3,0,,False,W.L.Cave,T.L.Day,False,1,,,,,,,,,,,,,,,,,,,,,
NSW,Wagga,4,1000,Good,4,2026-09-28,5194203,5468763,Open,BM 64,9,False,5291972,Divazou,4,9,59,False,E.Bent,D.L.Delphin,False,2,16,Australia,Wagga,4,2026-09-28 05:10:00+00:00,4,Divazou,9,Dabble,18.000,3.600,TOP3,250.000,10.000,7.19887955182072829132,-93.5210084033613445378120000000000000000000,6.122448979591836734694000,-81.0210084033613445383120000000000000000000,-76.8543417366946778713120000000000000000000,-61.8080454403983815749416296296296296296300,
NSW,Wagga,4,1000,Good,4,2026-09-28,5194203,5468763,Open,BM 64,9,False,5291972,Divazou,4,9,59,False,E.Bent,D.L.Delphin,False,2,16,Australia,Wagga,4,2026-09-28 05:10:00+00:00,4,Divazou,9,Ladbrokes,18.000,3.700,TOP3,250.000,10.000,7.19887955182072829132,-93.5210084033613445378120000000000000000000,6.122448979591836734694000,-81.5840714664244076015620000000000000000000,-77.4174047997577409345620000000000000000000,-62.6255859538848410076173323593864134404675,
NSW,Wagga,4,1000,Good,4,2026-09-28,5194203,5468763,Open,BM 64,9,False,5291972,Divazou,4,9,59,False,E.Bent,D.L.Delphin,False,2,16,Australia,Wagga,4,2026-09-28 05:10:00+00:00,4,Divazou,9,Sportsbet,18.000,4.200,TOP3,250.000,10.000,7.19887955182072829132,-93.5210084033613445378120000000000000000000,6.122448979591836734694000,-83.9971988795518207288120000000000000000000,-79.8305322128851540618120000000000000000000,-66.2250900360144057624174421768707482993200,
NSW,Wagga,4,1000,Good,4,2026-09-28,5194203,5468763,Open,BM 64,9,False,5291972,Divazou,4,9,59,False,E.Bent,D.L.Delphin,False,2,16,Australia,Wagga,4,2026-09-28 05:10:00+00:00,4,Divazou,9,UniBet,18.000,3.800,TOP3,250.000,10.000,7.19887955182072829132,-93.5210084033613445378120000000000000000000,6.122448979591836734694000,-82.1174996314315199773120000000000000000000,-77.9508329647648533103120000000000000000000,-63.4078966766762106511444099722991689750700,
NSW,Wagga,4,1000,Good,4,2026-09-28,5194203,5468763,Open,BM 64,9,False,5291972,Divazou,4,9,59,False,E.Bent,D.L.Delphin,False,2,16,Australia,Wagga,4,2026-09-28 05:10:00+00:00,4,Divazou,9,Surge ,19.000,3.600,TOP3,250.000,10.000,7.59903961584633853541,-93.1608643457382953181310000000000000000000,6.482593037214885954382000,-80.2222678545102251421310000000000000000000,-76.2748994334575935633810000000000000000000,-61.2286031371612972670106296296296296296300,
NSW,Wagga,7,1200,Good,4,2026-09-28,5194203,5468766,Open,BM 70,8,False,5292030,Theos Choice,13,7,55,True,,W.Carroll,False,12,15,,,,,,,,,,,,,,,,,,,,
VIC,Park Kilmore,7,1600,Good,3,2026-09-28,5195834,5469786,Open,BM 0-57,14,False,5292304,Real Alliance,10,5,60.5,False,B.R.Kinninmont,L.F.Oliver,False,7,,Australia,Kilmore,7,2026-09-28 06:30:00+00:00,10,Real Alliance,14,Betr,11.000,3.300,TOP3,24.000,8.000,45.94481605351170568562,-57.7307692307692307692296000000000000000000,38.461538461538461538462000,-48.6398601398601398602296000000000000000000,-41.8216783216783216784796000000000000000000,-25.9814579360033905490925476584022038567500,
VIC,Park Kilmore,7,1600,Good,3,2026-09-28,5195834,5469786,Open,BM 0-57,14,False,5292304,Real Alliance,10,5,60.5,False,B.R.Kinninmont,L.F.Oliver,False,7,,Australia,Kilmore,7,2026-09-28 06:30:00+00:00,10,Real Alliance,14,Dabble,11.000,3.500,TOP3,24.000,8.000,45.94481605351170568562,-57.7307692307692307692296000000000000000000,38.461538461538461538462000,-49.9385614385614385609796000000000000000000,-43.1203796203796203792296000000000000000000,-27.8142571714000285423571510204081632653075,
VIC,Park Kilmore,7,1600,Good,3,2026-09-28,5195834,5469786,Open,BM 0-57,14,False,5292304,Real Alliance,10,5,60.5,False,B.R.Kinninmont,L.F.Oliver,False,7,,Australia,Kilmore,7,2026-09-28 06:30:00+00:00,10,Real Alliance,14,Ladbrokes,11.000,3.400,TOP3,24.000,8.000,45.94481605351170568562,-57.7307692307692307692296000000000000000000,38.461538461538461538462000,-49.3083093377211024269796000000000000000000,-42.4901275195392842452296000000000000000000,-26.9191932634839209234847903114186851211075,
VIC,Park Kilmore,7,1600,Good,3,2026-09-28,5195834,5469786,Open,BM 0-57,14,False,5292304,Real Alliance,10,5,60.5,False,B.R.Kinninmont,L.F.Oliver,False,7,,Australia,Kilmore,7,2026-09-28 06:30:00+00:00,10,Real Alliance,14,Sportsbet,11.000,3.100,TOP3,24.000,8.000,45.94481605351170568562,-57.7307692307692307692296000000000000000000,38.461538461538461538462000,-47.1735844800360929392296000000000000000000,-40.3554026618542747574796000000000000000000,-23.9662247222080728844478622268470343392300,
VIC,Park Kilmore,7,1600,Good,3,2026-09-28,5195834,5469786,Open,BM 0-57,14,False,5292304,Real Alliance,10,5,60.5,False,B.R.Kinninmont,L.F.Oliver,False,7,,Australia,Kilmore,7,2026-09-28 06:30:00+00:00,10,Real Alliance,14,UniBet,11.000,3.500,TOP3,24.000,8.000,45.94481605351170568562,-57.7307692307692307692296000000000000000000,38.461538461538461538462000,-49.9385614385614385609796000000000000000000,-43.1203796203796203792296000000000000000000,-27.8142571714000285423571510204081632653075,
VIC,Park Kilmore,7,1600,Good,3,2026-09-28,5195834,5469786,Open,BM 0-57,14,False,5292304,Real Alliance,10,5,60.5,False,B.R.Kinninmont,L.F.Oliver,False,7,,Australia,Kilmore,7,2026-09-28 06:30:00+00:00,10,Real Alliance,14,Surge ,11.000,3.500,TOP3,24.000,8.000,45.94481605351170568562,-57.7307692307692307692296000000000000000000,38.461538461538461538462000,-49.9385614385614385609796000000000000000000,-43.1203796203796203792296000000000000000000,-27.8142571714000285423571510204081632653075,
WA,Bunbury,7,1695,Soft,5,2026-09-28,5196062,5466017,Open,BM 58,12,False,5292690,Pavliani,12,7,54,False,L.F.Fiore,J.S.Humphries,False,9,,Australia,Bunbury,7,2026-09-28 08:54:00+00:00,12,Pavliani,12,Betr,34.000,4.800,TOP3,600.000,8.000,5.66575543405787438325,-94.7875050006667555674100000000000000000000,5.060674756634217895719000,-83.5742697065491085086600000000000000000000,-81.3683873536079320381600000000000000000000,-68.9985956869412653716391666666666666666675,
WA,Bunbury,7,1695,Soft,5,2026-09-28,5196062,5466017,Open,BM 58,12,False,5292690,Pavliani,12,7,54,False,L.F.Fiore,J.S.Humphries,False,9,,Australia,Bunbury,7,2026-09-28 08:54:00+00:00,12,Pavliani,12,Dabble,34.000,4.400,TOP3,600.000,8.000,5.66575543405787438325,-94.7875050006667555674100000000000000000000,5.060674756634217895719000,-82.1538151610945630536600000000000000000000,-79.9479328081533865831600000000000000000000,-66.7764452048476014590814876033057851239675,
WA,Bunbury,7,1695,Soft,5,2026-09-28,5196062,5466017,Open,BM 58,12,False,5292690,Pavliani,12,7,54,False,L.F.Fiore,J.S.Humphries,False,9,,Australia,Bunbury,7,2026-09-28 08:54:00+00:00,12,Pavliani,12,Ladbrokes,41.000,4.500,TOP3,600.000,8.000,6.83257767702360314709,-93.7140285371382851046772000000000000000000,6.134151220162688358448000,-80.7058984558374720966772000000000000000000,-78.8766301631545452674272000000000000000000,-65.9136672001915823045568296296296296296300,
WA,Bunbury,7,1695,Soft,5,2026-09-28,5196062,5466017,Open,BM 58,12,False,5292690,Pavliani,12,7,54,False,L.F.Fiore,J.S.Humphries,False,9,,Australia,Bunbury,7,2026-09-28 08:54:00+00:00,12,Pavliani,12,Sportsbet,35.000,6.250,TOP3,600.000,8.000,5.83244432591012134951,-94.6341512201626883584508000000000000000000,5.214028537138285104681000,-86.9198655058769740729508000000000000000000,-84.7770083630198312157008000000000000000000,-74.6970083630198312157008000000000000000000,
WA,Bunbury,7,1695,Soft,5,2026-09-28,5196062,5466017,Open,BM 58,12,False,5292690,Pavliani,12,7,54,False,L.F.Fiore,J.S.Humphries,False,9,,Australia,Bunbury,7,2026-09-28 08:54:00+00:00,12,Pavliani,12,UniBet,23.000,4.200,TOP3,600.000,8.000,3.83217762368315775437,-96.4743965862114948659796000000000000000000,3.373783171089478597146000,-85.1389928595034203314796000000000000000000,-81.8781232942860290272296000000000000000000,-68.2726811174152807278350421768707482993200,
WA,Bunbury,7,1695,Soft,5,2026-09-28,5196062,5466017,Open,BM 58,12,False,5292690,Pavliani,12,7,54,False,L.F.Fiore,J.S.Humphries,False,9,,Australia,Bunbury,7,2026-09-28 08:54:00+00:00,12,Pavliani,12,Surge ,41.000,4.800,TOP3,600.000,8.000,6.83257767702360314709,-93.7140285371382851046772000000000000000000,6.134151220162688358448000,-81.7475651225041387634272000000000000000000,-79.9182968298212119341772000000000000000000,-67.5485051631545452676563666666666666666675,
VIC,Southside Cranbourne,2,800,Good,4,2026-09-28,5197870,5482046,Nominations,Trial,8,True,5292990,Street Conqueror,0,,,False,,E.Jusufovic,False,1,8,,,,,,,,,,,,,,,,,,,,
NSW,Tamworth,5,1600,Good,4,2026-09-28,5196006,5468328,Open,BM 58,8,False,5293810,Need A Miracle,2,9,63,False,J.Partridge,P.J.Isaac,False,4,32,Australia,Tamworth,5,2026-09-28 06:05:00+00:00,2,Need A Miracle,8,Betr,4.600,1.620,TOP3,11.500,10.000,40.26315789473684210526,-63.7631578947368421052660000000000000000000,28.421052631578947368421000,-50.0755572506144588527660000000000000000000,-33.7712094245275023307660000000000000000000,-16.0528738049573148593917430269775948788300,
NSW,Tamworth,5,1600,Good,4,2026-09-28,5196006,5468328,Open,BM 58,8,False,5293810,Need A Miracle,2,9,63,False,J.Partridge,P.J.Isaac,False,4,32,Australia,Tamworth,5,2026-09-28 06:05:00+00:00,2,Need A Miracle,8,Dabble,4.600,1.650,TOP3,11.500,10.000,40.26315789473684210526,-63.7631578947368421052660000000000000000000,28.421052631578947368421000,-50.9173080923653006035160000000000000000000,-34.6129602662783440815160000000000000000000,-16.7066241781240741091268815426997245179075,
NSW,Tamworth,5,1600,Good,4,2026-09-28,5196006,5468328,Open,BM 58,8,False,5293810,Need A Miracle,2,9,63,False,J.Partridge,P.J.Isaac,False,4,32,Australia,Tamworth,5,2026-09-28 06:05:00+00:00,2,Need A Miracle,8,Ladbrokes,4.600,1.700,TOP3,11.500,10.000,40.26315789473684210526,-63.7631578947368421052660000000000000000000,28.421052631578947368421000,-52.2542064880872257377660000000000000000000,-35.9498586620002692157660000000000000000000,-17.7837686966023453402867612456747404844300,
NSW,Tamworth,5,1600,Good,4,2026-09-28,5196006,5468328,Open,BM 58,8,False,5293810,Need A Miracle,2,9,63,False,J.Partridge,P.J.Isaac,False,4,32,Australia,Tamworth,5,2026-09-28 06:05:00+00:00,2,Need A Miracle,8,Sportsbet,5.000,1.750,TOP3,11.500,10.000,43.77192982456140350877,-60.6052631578947368421070000000000000000000,31.578947368421052631579000,-47.7481203007518796993570000000000000000000,-32.7481203007518796993570000000000000000000,-14.3807733619763694952600612244897959183675,
NSW,Tamworth,5,1600,Good,4,2026-09-28,5196006,5468328,Open,BM 58,8,False,5293810,Need A Miracle,2,9,63,False,J.Partridge,P.J.Isaac,False,4,32,Australia,Tamworth,5,2026-09-28 06:05:00+00:00,2,Need A Miracle,8,UniBet,4.800,1.700,TOP3,11.500,10.000,42.01754385964912280702,-62.1842105263157894736820000000000000000000,30.000000000000000000000000,-49.3165634674922600616820000000000000000000,-33.6915634674922600619320000000000000000000,-15.5254735020943361864527612456747404844300,
NSW,Tamworth,5,1600,Good,4,2026-09-28,5196006,5468328,Open,BM 58,8,False,5293810,Need A Miracle,2,9,63,False,J.Partridge,P.J.Isaac,False,4,32,Australia,Tamworth,5,2026-09-28 06:05:00+00:00,2,Need A Miracle,8,Surge ,4.800,1.750,TOP3,11.500,10.000,42.01754385964912280702,-62.1842105263157894736820000000000000000000,30.000000000000000000000000,-50.5770676691729323304320000000000000000000,-34.9520676691729323306820000000000000000000,-16.5847207303974221265850612244897959183675,
NSW,Warwick Farm,4,795,Soft,5,2026-09-28,5197463,5481986,Paying,Trial,9,True,5294431,Willaidow,9,0,,False,A.J.Calder,Marc & Mitchell Conners,False,1,3,,,,,,,,,,,,,,,,,,,,
WA,Bunbury,5,1000,Soft,5,2026-09-28,5196062,5466016,Open,BM 58,8,False,5294604,Firey Panz,7,4,54,False,C.A.Cooper,P.J.Naylor,False,23,45,Australia,Bunbury,5,2026-09-28 07:42:00+00:00,7,Firey Panz,8,Betr,26.000,4.400,TOP3,600.000,8.000,4.33224429923989865315,-96.0143352446992932391020000000000000000000,3.833844512601680224030000,-84.7381114684755170153520000000000000000000,-81.8534960838601323998520000000000000000000,-68.6820084805543472757734876033057851239675,
WA,Bunbury,5,1000,Soft,5,2026-09-28,5196062,5466016,Open,BM 58,8,False,5294604,Firey Panz,7,4,54,False,C.A.Cooper,P.J.Naylor,False,23,45,Australia,Bunbury,5,2026-09-28 07:42:00+00:00,7,Firey Panz,8,Dabble,26.000,3.900,TOP3,600.000,8.000,4.33224429923989865315,-96.0143352446992932391020000000000000000000,3.833844512601680224030000,-82.5527967831608317006020000000000000000000,-79.6681813985454470851020000000000000000000,-65.3683786372042242052864181459566074950700,
WA,Bunbury,5,1000,Soft,5,2026-09-28,5196062,5466016,Open,BM 58,8,False,5294604,Firey Panz,7,4,54,False,C.A.Cooper,P.J.Naylor,False,23,45,Australia,Bunbury,5,2026-09-28 07:42:00+00:00,7,Firey Panz,8,Ladbrokes,26.000,4.000,TOP3,600.000,8.000,4.33224429923989865315,-96.0143352446992932391020000000000000000000,3.833844512601680224030000,-83.0335660139300624701020000000000000000000,-80.1489506293146778546020000000000000000000,-66.0864506293146778546020000000000000000000,
WA,Bunbury,5,1000,Soft,5,2026-09-28,5196062,5466016,Open,BM 58,8,False,5294604,Firey Panz,7,4,54,False,C.A.Cooper,P.J.Naylor,False,23,45,Australia,Bunbury,5,2026-09-28 07:42:00+00:00,7,Firey Panz,8,Sportsbet,27.000,5.250,TOP3,600.000,8.000,4.49893319109214561942,-95.8609814641952260301336000000000000000000,3.987198293105747432991000,-87.1308227340364958718836000000000000000000,-84.3530449562587180938836000000000000000000,-72.7884191059185820394839401360544217687075,
WA,Bunbury,5,1000,Soft,5,2026-09-28,5196062,5466016,Open,BM 58,8,False,5294604,Firey Panz,7,4,54,False,C.A.Cooper,P.J.Naylor,False,23,45,Australia,Bunbury,5,2026-09-28 07:42:00+00:00,7,Firey Panz,8,UniBet,23.000,4.000,TOP3,600.000,8.000,3.83217762368315775437,-96.4743965862114948659796000000000000000000,3.373783171089478597146000,-84.2461357166462774744796000000000000000000,-80.9852661514288861702296000000000000000000,-66.9227661514288861702296000000000000000000,
WA,Bunbury,5,1000,Soft,5,2026-09-28,5196062,5466016,Open,BM 58,8,False,5294604,Firey Panz,7,4,54,False,C.A.Cooper,P.J.Naylor,False,23,45,Australia,Bunbury,5,2026-09-28 07:42:00+00:00,7,Firey Panz,8,Surge ,26.000,3.900,TOP3,600.000,8.000,4.33224429923989865315,-96.0143352446992932391020000000000000000000,3.833844512601680224030000,-82.5527967831608317006020000000000000000000,-79.6681813985454470851020000000000000000000,-65.3683786372042242052864181459566074950700,
SA,Morphettville Parks,9,1000,Good,4,2026-09-28,5197445,5482079,Paying,Trial,6,True,5294629,Flying Ace,2,0,,False,A.Stone,L.G.O'Connor,False,4,,,,,,,,,,,,,,,,,,,,,
SA,Morphettville Parks,9,1000,Good,4,2026-09-28,5197445,5482079,Paying,Trial,6,True,5294783,Jazz Affair,1,0,,False,J.Toeroek,Richard & Chantelle Jolly,False,1,,,,,,,,,,,,,,,,,,,,,
VIC,Southside Cranbourne,12,1000,Good,4,2026-09-28,5197870,5482056,Nominations,Trial,11,True,5295562,El Soleado,0,,,False,,J.R.Laing,False,1,,,,,,,,,,,,,,,,,,,,,
NSW,Tamworth,7,1000,Good,4,2026-09-28,5196006,5468327,Open,BM 70,9,False,5295702,Northern Boogie,10,10,55,False,G.Buckley,P.J.Duffy,False,19,36,Australia,Tamworth,7,2026-09-28 07:15:00+00:00,10,Northern Boogie,9,Dabble,26.000,4.200,TOP3,310.000,10.000,8.38657631494030332365,-92.4520813165537270087150000000000000000000,7.260406582768635043562000,-80.3641692286416390967150000000000000000000,-77.4795538440262544812150000000000000000000,-63.8741116671555061818204421768707482993200,
NSW,Tamworth,7,1000,Good,4,2026-09-28,5196006,5468327,Open,BM 70,9,False,5295702,Northern Boogie,10,10,55,False,G.Buckley,P.J.Duffy,False,19,36,Australia,Tamworth,7,2026-09-28 07:15:00+00:00,10,Northern Boogie,9,Ladbrokes,27.000,4.600,TOP3,310.000,10.000,8.70926105195224265892,-92.1616650532429816069720000000000000000000,7.550822846079380445305000,-81.4128727827115806409720000000000000000000,-78.6350950049338028629720000000000000000000,-65.8751706193005325414634933837429111531200,
NSW,Tamworth,7,1000,Good,4,2026-09-28,5196006,5468327,Open,BM 70,9,False,5295702,Northern Boogie,10,10,55,False,G.Buckley,P.J.Duffy,False,19,36,Australia,Tamworth,7,2026-09-28 07:15:00+00:00,10,Northern Boogie,9,Sportsbet,27.000,5.750,TOP3,310.000,10.000,8.70926105195224265892,-92.1616650532429816069720000000000000000000,7.550822846079380445305000,-84.6737423479289719452220000000000000000000,-81.8959645701511941672220000000000000000000,-71.1209173111719881178387296786389413988675,
NSW,Tamworth,7,1000,Good,4,2026-09-28,5196006,5468327,Open,BM 70,9,False,5295702,Northern Boogie,10,10,55,False,G.Buckley,P.J.Duffy,False,19,36,Australia,Tamworth,7,2026-09-28 07:15:00+00:00,10,Northern Boogie,9,UniBet,26.000,4.600,TOP3,310.000,10.000,8.38657631494030332365,-92.4520813165537270087150000000000000000000,7.260406582768635043562000,-81.9169642596975397177150000000000000000000,-79.0323488750821551022150000000000000000000,-66.2724244894488847807064933837429111531200,
NSW,Tamworth,7,1000,Good,4,2026-09-28,5196006,5468327,Open,BM 70,9,False,5295702,Northern Boogie,10,10,55,False,G.Buckley,P.J.Duffy,False,19,36,Australia,Tamworth,7,2026-09-28 07:15:00+00:00,10,Northern Boogie,9,Surge ,31.000,4.600,TOP3,310.000,10.000,10.00000000000000000000,-91.0000000000000000000000000000000000000000,8.712487899322362052275000,-79.5343618513323983170000000000000000000000,-77.1150070126227208975000000000000000000000,-64.3550826269894505759914933837429111531200,
NSW,Tamworth,7,1000,Good,4,2026-09-28,5196006,5468327,Open,BM 70,9,False,5295702,Northern Boogie,10,10,55,False,G.Buckley,P.J.Duffy,False,19,36,Australia,Tamworth,7,2026-09-28 07:15:00+00:00,10,Northern Boogie,9,Betr,29.000,5.000,TOP3,310.000,10.000,9.35463052597612132946,-91.5808325266214908034860000000000000000000,8.131655372700871248790000,-81.7532463197249390789860000000000000000000,-79.1670394231732149412360000000000000000000,-67.1670394231732149412360000000000000000000,
WA,Bunbury,4,2025,Soft,5,2026-09-28,5196062,5466015,Open,Maiden,11,False,5296469,Going Hard,2,1,58,False,N.J.Riordan,M.H.Miller,False,16,3,,,,,,,,,,,,,,,,,,,,
SA,Morphettville Parks,8,1000,Good,4,2026-09-28,5197445,5482078,Paying,Trial,9,True,5297778,Enterprise Lassie,7,0,,False,A.J.Stead,S.Whittle,False,1,5,,,,,,,,,,,,,,,,,,,,
NSW,Tamworth,5,1600,Good,4,2026-09-28,5196006,5468328,Open,BM 58,8,False,5297831,Smart Lily,10,5,55,False,M.Weir,W.T.Wilkes,False,6,,Australia,Tamworth,5,2026-09-28 06:05:00+00:00,10,Smart Lily,8,Betr,13.000,3.100,TOP3,48.000,10.000,27.11899791231732776618,-75.5929018789144050104380000000000000000000,22.546972860125260960334000,-62.9378150302791692789380000000000000000000,-57.1685842610484000479380000000000000000000,-40.7794063214021981749062622268470343392300,
NSW,Tamworth,5,1600,Good,4,2026-09-28,5196006,5468328,Open,BM 58,8,False,5297831,Smart Lily,10,5,55,False,M.Weir,W.T.Wilkes,False,6,,Australia,Tamworth,5,2026-09-28 06:05:00+00:00,10,Smart Lily,8,Dabble,13.000,3.300,TOP3,48.000,10.000,27.11899791231732776618,-75.5929018789144050104380000000000000000000,22.546972860125260960334000,-64.4040906901032161999380000000000000000000,-58.6348599208724469689380000000000000000000,-42.7946395351975158395509476584022038567500,
NSW,Tamworth,5,1600,Good,4,2026-09-28,5196006,5468328,Open,BM 58,8,False,5297831,Smart Lily,10,5,55,False,M.Weir,W.T.Wilkes,False,6,,Australia,Tamworth,5,2026-09-28 06:05:00+00:00,10,Smart Lily,8,Ladbrokes,13.000,3.100,TOP3,48.000,10.000,27.11899791231732776618,-75.5929018789144050104380000000000000000000,22.546972860125260960334000,-62.9378150302791692789380000000000000000000,-57.1685842610484000479380000000000000000000,-40.7794063214021981749062622268470343392300,
NSW,Tamworth,5,1600,Good,4,2026-09-28,5196006,5468328,Open,BM 58,8,False,5297831,Smart Lily,10,5,55,False,M.Weir,W.T.Wilkes,False,6,,Australia,Tamworth,5,2026-09-28 06:05:00+00:00,10,Smart Lily,8,Sportsbet,13.000,3.400,TOP3,48.000,10.000,27.11899791231732776618,-75.5929018789144050104380000000000000000000,22.546972860125260960334000,-65.0725398879641787666880000000000000000000,-59.3033091187334095356880000000000000000000,-43.7323748626780462139431903114186851211075,
NSW,Tamworth,5,1600,Good,4,2026-09-28,5196006,5468328,Open,BM 58,8,False,5297831,Smart Lily,10,5,55,False,M.Weir,W.T.Wilkes,False,6,,Australia,Tamworth,5,2026-09-28 06:05:00+00:00,10,Smart Lily,8,UniBet,13.000,3.500,TOP3,48.000,10.000,27.11899791231732776618,-75.5929018789144050104380000000000000000000,22.546972860125260960334000,-65.7027919888045149006880000000000000000000,-59.9335612195737456696880000000000000000000,-44.6274387705941538328155510204081632653075,
NSW,Tamworth,5,1600,Good,4,2026-09-28,5196006,5468328,Open,BM 58,8,False,5297831,Smart Lily,10,5,55,False,M.Weir,W.T.Wilkes,False,6,,Australia,Tamworth,5,2026-09-28 06:05:00+00:00,10,Smart Lily,8,Surge ,13.000,3.300,TOP3,48.000,10.000,27.11899791231732776618,-75.5929018789144050104380000000000000000000,22.546972860125260960334000,-64.4040906901032161999380000000000000000000,-58.6348599208724469689380000000000000000000,-42.7946395351975158395509476584022038567500,
VIC,Southside Cranbourne,1,800,Good,4,2026-09-28,5197870,5482045,Nominations,Trial,8,True,5298239,Rey Magnerio,0,,,False,,R.D.Griffiths,False,1,12,,,,,,,,,,,,,,,,,,,,
WA,Bunbury,4,2025,Soft,5,2026-09-28,5196062,5466015,Open,Maiden,11,False,5298380,Hesnotallthere,4,6,58,False,P.J.Harvey,T.W.M.Widdeson,False,8,,Australia,Bunbury,4,2026-09-28 07:04:00+00:00,4,Hesnotallthere,11,Betr,8.500,2.300,TOP3,19.000,8.000,44.87315010570824524313,-58.7167019027484143763204000000000000000000,36.469344608879492600423000,-43.7550650741039130970704000000000000000000,-34.9315356623392072150704000000000000000000,-16.5005337719800389731341996219281663516075,
WA,Bunbury,4,2025,Soft,5,2026-09-28,5196062,5466015,Open,Maiden,11,False,5298380,Hesnotallthere,4,6,58,False,P.J.Harvey,T.W.M.Widdeson,False,8,,Australia,Bunbury,4,2026-09-28 07:04:00+00:00,4,Hesnotallthere,11,Dabble,8.500,2.500,TOP3,19.000,8.000,44.87315010570824524313,-58.7167019027484143763204000000000000000000,36.469344608879492600423000,-46.3637607262778261403204000000000000000000,-37.5402313145131202583204000000000000000000,-19.5402313145131202583204000000000000000000,
WA,Bunbury,4,2025,Soft,5,2026-09-28,5196062,5466015,Open,Maiden,11,False,5298380,Hesnotallthere,4,6,58,False,P.J.Harvey,T.W.M.Widdeson,False,8,,Australia,Bunbury,4,2026-09-28 07:04:00+00:00,4,Hesnotallthere,11,Ladbrokes,8.500,2.350,TOP3,19.000,8.000,44.87315010570824524313,-58.7167019027484143763204000000000000000000,36.469344608879492600423000,-44.4488671092565495443204000000000000000000,-35.6253376974918436623204000000000000000000,-17.2912498749477060434503230421004979628800,
WA,Bunbury,4,2025,Soft,5,2026-09-28,5196062,5466015,Open,Maiden,11,False,5298380,Hesnotallthere,4,6,58,False,P.J.Harvey,T.W.M.Widdeson,False,8,,Australia,Bunbury,4,2026-09-28 07:04:00+00:00,4,Hesnotallthere,11,Sportsbet,9.000,2.380,TOP3,19.000,8.000,47.51585623678646934461,-56.2854122621564482029588000000000000000000,38.900634249471458773784000,-41.4394738868063081469588000000000000000000,-33.1061405534729748137088000000000000000000,-14.8341258652447423442806169620789492267500,
WA,Bunbury,4,2025,Soft,5,2026-09-28,5196062,5466015,Open,Maiden,11,False,5298380,Hesnotallthere,4,6,58,False,P.J.Harvey,T.W.M.Widdeson,False,8,,Australia,Bunbury,4,2026-09-28 07:04:00+00:00,4,Hesnotallthere,11,UniBet,8.500,2.400,TOP3,19.000,8.000,44.87315010570824524313,-58.7167019027484143763204000000000000000000,36.469344608879492600423000,-45.1137607262778261400704000000000000000000,-36.2902313145131202580704000000000000000000,-18.0610646478464535913620666666666666666675,
WA,Bunbury,4,2025,Soft,5,2026-09-28,5196062,5466015,Open,Maiden,11,False,5298380,Hesnotallthere,4,6,58,False,P.J.Harvey,T.W.M.Widdeson,False,8,,Australia,Bunbury,4,2026-09-28 07:04:00+00:00,4,Hesnotallthere,11,Surge ,8.500,2.500,TOP3,19.000,8.000,44.87315010570824524313,-58.7167019027484143763204000000000000000000,36.469344608879492600423000,-46.3637607262778261403204000000000000000000,-37.5402313145131202583204000000000000000000,-19.5402313145131202583204000000000000000000,
VIC,Southside Cranbourne,2,800,Good,4,2026-09-28,5197870,5482046,Nominations,Trial,8,True,5299730,Bangholme,0,,,False,,A.R.Mcgregor,False,1,3,,,,,,,,,,,,,,,,,,,,
NSW,Tamworth,5,1600,Good,4,2026-09-28,5196006,5468328,Open,BM 58,8,False,5299841,Blazed Prince,5,11,58.5,False,A.Bullock,C.Clegg,False,7,4,Australia,Tamworth,5,2026-09-28 06:05:00+00:00,5,Blazed Prince,8,Betr,5.000,1.720,TOP3,13.000,10.000,38.68217054263565891473,-65.1860465116279069767430000000000000000000,27.906976744186046511628000,-51.5813953488372093019930000000000000000000,-36.5813953488372093019930000000000000000000,-18.3282855597620335313600903190914007571675,
NSW,Tamworth,5,1600,Good,4,2026-09-28,5196006,5468328,Open,BM 58,8,False,5299841,Blazed Prince,5,11,58.5,False,A.Bullock,C.Clegg,False,7,4,Australia,Tamworth,5,2026-09-28 06:05:00+00:00,5,Blazed Prince,8,Dabble,4.800,1.800,TOP3,13.000,10.000,37.13178294573643410853,-66.5813953488372093023230000000000000000000,26.511627906976744186047000,-56.1647286821705426348230000000000000000000,-40.5397286821705426350730000000000000000000,-22.0212101636520241165915185185185185185200,
NSW,Tamworth,5,1600,Good,4,2026-09-28,5196006,5468328,Open,BM 58,8,False,5299841,Blazed Prince,5,11,58.5,False,A.Bullock,C.Clegg,False,7,4,Australia,Tamworth,5,2026-09-28 06:05:00+00:00,5,Blazed Prince,8,Ladbrokes,4.800,1.750,TOP3,13.000,10.000,37.13178294573643410853,-66.5813953488372093023230000000000000000000,26.511627906976744186047000,-54.9742524916943521590730000000000000000000,-39.3492524916943521593230000000000000000000,-20.9819055529188419552260612244897959183675,
NSW,Tamworth,5,1600,Good,4,2026-09-28,5196006,5468328,Open,BM 58,8,False,5299841,Blazed Prince,5,11,58.5,False,A.Bullock,C.Clegg,False,7,4,Australia,Tamworth,5,2026-09-28 06:05:00+00:00,5,Blazed Prince,8,Sportsbet,4.800,1.750,TOP3,13.000,10.000,37.13178294573643410853,-66.5813953488372093023230000000000000000000,26.511627906976744186047000,-54.9742524916943521590730000000000000000000,-39.3492524916943521593230000000000000000000,-20.9819055529188419552260612244897959183675,
NSW,Tamworth,5,1600,Good,4,2026-09-28,5196006,5468328,Open,BM 58,8,False,5299841,Blazed Prince,5,11,58.5,False,A.Bullock,C.Clegg,False,7,4,Australia,Tamworth,5,2026-09-28 06:05:00+00:00,5,Blazed Prince,8,UniBet,5.000,1.750,TOP3,13.000,10.000,38.68217054263565891473,-65.1860465116279069767430000000000000000000,27.906976744186046511628000,-52.3289036544850498339930000000000000000000,-37.3289036544850498339930000000000000000000,-18.9615567157095396298960612244897959183675,
NSW,Tamworth,5,1600,Good,4,2026-09-28,5196006,5468328,Open,BM 58,8,False,5299841,Blazed Prince,5,11,58.5,False,A.Bullock,C.Clegg,False,7,4,Australia,Tamworth,5,2026-09-28 06:05:00+00:00,5,Blazed Prince,8,Surge ,4.800,1.750,TOP3,13.000,10.000,37.13178294573643410853,-66.5813953488372093023230000000000000000000,26.511627906976744186047000,-54.9742524916943521590730000000000000000000,-39.3492524916943521593230000000000000000000,-20.9819055529188419552260612244897959183675,
VIC,Park Kilmore,7,1600,Good,3,2026-09-28,5195834,5469786,Open,BM 0-57,14,False,5300076,Spirit Angel,15,6,57,False,N.Punch,B.Mcgrath,False,3,,Australia,Kilmore,7,2026-09-28 06:30:00+00:00,15,Spirit Angel,14,Betr,23.000,5.500,TOP3,250.000,8.000,9.19894366197183098592,-91.5369718309859154929536000000000000000000,8.098591549295774647887000,-84.4223473250570617379536000000000000000000,-81.1614777598396704337036000000000000000000,-70.0044529664512406817242611570247933884300,
VIC,Park Kilmore,7,1600,Good,3,2026-09-28,5195834,5469786,Open,BM 0-57,14,False,5300076,Spirit Angel,15,6,57,False,N.Punch,B.Mcgrath,False,3,,Australia,Kilmore,7,2026-09-28 06:30:00+00:00,15,Spirit Angel,14,Dabble,23.000,4.800,TOP3,250.000,8.000,9.19894366197183098592,-91.5369718309859154929536000000000000000000,8.098591549295774647887000,-82.4337109614206981017036000000000000000000,-79.1728413962033067974536000000000000000000,-66.8030497295366401309327666666666666666675,
VIC,Park Kilmore,7,1600,Good,3,2026-09-28,5195834,5469786,Open,BM 0-57,14,False,5300076,Spirit Angel,15,6,57,False,N.Punch,B.Mcgrath,False,3,,Australia,Kilmore,7,2026-09-28 06:30:00+00:00,15,Spirit Angel,14,Ladbrokes,23.000,5.500,TOP3,250.000,8.000,9.19894366197183098592,-91.5369718309859154929536000000000000000000,8.098591549295774647887000,-84.4223473250570617379536000000000000000000,-81.1614777598396704337036000000000000000000,-70.0044529664512406817242611570247933884300,
VIC,Park Kilmore,7,1600,Good,3,2026-09-28,5195834,5469786,Open,BM 0-57,14,False,5300076,Spirit Angel,15,6,57,False,N.Punch,B.Mcgrath,False,3,,Australia,Kilmore,7,2026-09-28 06:30:00+00:00,15,Spirit Angel,14,Sportsbet,23.000,5.250,TOP3,250.000,8.000,9.19894366197183098592,-91.5369718309859154929536000000000000000000,8.098591549295774647887000,-83.7729966757064123872036000000000000000000,-80.5121271104890210829536000000000000000000,-68.9475012601488850285539401360544217687075,
VIC,Park Kilmore,7,1600,Good,3,2026-09-28,5195834,5469786,Open,BM 0-57,14,False,5300076,Spirit Angel,15,6,57,False,N.Punch,B.Mcgrath,False,3,,Australia,Kilmore,7,2026-09-28 06:30:00+00:00,15,Spirit Angel,14,UniBet,23.000,5.500,TOP3,250.000,8.000,9.19894366197183098592,-91.5369718309859154929536000000000000000000,8.098591549295774647887000,-84.4223473250570617379536000000000000000000,-81.1614777598396704337036000000000000000000,-70.0044529664512406817242611570247933884300,
VIC,Park Kilmore,7,1600,Good,3,2026-09-28,5195834,5469786,Open,BM 0-57,14,False,5300076,Spirit Angel,15,6,57,False,N.Punch,B.Mcgrath,False,3,,Australia,Kilmore,7,2026-09-28 06:30:00+00:00,15,Spirit Angel,14,Surge ,23.000,5.000,TOP3,250.000,8.000,9.19894366197183098592,-91.5369718309859154929536000000000000000000,8.098591549295774647887000,-83.0587109614206981014536000000000000000000,-79.7978413962033067972036000000000000000000,-67.7978413962033067972036000000000000000000,
SA,Morphettville Parks,1,800,Good,4,2026-09-28,5197445,5482082,Paying,Trial,3,True,5300151,Zoupurring,7,0,,False,A.Webb,M.J.Hickmott,False,1,28,,,,,,,,,,,,,,,,,,,,
NSW,Wagga,2,2000,Good,4,2026-09-28,5194203,5468765,Paying,BM 64,6,False,5302311,Helluva Soiree,2,8,60,False,C.Ramsbotham,L.J.Pepper,False,4,,,,,,,,,,,,,,,,,,,,,
NSW,Wagga,3,1600,Good,4,2026-09-28,5194203,5468764,Open,BM 70,5,False,5302432,Miss Stalwart,4,6,56.5,True,,N.J.Olive,False,29,18,,,,,,,,,,,,,,,,,,,,
WA,Bunbury,2,1100,Soft,5,2026-09-28,5196062,5466013,Open,Maiden,11,False,5302456,Profound Benefit,1,5,58,False,T.Atherden,B.W.Kersley,False,4,5,Australia,Bunbury,2,2026-09-28 05:52:00+00:00,1,Profound Benefit,11,Betr,16.000,3.600,TOP3,80.000,8.000,20.00750750750750750751,-81.5930930930930930930908000000000000000000,17.267267267267267267267000,-70.1347597597597597595908000000000000000000,-65.4472597597597597595908000000000000000000,-50.4009634634634634632204296296296296296300,
WA,Bunbury,2,1100,Soft,5,2026-09-28,5196062,5466013,Open,Maiden,11,False,5302456,Profound Benefit,1,5,58,False,T.Atherden,B.W.Kersley,False,4,5,Australia,Bunbury,2,2026-09-28 05:52:00+00:00,1,Profound Benefit,11,Dabble,15.000,3.800,TOP3,80.000,8.000,18.75625625625625625626,-82.7442442442442442442408000000000000000000,16.116116116116116116116000,-73.0074021389810863502408000000000000000000,-68.0074021389810863499908000000000000000000,-53.4644658508924436908232099722991689750700,
WA,Bunbury,2,1100,Soft,5,2026-09-28,5196062,5466013,Open,Maiden,11,False,5302456,Profound Benefit,1,5,58,False,T.Atherden,B.W.Kersley,False,4,5,Australia,Bunbury,2,2026-09-28 05:52:00+00:00,1,Profound Benefit,11,Ladbrokes,15.000,3.100,TOP3,80.000,8.000,18.75625625625625625626,-82.7442442442442442442408000000000000000000,16.116116116116116116116000,-68.5506958571474700512408000000000000000000,-63.5506958571474700509908000000000000000000,-47.1615179175012681779590622268470343392300,
WA,Bunbury,2,1100,Soft,5,2026-09-28,5196062,5466013,Open,Maiden,11,False,5302456,Profound Benefit,1,5,58,False,T.Atherden,B.W.Kersley,False,4,5,Australia,Bunbury,2,2026-09-28 05:52:00+00:00,1,Profound Benefit,11,Sportsbet,15.000,3.500,TOP3,80.000,8.000,18.75625625625625625626,-82.7442442442442442442408000000000000000000,16.116116116116116116116000,-71.3156728156728156729908000000000000000000,-66.3156728156728156727408000000000000000000,-51.0095503666932238358683510204081632653075,
WA,Bunbury,2,1100,Soft,5,2026-09-28,5196062,5466013,Open,Maiden,11,False,5302456,Profound Benefit,1,5,58,False,T.Atherden,B.W.Kersley,False,4,5,Australia,Bunbury,2,2026-09-28 05:52:00+00:00,1,Profound Benefit,11,UniBet,16.000,4.000,TOP3,80.000,8.000,20.00750750750750750751,-81.5930930930930930930908000000000000000000,17.267267267267267267267000,-72.2180930930930930930908000000000000000000,-67.5305930930930930930908000000000000000000,-53.4680930930930930930908000000000000000000,
WA,Bunbury,2,1100,Soft,5,2026-09-28,5196062,5466013,Open,Maiden,11,False,5302456,Profound Benefit,1,5,58,False,T.Atherden,B.W.Kersley,False,4,5,Australia,Bunbury,2,2026-09-28 05:52:00+00:00,1,Profound Benefit,11,Surge ,16.000,3.800,TOP3,80.000,8.000,20.00750750750750750751,-81.5930930930930930930908000000000000000000,17.267267267267267267267000,-71.2312509878299351985908000000000000000000,-66.5437509878299351985908000000000000000000,-52.0008146997412925394232099722991689750700,
NSW,Wagga,3,1600,Good,4,2026-09-28,5194203,5468764,Open,BM 70,5,False,5302626,Midnight Affair,6,2,55.5,False,C.Keatings,N.J.Olive,False,7,,Australia,Wagga,3,2026-09-28 04:35:00+00:00,6,Midnight Affair,5,Dabble,5.500,,,9.400,10.000,59.03225806451612903226,-46.8709677419354838709660000000000000000000,43.548387096774193548387000,,,,
NSW,Wagga,3,1600,Good,4,2026-09-28,5194203,5468764,Open,BM 70,5,False,5302626,Midnight Affair,6,2,55.5,False,C.Keatings,N.J.Olive,False,7,,Australia,Wagga,3,2026-09-28 04:35:00+00:00,6,Midnight Affair,5,Ladbrokes,5.500,2.350,TOP2,9.400,10.000,59.03225806451612903226,-46.8709677419354838709660000000000000000000,43.548387096774193548387000,-28.5924377612778436384660000000000000000000,-10.2583499387337060195959230421004979628800,6.32449635798118169530047120990081113908708415980470854549714073063382626856140800,
NSW,Wagga,3,1600,Good,4,2026-09-28,5194203,5468764,Open,BM 70,5,False,5302626,Midnight Affair,6,2,55.5,False,C.Keatings,N.J.Olive,False,7,,Australia,Wagga,3,2026-09-28 04:35:00+00:00,6,Midnight Affair,5,Sportsbet,5.000,2.200,TOP2,9.400,10.000,53.65591397849462365591,-51.7096774193548387096810000000000000000000,38.709677419354838709677000,-32.6187683284457478009310000000000000000000,-14.0237270061316982141851322314049586776875,1.65143179449667416490133727204425927190489037634041390615393586503654121986203125,
NSW,Wagga,3,1600,Good,4,2026-09-28,5194203,5468764,Open,BM 70,5,False,5302626,Midnight Affair,6,2,55.5,False,C.Keatings,N.J.Olive,False,7,,Australia,Wagga,3,2026-09-28 04:35:00+00:00,6,Midnight Affair,5,UniBet,5.500,2.350,TOP2,9.400,10.000,59.03225806451612903226,-46.8709677419354838709660000000000000000000,43.548387096774193548387000,-28.5924377612778436384660000000000000000000,-10.2583499387337060195959230421004979628800,6.32449635798118169530047120990081113908708415980470854549714073063382626856140800,
NSW,Wagga,3,1600,Good,4,2026-09-28,5194203,5468764,Open,BM 70,5,False,5302626,Midnight Affair,6,2,55.5,False,C.Keatings,N.J.Olive,False,7,,Australia,Wagga,3,2026-09-28 04:35:00+00:00,6,Midnight Affair,5,Surge ,5.500,2.500,TOP2,9.400,10.000,59.03225806451612903226,-46.8709677419354838709660000000000000000000,43.548387096774193548387000,-30.5073313782991202344660000000000000000000,-12.5073313782991202344660000000000000000000,4.77266862170087976553400000000000000000000000000000000000000000000000000000000000,
VIC,Park Kilmore,8,1200,Good,3,2026-09-28,5195834,5469789,Open,BM 58,12,False,5302682,Seeyou Raider,6,14,60,False,L.Currie,J.L.Thompson,False,2,7,Australia,Kilmore,8,2026-09-28 07:00:00+00:00,6,Seeyou Raider,12,Dabble,51.000,7.500,TOP3,290.000,8.000,17.58761037527593818985,-83.8193984547461368653380000000000000000000,15.866445916114790286976000,-76.7605749253343721595880000000000000000000,-75.2899866900402545125880000000000000000000,-66.6233200233735878461046666666666666666675,
VIC,Park Kilmore,8,1200,Good,3,2026-09-28,5195834,5469789,Open,BM 58,12,False,5302682,Seeyou Raider,6,14,60,False,L.Currie,J.L.Thompson,False,2,7,Australia,Kilmore,8,2026-09-28 07:00:00+00:00,6,Seeyou Raider,12,Ladbrokes,51.000,8.000,TOP3,290.000,8.000,17.58761037527593818985,-83.8193984547461368653380000000000000000000,15.866445916114790286976000,-77.3855749253343721593380000000000000000000,-75.9149866900402545123380000000000000000000,-67.7118616900402545123380000000000000000000,
VIC,Park Kilmore,8,1200,Good,3,2026-09-28,5195834,5469789,Open,BM 58,12,False,5302682,Seeyou Raider,6,14,60,False,L.Currie,J.L.Thompson,False,2,7,Australia,Kilmore,8,2026-09-28 07:00:00+00:00,6,Seeyou Raider,12,Sportsbet,51.000,10.250,TOP3,290.000,8.000,17.58761037527593818985,-83.8193984547461368653380000000000000000000,15.866445916114790286976000,-79.4435017546026648423380000000000000000000,-77.9729135193085471953380000000000000000000,-71.3697011457213966897454955383700178465200,
VIC,Park Kilmore,8,1200,Good,3,2026-09-28,5195834,5469789,Open,BM 58,12,False,5302682,Seeyou Raider,6,14,60,False,L.Currie,J.L.Thompson,False,2,7,Australia,Kilmore,8,2026-09-28 07:00:00+00:00,6,Seeyou Raider,12,UniBet,51.000,7.000,TOP3,290.000,8.000,17.58761037527593818985,-83.8193984547461368653380000000000000000000,15.866445916114790286976000,-76.0462892110486578738380000000000000000000,-74.5757009757545402268380000000000000000000,-65.3920275063667851249502448979591836734700,
VIC,Park Kilmore,8,1200,Good,3,2026-09-28,5195834,5469789,Open,BM 58,12,False,5302682,Seeyou Raider,6,14,60,False,L.Currie,J.L.Thompson,False,2,7,Australia,Kilmore,8,2026-09-28 07:00:00+00:00,6,Seeyou Raider,12,Surge ,51.000,7.000,TOP3,290.000,8.000,17.58761037527593818985,-83.8193984547461368653380000000000000000000,15.866445916114790286976000,-76.0462892110486578738380000000000000000000,-74.5757009757545402268380000000000000000000,-65.3920275063667851249502448979591836734700,
NSW,Tamworth,6,1200,Good,4,2026-09-28,5196006,5468324,Open,BM 78,9,False,5302821,Flywheel,1,8,64,False,J.Thompson,W.Oakenfull,False,2,22,Australia,Tamworth,6,2026-09-28 06:40:00+00:00,1,Flywheel,9,Betr,15.000,3.400,TOP3,600.000,10.000,2.49874979163193865644,-97.7511251875312552092040000000000000000000,2.100350058343057176196000,-85.6923016581194905039540000000000000000000,-80.6923016581194905037040000000000000000000,-65.1213674020641271819591903114186851211075,
NSW,Tamworth,6,1200,Good,4,2026-09-28,5196006,5468324,Open,BM 78,9,False,5302821,Flywheel,1,8,64,False,J.Thompson,W.Oakenfull,False,2,22,Australia,Tamworth,6,2026-09-28 06:40:00+00:00,1,Flywheel,9,Dabble,14.000,3.500,TOP3,600.000,10.000,2.33205534255709284881,-97.9011501916986164360710000000000000000000,1.950325054175695949325000,-87.1868644774129021498210000000000000000000,-81.8297216202700450070710000000000000000000,-66.5235991712904531701985510204081632653075,
NSW,Tamworth,6,1200,Good,4,2026-09-28,5196006,5468324,Open,BM 78,9,False,5302821,Flywheel,1,8,64,False,J.Thompson,W.Oakenfull,False,2,22,Australia,Tamworth,6,2026-09-28 06:40:00+00:00,1,Flywheel,9,Ladbrokes,14.000,3.200,TOP3,600.000,10.000,2.33205534255709284881,-97.9011501916986164360710000000000000000000,1.950325054175695949325000,-85.1779359059843307215710000000000000000000,-79.8207930488414735788210000000000000000000,-63.7075117988414735788210000000000000000000,
NSW,Tamworth,6,1200,Good,4,2026-09-28,5196006,5468324,Open,BM 78,9,False,5302821,Flywheel,1,8,64,False,J.Thompson,W.Oakenfull,False,2,22,Australia,Tamworth,6,2026-09-28 06:40:00+00:00,1,Flywheel,9,Sportsbet,15.000,3.600,TOP3,600.000,10.000,2.49874979163193865644,-97.7511251875312552092040000000000000000000,2.100350058343057176196000,-86.9177918541979218762040000000000000000000,-81.9177918541979218759540000000000000000000,-66.8714955579016255795836296296296296296300,
NSW,Tamworth,6,1200,Good,4,2026-09-28,5196006,5468324,Open,BM 78,9,False,5302821,Flywheel,1,8,64,False,J.Thompson,W.Oakenfull,False,2,22,Australia,Tamworth,6,2026-09-28 06:40:00+00:00,1,Flywheel,9,UniBet,15.000,3.700,TOP3,600.000,10.000,2.49874979163193865644,-97.7511251875312552092040000000000000000000,2.100350058343057176196000,-87.4808549172609849394540000000000000000000,-82.4808549172609849392040000000000000000000,-67.6890360713880850122593323593864134404675,
NSW,Tamworth,6,1200,Good,4,2026-09-28,5196006,5468324,Open,BM 78,9,False,5302821,Flywheel,1,8,64,False,J.Thompson,W.Oakenfull,False,2,22,Australia,Tamworth,6,2026-09-28 06:40:00+00:00,1,Flywheel,9,Surge ,15.000,3.600,TOP3,600.000,10.000,2.49874979163193865644,-97.7511251875312552092040000000000000000000,2.100350058343057176196000,-86.9177918541979218762040000000000000000000,-81.9177918541979218759540000000000000000000,-66.8714955579016255795836296296296296296300,
NSW,Wagga,7,1200,Good,4,2026-09-28,5194203,5468766,Open,BM 70,8,False,5303159,Light Infantry,1,8,60,True,B.Mcdougall,G.M.Williams,False,8,7,Australia,Wagga,7,2026-09-28 06:55:00+00:00,1,Light Infantry,8,Dabble,6.000,2.050,TOP3,250.000,10.000,2.39695878351340536214,-97.8427370948379351740740000000000000000000,1.800720288115246098439000,-86.2573712411793985895740000000000000000000,-73.7573712411793985893240000000000000000000,-55.0185253161347822895113884592504461630000,
NSW,Wagga,7,1200,Good,4,2026-09-28,5194203,5468766,Open,BM 70,8,False,5303159,Light Infantry,1,8,60,True,B.Mcdougall,G.M.Williams,False,8,7,Australia,Wagga,7,2026-09-28 06:55:00+00:00,1,Light Infantry,8,Ladbrokes,6.500,2.000,TOP3,250.000,10.000,2.59703881552621048419,-97.6626650660264105642290000000000000000000,1.980792316926770708283000,-83.2395881429494874867290000000000000000000,-71.7011266044879490254790000000000000000000,-52.9511266044879490254790000000000000000000,
NSW,Wagga,7,1200,Good,4,2026-09-28,5194203,5468766,Open,BM 70,8,False,5303159,Light Infantry,1,8,60,True,B.Mcdougall,G.M.Williams,False,8,7,Australia,Wagga,7,2026-09-28 06:55:00+00:00,1,Light Infantry,8,UniBet,6.500,2.050,TOP3,250.000,10.000,2.59703881552621048419,-97.6626650660264105642290000000000000000000,1.980792316926770708283000,-84.1542222892909509017290000000000000000000,-72.6157607508294124404790000000000000000000,-53.8769148257847961406663884592504461630000,
NSW,Wagga,7,1200,Good,4,2026-09-28,5194203,5468766,Open,BM 70,8,False,5303159,Light Infantry,1,8,60,True,B.Mcdougall,G.M.Williams,False,8,7,Australia,Wagga,7,2026-09-28 06:55:00+00:00,1,Light Infantry,8,Surge ,6.500,2.100,TOP3,250.000,10.000,2.59703881552621048419,-97.6626650660264105642290000000000000000000,1.980792316926770708283000,-85.0253024286637732007290000000000000000000,-73.4868408902022347394790000000000000000000,-54.7793578970049558279007687074829931972800,
NSW,Wagga,4,1000,Good,4,2026-09-28,5194203,5468763,Open,BM 64,9,False,5303205,Pietro Road,7,5,56,False,C.Frater,T.Donnelly,False,2,,Australia,Wagga,4,2026-09-28 05:10:00+00:00,7,Pietro Road,9,Dabble,10.000,2.650,TOP3,12.000,10.000,83.94957983193277310924,-24.4453781512605042016840000000000000000000,68.067226890756302521008000,-11.1434913588076740129340000000000000000000,-3.6434913588076740129340000000000000000000,13.9784381534742768592798661445354218583125,
NSW,Wagga,4,1000,Good,4,2026-09-28,5194203,5468763,Open,BM 64,9,False,5303205,Pietro Road,7,5,56,False,C.Frater,T.Donnelly,False,2,,Australia,Wagga,4,2026-09-28 05:10:00+00:00,7,Pietro Road,9,Ladbrokes,10.000,2.600,TOP3,12.000,10.000,83.94957983193277310924,-24.4453781512605042016840000000000000000000,68.067226890756302521008000,-10.5992243051066580481840000000000000000000,-3.0992243051066580481840000000000000000000,14.6522549848341703541029822485207100591700,
NSW,Wagga,4,1000,Good,4,2026-09-28,5194203,5468763,Open,BM 64,9,False,5303205,Pietro Road,7,5,56,False,C.Frater,T.Donnelly,False,2,,Australia,Wagga,4,2026-09-28 05:10:00+00:00,7,Pietro Road,9,Sportsbet,10.000,2.630,TOP3,12.000,10.000,83.94957983193277310924,-24.4453781512605042016840000000000000000000,68.067226890756302521008000,-10.9282678851008083839340000000000000000000,-3.4282678851008083839340000000000000000000,14.2458346752947445372344388960372421171325,
NSW,Wagga,4,1000,Good,4,2026-09-28,5194203,5468763,Open,BM 64,9,False,5303205,Pietro Road,7,5,56,False,C.Frater,T.Donnelly,False,2,,Australia,Wagga,4,2026-09-28 05:10:00+00:00,7,Pietro Road,9,UniBet,10.000,2.600,TOP3,12.000,10.000,83.94957983193277310924,-24.4453781512605042016840000000000000000000,68.067226890756302521008000,-10.5992243051066580481840000000000000000000,-3.0992243051066580481840000000000000000000,14.6522549848341703541029822485207100591700,
NSW,Wagga,4,1000,Good,4,2026-09-28,5194203,5468763,Open,BM 64,9,False,5303205,Pietro Road,7,5,56,False,C.Frater,T.Donnelly,False,2,,Australia,Wagga,4,2026-09-28 05:10:00+00:00,7,Pietro Road,9,Surge ,10.000,2.600,TOP3,12.000,10.000,83.94957983193277310924,-24.4453781512605042016840000000000000000000,68.067226890756302521008000,-10.5992243051066580481840000000000000000000,-3.0992243051066580481840000000000000000000,14.6522549848341703541029822485207100591700,
NSW,Tamworth,5,1600,Good,4,2026-09-28,5196006,5468328,Open,BM 58,8,False,5303288,Corpsman,11,7,55,True,,J.A.Sylvester,False,18,39,,,,,,,,,,,,,,,,,,,,
NSW,Warwick Farm,2,795,Soft,5,2026-09-28,5197463,5481984,Paying,Trial,9,True,5303458,Kerguelen,3,0,,False,J.Collett,J.J.W.Pride,False,1,,,,,,,,,,,,,,,,,,,,,
NSW,Tamworth,6,1200,Good,4,2026-09-28,5196006,5468324,Open,BM 78,9,False,5303501,Hes My Warrior,10,5,55,False,J.Pracey-Holmes,C.K.Martin,False,11,14,Australia,Tamworth,6,2026-09-28 06:40:00+00:00,10,Hes My Warrior,9,Betr,7.000,2.050,TOP3,23.000,10.000,30.52401746724890829694,-72.5283842794759825327540000000000000000000,23.580786026200873362445000,-57.3715898543888745187540000000000000000000,-46.6573041401031602332540000000000000000000,-27.9184582150585439334413884592504461630000,
NSW,Tamworth,6,1200,Good,4,2026-09-28,5196006,5468324,Open,BM 78,9,False,5303501,Hes My Warrior,10,5,55,False,J.Pracey-Holmes,C.K.Martin,False,11,14,Australia,Tamworth,6,2026-09-28 06:40:00+00:00,10,Hes My Warrior,9,Dabble,7.000,2.350,TOP3,23.000,10.000,30.52401746724890829694,-72.5283842794759825327540000000000000000000,23.580786026200873362445000,-62.0420620910261345077540000000000000000000,-51.3277763767404202222540000000000000000000,-32.9936885541962826033839230421004979628800,
NSW,Tamworth,6,1200,Good,4,2026-09-28,5196006,5468324,Open,BM 78,9,False,5303501,Hes My Warrior,10,5,55,False,J.Pracey-Holmes,C.K.Martin,False,11,14,Australia,Tamworth,6,2026-09-28 06:40:00+00:00,10,Hes My Warrior,9,Ladbrokes,7.500,2.200,TOP3,23.000,10.000,32.70742358078602620087,-70.5633187772925764192170000000000000000000,25.545851528384279475983000,-56.4724096863834855099670000000000000000000,-46.4724096863834855102170000000000000000000,-27.8773683640694359234711322314049586776875,
NSW,Tamworth,6,1200,Good,4,2026-09-28,5196006,5468324,Open,BM 78,9,False,5303501,Hes My Warrior,10,5,55,False,J.Pracey-Holmes,C.K.Martin,False,11,14,Australia,Tamworth,6,2026-09-28 06:40:00+00:00,10,Hes My Warrior,9,Sportsbet,7.500,2.200,TOP3,23.000,10.000,32.70742358078602620087,-70.5633187772925764192170000000000000000000,25.545851528384279475983000,-56.4724096863834855099670000000000000000000,-46.4724096863834855102170000000000000000000,-27.8773683640694359234711322314049586776875,
NSW,Tamworth,6,1200,Good,4,2026-09-28,5196006,5468324,Open,BM 78,9,False,5303501,Hes My Warrior,10,5,55,False,J.Pracey-Holmes,C.K.Martin,False,11,14,Australia,Tamworth,6,2026-09-28 06:40:00+00:00,10,Hes My Warrior,9,UniBet,7.000,2.300,TOP3,23.000,10.000,30.52401746724890829694,-72.5283842794759825327540000000000000000000,23.580786026200873362445000,-61.3482600558734980605040000000000000000000,-50.6339743415877837750040000000000000000000,-32.2029724512286155330677996219281663516075,
NSW,Tamworth,6,1200,Good,4,2026-09-28,5196006,5468324,Open,BM 78,9,False,5303501,Hes My Warrior,10,5,55,False,J.Pracey-Holmes,C.K.Martin,False,11,14,Australia,Tamworth,6,2026-09-28 06:40:00+00:00,10,Hes My Warrior,9,Surge ,7.500,2.400,TOP3,23.000,10.000,32.70742358078602620087,-70.5633187772925764192170000000000000000000,25.545851528384279475983000,-59.3133187772925764184670000000000000000000,-49.3133187772925764187170000000000000000000,-31.0841521106259097520086666666666666666675,
NSW,Wagga,2,2000,Good,4,2026-09-28,5194203,5468765,Paying,BM 64,6,False,5304534,Justifiably,5,7,56.5,False,B.Mcdougall,D.S.Burnet,False,11,3,,,,,,,,,,,,,,,,,,,,
VIC,Southside Cranbourne,2,800,Good,4,2026-09-28,5197870,5482046,Nominations,Trial,8,True,5304566,Smashing Ruby,0,,,False,,J.F.Rattle,False,9,,,,,,,,,,,,,,,,,,,,,
WA,Bunbury,8,1200,Soft,5,2026-09-28,5196062,5466018,Open,BM 70,13,False,5304644,Surround Me,7,5,58,False,W.A.Pike,Grant & Alana Williams,False,5,,Australia,Bunbury,8,2026-09-28 09:30:00+00:00,7,Surround Me,13,Dabble,3.200,1.550,TOP3,4.000,8.000,81.37755102040816326531,-25.1326530612244897959148000000000000000000,51.632653061224489795918000,-23.6205562870309414089148000000000000000000,-0.1830562870309414089148000000000000000000,16.9865586973603176962121510926118626430800,
WA,Bunbury,8,1200,Soft,5,2026-09-28,5196062,5466018,Open,BM 70,13,False,5304644,Surround Me,7,5,58,False,W.A.Pike,Grant & Alana Williams,False,5,,Australia,Bunbury,8,2026-09-28 09:30:00+00:00,7,Surround Me,13,Ladbrokes,3.200,1.550,TOP3,4.000,8.000,81.37755102040816326531,-25.1326530612244897959148000000000000000000,51.632653061224489795918000,-23.6205562870309414089148000000000000000000,-0.1830562870309414089148000000000000000000,16.9865586973603176962121510926118626430800,
WA,Bunbury,8,1200,Soft,5,2026-09-28,5196062,5466018,Open,BM 70,13,False,5304644,Surround Me,7,5,58,False,W.A.Pike,Grant & Alana Williams,False,5,,Australia,Bunbury,8,2026-09-28 09:30:00+00:00,7,Surround Me,13,Sportsbet,3.300,1.530,TOP3,4.000,8.000,83.92857142857142857143,-22.7857142857142857142844000000000000000000,53.979591836734693877551000,-19.2206518971224853572844000000000000000000,3.5066208301502419152156000000000000000000,20.4872692986879838093468315775983596052800,
WA,Bunbury,8,1200,Soft,5,2026-09-28,5196062,5466018,Open,BM 70,13,False,5304644,Surround Me,7,5,58,False,W.A.Pike,Grant & Alana Williams,False,5,,Australia,Bunbury,8,2026-09-28 09:30:00+00:00,7,Surround Me,13,UniBet,3.400,1.500,TOP3,4.000,8.000,86.47959183673469387755,-20.4387755102040816326540000000000000000000,56.326530612244897959184000,-14.5564225690276110439040000000000000000000,7.5024009603841536618460000000000000000000,24.1690676270508203284293333333333333333325,
WA,Bunbury,8,1200,Soft,5,2026-09-28,5196062,5466018,Open,BM 70,13,False,5304644,Surround Me,7,5,58,False,W.A.Pike,Grant & Alana Williams,False,5,,Australia,Bunbury,8,2026-09-28 09:30:00+00:00,7,Surround Me,13,Surge ,3.300,1.600,TOP3,4.000,8.000,83.92857142857142857143,-22.7857142857142857142844000000000000000000,53.979591836734693877551000,-21.3652597402597402592844000000000000000000,1.3620129870129870132156000000000000000000,18.9401379870129870132156000000000000000000,
SA,Morphettville Parks,1,800,Good,4,2026-09-28,5197445,5482082,Paying,Trial,3,True,5304655,Power Beau,4,0,,False,S.Metcalfe,M.W.Brown,False,1,10,,,,,,,,,,,,,,,,,,,,
NSW,Wagga,4,1000,Good,4,2026-09-28,5194203,5468763,Open,BM 64,9,False,5304762,Ditterich,2,3,59.5,False,P.Boudvillain,A.Bourke,False,1,13,Australia,Wagga,4,2026-09-28 05:10:00+00:00,2,Ditterich,9,Dabble,9.000,2.400,TOP3,38.000,10.000,23.72031662269129287599,-78.6517150395778364116090000000000000000000,18.997361477572559366755000,-64.0683817062445030778590000000000000000000,-55.7350483729111697446090000000000000000000,-37.5058817062445030779006666666666666666675,
NSW,Wagga,4,1000,Good,4,2026-09-28,5194203,5468763,Open,BM 64,9,False,5304762,Ditterich,2,3,59.5,False,P.Boudvillain,A.Bourke,False,1,13,Australia,Wagga,4,2026-09-28 05:10:00+00:00,2,Ditterich,9,Ladbrokes,9.000,2.400,TOP3,38.000,10.000,23.72031662269129287599,-78.6517150395778364116090000000000000000000,18.997361477572559366755000,-64.0683817062445030778590000000000000000000,-55.7350483729111697446090000000000000000000,-37.5058817062445030779006666666666666666675,
NSW,Wagga,4,1000,Good,4,2026-09-28,5194203,5468763,Open,BM 64,9,False,5304762,Ditterich,2,3,59.5,False,P.Boudvillain,A.Bourke,False,1,13,Australia,Wagga,4,2026-09-28 05:10:00+00:00,2,Ditterich,9,Sportsbet,9.000,2.400,TOP3,38.000,10.000,23.72031662269129287599,-78.6517150395778364116090000000000000000000,18.997361477572559366755000,-64.0683817062445030778590000000000000000000,-55.7350483729111697446090000000000000000000,-37.5058817062445030779006666666666666666675,
NSW,Wagga,4,1000,Good,4,2026-09-28,5194203,5468763,Open,BM 64,9,False,5304762,Ditterich,2,3,59.5,False,P.Boudvillain,A.Bourke,False,1,13,Australia,Wagga,4,2026-09-28 05:10:00+00:00,2,Ditterich,9,UniBet,9.000,2.400,TOP3,38.000,10.000,23.72031662269129287599,-78.6517150395778364116090000000000000000000,18.997361477572559366755000,-64.0683817062445030778590000000000000000000,-55.7350483729111697446090000000000000000000,-37.5058817062445030779006666666666666666675,
NSW,Wagga,4,1000,Good,4,2026-09-28,5194203,5468763,Open,BM 64,9,False,5304762,Ditterich,2,3,59.5,False,P.Boudvillain,A.Bourke,False,1,13,Australia,Wagga,4,2026-09-28 05:10:00+00:00,2,Ditterich,9,Surge ,9.000,2.450,TOP3,38.000,10.000,23.72031662269129287599,-78.6517150395778364116090000000000000000000,18.997361477572559366755000,-64.7061368082853194046090000000000000000000,-56.3728034749519860713590000000000000000000,-38.2553524128945100197082294877134527280300,
NSW,Tamworth,6,1200,Good,4,2026-09-28,5196006,5468324,Open,BM 78,9,False,5304946,Taipan Legend,3,9,59,False,A.Bullock,C.Crockett,False,1,7,Australia,Tamworth,6,2026-09-28 06:40:00+00:00,3,Taipan Legend,9,Betr,3.300,1.370,TOP3,7.000,10.000,47.68115942028985507246,-57.0869565217391304347860000000000000000000,30.000000000000000000000000,-47.7969764288393295055360000000000000000000,-25.0697037015666022330360000000000000000000,-10.2846858529864967398425293835579945655075,
NSW,Tamworth,6,1200,Good,4,2026-09-28,5196006,5468324,Open,BM 78,9,False,5304946,Taipan Legend,3,9,59,False,A.Bullock,C.Crockett,False,1,7,Australia,Tamworth,6,2026-09-28 06:40:00+00:00,3,Taipan Legend,9,Dabble,3.200,1.380,TOP3,7.000,10.000,46.23188405797101449275,-58.3913043478260869565250000000000000000000,28.695652173913043478261000,-50.9184782608695652170250000000000000000000,-27.4809782608695652170250000000000000000000,-12.5156348456206679267058443604284814114700,
NSW,Tamworth,6,1200,Good,4,2026-09-28,5196006,5468324,Open,BM 78,9,False,5304946,Taipan Legend,3,9,59,False,A.Bullock,C.Crockett,False,1,7,Australia,Tamworth,6,2026-09-28 06:40:00+00:00,3,Taipan Legend,9,Ladbrokes,3.300,1.450,TOP3,7.000,10.000,47.68115942028985507246,-57.0869565217391304347860000000000000000000,30.000000000000000000000000,-50.8173640452501022210360000000000000000000,-28.0900913179773749485360000000000000000000,-12.0377726497252940924613864447086801426875,
NSW,Tamworth,6,1200,Good,4,2026-09-28,5196006,5468324,Open,BM 78,9,False,5304946,Taipan Legend,3,9,59,False,A.Bullock,C.Crockett,False,1,7,Australia,Tamworth,6,2026-09-28 06:40:00+00:00,3,Taipan Legend,9,Sportsbet,3.300,1.400,TOP3,7.000,10.000,47.68115942028985507246,-57.0869565217391304347860000000000000000000,30.000000000000000000000000,-48.9700734048560135515360000000000000000000,-26.2428006775832862790360000000000000000000,-10.9366782286036944421635510204081632653075,
NSW,Tamworth,6,1200,Good,4,2026-09-28,5196006,5468324,Open,BM 78,9,False,5304946,Taipan Legend,3,9,59,False,A.Bullock,C.Crockett,False,1,7,Australia,Tamworth,6,2026-09-28 06:40:00+00:00,3,Taipan Legend,9,UniBet,3.200,1.340,TOP3,7.000,10.000,46.23188405797101449275,-58.3913043478260869565250000000000000000000,28.695652173913043478261000,-49.2961550940947436727750000000000000000000,-25.8586550940947436727750000000000000000000,-11.6572739401629103023965749610158164401875,
NSW,Tamworth,6,1200,Good,4,2026-09-28,5196006,5468324,Open,BM 78,9,False,5304946,Taipan Legend,3,9,59,False,A.Bullock,C.Crockett,False,1,7,Australia,Tamworth,6,2026-09-28 06:40:00+00:00,3,Taipan Legend,9,Surge ,3.300,1.400,TOP3,7.000,10.000,47.68115942028985507246,-57.0869565217391304347860000000000000000000,30.000000000000000000000000,-48.9700734048560135515360000000000000000000,-26.2428006775832862790360000000000000000000,-10.9366782286036944421635510204081632653075,
NSW,Tamworth,4,1400,Good,4,2026-09-28,5196006,5468326,Open,BM 64,7,False,5305400,Big Shot Legend,8,3,55,True,,K.W.Hazelton,False,2,,,,,,,,,,,,,,,,,,,,,
NSW,Wagga,2,1000,Good,0,2026-09-28,5197836,5482018,FinalFields,Trial,8,True,5305832,Villasaurus,10,7,,False,N.Heywood,D.L.Scott,False,1,13,,,,,,,,,,,,,,,,,,,,
NSW,Warwick Farm,3,795,Soft,5,2026-09-28,5197463,5481985,Paying,Trial,8,True,5305898,Maharba,5,0,,False,J.Ford,J.J.W.Pride,False,1,7,,,,,,,,,,,,,,,,,,,,
WA,Bunbury,7,1695,Soft,5,2026-09-28,5196062,5466017,Open,BM 58,12,False,5306026,Shes Resolute,10,1,56.5,False,J.K.Tsang,B.P.Fitz-Gerald,False,2,,Australia,Bunbury,7,2026-09-28 08:54:00+00:00,10,Shes Resolute,12,Betr,126.000,12.000,TOP3,560.000,8.000,22.50142877553936276611,-79.2986855265037862551788000000000000000000,20.538648378339762823260000,-74.2391617169799767319288000000000000000000,-73.6439236217418814936788000000000000000000,-67.9147569550752148272204666666666666666675,
WA,Bunbury,7,1695,Soft,5,2026-09-28,5196062,5466017,Open,BM 58,12,False,5306026,Shes Resolute,10,1,56.5,False,J.K.Tsang,B.P.Fitz-Gerald,False,2,,Australia,Bunbury,7,2026-09-28 08:54:00+00:00,10,Shes Resolute,12,Dabble,101.000,8.500,TOP3,560.000,8.000,18.03650521503071867410,-83.4064152021717388198280000000000000000000,16.430918702671810258608000,-76.0680343052585180863280000000000000000000,-75.3254600478327755120780000000000000000000,-67.5399929198050938514482422145328719723200,
WA,Bunbury,7,1695,Soft,5,2026-09-28,5196062,5466017,Open,BM 58,12,False,5306026,Shes Resolute,10,1,56.5,False,J.K.Tsang,B.P.Fitz-Gerald,False,2,,Australia,Bunbury,7,2026-09-28 08:54:00+00:00,10,Shes Resolute,12,Ladbrokes,201.000,12.000,TOP3,560.000,8.000,35.89619945706529504215,-66.9754964994999285612220000000000000000000,32.861837405343620517217000,-61.4717651562163464724720000000000000000000,-61.0986308278581375169720000000000000000000,-55.3694641611914708505136666666666666666675,
WA,Bunbury,7,1695,Soft,5,2026-09-28,5196062,5466017,Open,BM 58,12,False,5306026,Shes Resolute,10,1,56.5,False,J.K.Tsang,B.P.Fitz-Gerald,False,2,,Australia,Bunbury,7,2026-09-28 08:54:00+00:00,10,Shes Resolute,12,Sportsbet,126.000,16.250,TOP3,560.000,8.000,22.50142877553936276611,-79.2986855265037862551788000000000000000000,20.538648378339762823260000,-75.8737771015953613471788000000000000000000,-75.2785390063572661089288000000000000000000,-70.9471780596117039788524686390532544378700,
WA,Bunbury,7,1695,Soft,5,2026-09-28,5196062,5466017,Open,BM 58,12,False,5306026,Shes Resolute,10,1,56.5,False,J.K.Tsang,B.P.Fitz-Gerald,False,2,,Australia,Bunbury,7,2026-09-28 08:54:00+00:00,10,Shes Resolute,12,UniBet,101.000,8.000,TOP3,560.000,8.000,18.03650521503071867410,-83.4064152021717388198280000000000000000000,16.430918702671810258608000,-75.5165637170232239683280000000000000000000,-74.7739894595974813940780000000000000000000,-66.5708644595974813940780000000000000000000,
WA,Bunbury,7,1695,Soft,5,2026-09-28,5196062,5466017,Open,BM 58,12,False,5306026,Shes Resolute,10,1,56.5,False,J.K.Tsang,B.P.Fitz-Gerald,False,2,,Australia,Bunbury,7,2026-09-28 08:54:00+00:00,10,Shes Resolute,12,Surge ,126.000,11.000,TOP3,560.000,8.000,22.50142877553936276611,-79.2986855265037862551788000000000000000000,20.538648378339762823260000,-73.6709798987981585499288000000000000000000,-73.0757418035600633116788000000000000000000,-66.8773946961220467828089652892561983471075,
VIC,Southside Cranbourne,18,1200,Good,4,2026-09-28,5197870,5482062,Nominations,Trial,10,True,5306084,Xtra Rush,0,,,False,,R.J.Laming,False,1,,,,,,,,,,,,,,,,,,,,,
NSW,Tamworth,7,1000,Good,4,2026-09-28,5196006,5468327,Open,BM 70,9,False,5306398,Parana River,11,9,55,False,M.Weir,T.J.Vidler,False,9,25,Australia,Tamworth,7,2026-09-28 07:15:00+00:00,11,Parana River,9,Dabble,26.000,4.200,TOP3,310.000,10.000,8.38657631494030332365,-92.4520813165537270087150000000000000000000,7.260406582768635043562000,-80.3641692286416390967150000000000000000000,-77.4795538440262544812150000000000000000000,-63.8741116671555061818204421768707482993200,
NSW,Tamworth,7,1000,Good,4,2026-09-28,5196006,5468327,Open,BM 70,9,False,5306398,Parana River,11,9,55,False,M.Weir,T.J.Vidler,False,9,25,Australia,Tamworth,7,2026-09-28 07:15:00+00:00,11,Parana River,9,Ladbrokes,27.000,4.600,TOP3,310.000,10.000,8.70926105195224265892,-92.1616650532429816069720000000000000000000,7.550822846079380445305000,-81.4128727827115806409720000000000000000000,-78.6350950049338028629720000000000000000000,-65.8751706193005325414634933837429111531200,
NSW,Tamworth,7,1000,Good,4,2026-09-28,5196006,5468327,Open,BM 70,9,False,5306398,Parana River,11,9,55,False,M.Weir,T.J.Vidler,False,9,25,Australia,Tamworth,7,2026-09-28 07:15:00+00:00,11,Parana River,9,Sportsbet,27.000,5.500,TOP3,310.000,10.000,8.70926105195224265892,-92.1616650532429816069720000000000000000000,7.550822846079380445305000,-84.0808569724349007994720000000000000000000,-81.3030791946571230214720000000000000000000,-70.1460544012686932694926611570247933884300,
NSW,Tamworth,7,1000,Good,4,2026-09-28,5196006,5468327,Open,BM 70,9,False,5306398,Parana River,11,9,55,False,M.Weir,T.J.Vidler,False,9,25,Australia,Tamworth,7,2026-09-28 07:15:00+00:00,11,Parana River,9,UniBet,26.000,4.600,TOP3,310.000,10.000,8.38657631494030332365,-92.4520813165537270087150000000000000000000,7.260406582768635043562000,-81.9169642596975397177150000000000000000000,-79.0323488750821551022150000000000000000000,-66.2724244894488847807064933837429111531200,
NSW,Tamworth,7,1000,Good,4,2026-09-28,5196006,5468327,Open,BM 70,9,False,5306398,Parana River,11,9,55,False,M.Weir,T.J.Vidler,False,9,25,Australia,Tamworth,7,2026-09-28 07:15:00+00:00,11,Parana River,9,Surge ,31.000,4.600,TOP3,310.000,10.000,10.00000000000000000000,-91.0000000000000000000000000000000000000000,8.712487899322362052275000,-79.5343618513323983170000000000000000000000,-77.1150070126227208975000000000000000000000,-64.3550826269894505759914933837429111531200,
NSW,Tamworth,7,1000,Good,4,2026-09-28,5196006,5468327,Open,BM 70,9,False,5306398,Parana River,11,9,55,False,M.Weir,T.J.Vidler,False,9,25,Australia,Tamworth,7,2026-09-28 07:15:00+00:00,11,Parana River,9,Betr,26.000,4.800,TOP3,310.000,10.000,8.38657631494030332365,-92.4520813165537270087150000000000000000000,7.260406582768635043562000,-82.5963120857844962399650000000000000000000,-79.7116967011691116244650000000000000000000,-67.3419050345024449579441666666666666666675,
SA,Morphettville Parks,15,1000,Good,4,2026-09-28,5197445,5482074,Paying,Trial,8,True,5306503,Testa Dura,1,0,,False,A.Stone,T.H.Jolly,False,1,6,,,,,,,,,,,,,,,,,,,,
VIC,Southside Cranbourne,4,800,Good,4,2026-09-28,5197870,5482048,Nominations,Trial,9,True,5306940,Ten Warriors,0,,,False,,T.Rogers,False,1,,,,,,,,,,,,,,,,,,,,,
VIC,Park Kilmore,7,1600,Good,3,2026-09-28,5195834,5469786,Open,BM 0-57,14,False,5307300,Switch Hit,4,1,61.5,False,J.C.Maskiell,M.Freedman,False,8,5,Australia,Kilmore,7,2026-09-28 06:30:00+00:00,4,Switch Hit,14,Betr,4.800,1.920,TOP3,7.600,8.000,63.69680851063829787234,-41.3989361702127659574472000000000000000000,46.489361702127659574468000,-33.5864361702127659571972000000000000000000,-17.9614361702127659574472000000000000000000,0.7560117464539007092298833333333333333325,
VIC,Park Kilmore,7,1600,Good,3,2026-09-28,5195834,5469786,Open,BM 0-57,14,False,5307300,Switch Hit,4,1,61.5,False,J.C.Maskiell,M.Freedman,False,8,5,Australia,Kilmore,7,2026-09-28 06:30:00+00:00,4,Switch Hit,14,Dabble,4.400,1.850,TOP3,7.600,8.000,58.37765957446808510638,-46.2925531914893617021304000000000000000000,41.595744680851063829787000,-39.8429217418579120711304000000000000000000,-22.7974671964033666163804000000000000000000,-4.1707323534523074491017294375456537618700,
VIC,Park Kilmore,7,1600,Good,3,2026-09-28,5195834,5469786,Open,BM 0-57,14,False,5307300,Switch Hit,4,1,61.5,False,J.C.Maskiell,M.Freedman,False,8,5,Australia,Kilmore,7,2026-09-28 06:30:00+00:00,4,Switch Hit,14,Ladbrokes,4.800,2.000,TOP3,7.600,8.000,63.69680851063829787234,-41.3989361702127659574472000000000000000000,46.489361702127659574468000,-35.1489361702127659569472000000000000000000,-19.5239361702127659571972000000000000000000,-0.7739361702127659571972000000000000000000,
VIC,Park Kilmore,7,1600,Good,3,2026-09-28,5195834,5469786,Open,BM 0-57,14,False,5307300,Switch Hit,4,1,61.5,False,J.C.Maskiell,M.Freedman,False,8,5,Australia,Kilmore,7,2026-09-28 06:30:00+00:00,4,Switch Hit,14,Sportsbet,4.500,1.880,TOP3,7.600,8.000,59.70744680851063829787,-45.0691489361702127659596000000000000000000,42.819148936170212765957000,-38.5088652482269503539596000000000000000000,-21.8421985815602836874596000000000000000000,-3.1685906141542175942251047532820280670000,
VIC,Park Kilmore,7,1600,Good,3,2026-09-28,5195834,5469786,Open,BM 0-57,14,False,5307300,Switch Hit,4,1,61.5,False,J.C.Maskiell,M.Freedman,False,8,5,Australia,Kilmore,7,2026-09-28 06:30:00+00:00,4,Switch Hit,14,UniBet,4.600,1.900,TOP3,7.600,8.000,61.03723404255319148936,-43.8457446808510638297888000000000000000000,44.042553191489361702128000,-36.9807561224986610840388000000000000000000,-20.6764082964117045620388000000000000000000,-1.9783473545834497144079135734072022160675,
VIC,Park Kilmore,7,1600,Good,3,2026-09-28,5195834,5469786,Open,BM 0-57,14,False,5307300,Switch Hit,4,1,61.5,False,J.C.Maskiell,M.Freedman,False,8,5,Australia,Kilmore,7,2026-09-28 06:30:00+00:00,4,Switch Hit,14,Surge ,4.600,1.900,TOP3,7.600,8.000,61.03723404255319148936,-43.8457446808510638297888000000000000000000,44.042553191489361702128000,-36.9807561224986610840388000000000000000000,-20.6764082964117045620388000000000000000000,-1.9783473545834497144079135734072022160675,
VIC,Park Kilmore,5,1100,Good,3,2026-09-28,5195834,5469784,Open,BM 58,9,False,5307301,Flying Mean,7,10,57.5,True,J.Noonan,David & Coral Feek,False,6,,,,,,,,,,,,,,,,,,,,,
VIC,Southside Cranbourne,8,800,Good,4,2026-09-28,5197870,5482052,Nominations,Trial,8,True,5307366,Golde N Fire,0,,,False,,Mick Price & Michael Kent (Jnr),False,1,3,,,,,,,,,,,,,,,,,,,,
WA,Bunbury,8,1200,Soft,5,2026-09-28,5196062,5466018,Open,BM 70,13,False,5307604,Mean Feat,9,13,57,False,J.R.Azzopardi,R.I.Bayliss,False,3,19,Australia,Bunbury,8,2026-09-28 09:30:00+00:00,9,Mean Feat,13,Dabble,26.000,5.000,TOP3,480.000,8.000,5.41548591431905317553,-95.0177529588264710785124000000000000000000,4.792465410901816969495000,-85.7869837280572403095124000000000000000000,-82.9023683434418556940124000000000000000000,-70.9023683434418556940124000000000000000000,
WA,Bunbury,8,1200,Soft,5,2026-09-28,5196062,5466018,Open,BM 70,13,False,5307604,Mean Feat,9,13,57,False,J.R.Azzopardi,R.I.Bayliss,False,3,19,Australia,Bunbury,8,2026-09-28 09:30:00+00:00,9,Mean Feat,13,Ladbrokes,27.000,6.000,TOP3,480.000,8.000,5.62385397566261043507,-94.8260543423903983997356000000000000000000,4.984164027337889648275000,-87.8816098979459539554856000000000000000000,-85.1038321201681761774856000000000000000000,-74.6871654535015095106522666666666666666675,
WA,Bunbury,8,1200,Soft,5,2026-09-28,5196062,5466018,Open,BM 70,13,False,5307604,Mean Feat,9,13,57,False,J.R.Azzopardi,R.I.Bayliss,False,3,19,Australia,Bunbury,8,2026-09-28 09:30:00+00:00,9,Mean Feat,13,Sportsbet,27.000,6.250,TOP3,480.000,8.000,5.62385397566261043507,-94.8260543423903983997356000000000000000000,4.984164027337889648275000,-88.3816098979459539557356000000000000000000,-85.6038321201681761777356000000000000000000,-75.5238321201681761777356000000000000000000,
WA,Bunbury,8,1200,Soft,5,2026-09-28,5196062,5466018,Open,BM 70,13,False,5307604,Mean Feat,9,13,57,False,J.R.Azzopardi,R.I.Bayliss,False,3,19,Australia,Bunbury,8,2026-09-28 09:30:00+00:00,9,Mean Feat,13,UniBet,26.000,5.750,TOP3,480.000,8.000,5.41548591431905317553,-95.0177529588264710785124000000000000000000,4.792465410901816969495000,-87.7435054671876750917624000000000000000000,-84.8588900825722904762624000000000000000000,-74.0838428235930844268791296786389413988675,
WA,Bunbury,8,1200,Soft,5,2026-09-28,5196062,5466018,Open,BM 70,13,False,5307604,Mean Feat,9,13,57,False,J.R.Azzopardi,R.I.Bayliss,False,3,19,Australia,Bunbury,8,2026-09-28 09:30:00+00:00,9,Mean Feat,13,Surge ,26.000,5.000,TOP3,480.000,8.000,5.41548591431905317553,-95.0177529588264710785124000000000000000000,4.792465410901816969495000,-85.7869837280572403095124000000000000000000,-82.9023683434418556940124000000000000000000,-70.9023683434418556940124000000000000000000,
NSW,Wagga,3,1600,Good,4,2026-09-28,5194203,5468764,Open,BM 70,5,False,5308464,Oneforian,3,8,57.5,True,,N.J.Olive,False,4,,,,,,,,,,,,,,,,,,,,,
VIC,Park Kilmore,8,1200,Good,3,2026-09-28,5195834,5469789,Open,BM 58,12,False,5308549,Stolen Art,5,9,60.5,False,T.M.Nugent,S.Zahra,False,3,10,Australia,Kilmore,8,2026-09-28 07:00:00+00:00,5,Stolen Art,12,Dabble,21.000,4.200,TOP3,440.000,8.000,4.77132205855610110929,-95.6103837061283869794532000000000000000000,4.182578650663757046736000,-84.8960979918426726939532000000000000000000,-81.3246694204141012652032000000000000000000,-67.7192272435433529658086421768707482993200,
VIC,Park Kilmore,8,1200,Good,3,2026-09-28,5195834,5469789,Open,BM 58,12,False,5308549,Stolen Art,5,9,60.5,False,T.M.Nugent,S.Zahra,False,3,10,Australia,Kilmore,8,2026-09-28 07:00:00+00:00,5,Stolen Art,12,Ladbrokes,21.000,4.500,TOP3,440.000,8.000,4.77132205855610110929,-95.6103837061283869794532000000000000000000,4.182578650663757046736000,-86.0865741823188631704532000000000000000000,-82.5151456108902917417032000000000000000000,-69.5521826479273287788328296296296296296300,
VIC,Park Kilmore,8,1200,Good,3,2026-09-28,5195834,5469789,Open,BM 58,12,False,5308549,Stolen Art,5,9,60.5,False,T.M.Nugent,S.Zahra,False,3,10,Australia,Kilmore,8,2026-09-28 07:00:00+00:00,5,Stolen Art,12,Sportsbet,21.000,4.330,TOP3,440.000,8.000,4.77132205855610110929,-95.6103837061283869794532000000000000000000,4.182578650663757046736000,-85.4322246827037746409532000000000000000000,-81.8607961112752032122032000000000000000000,-68.5400146254280335117448051074996399788800,
VIC,Park Kilmore,8,1200,Good,3,2026-09-28,5195834,5469789,Open,BM 58,12,False,5308549,Stolen Art,5,9,60.5,False,T.M.Nugent,S.Zahra,False,3,10,Australia,Kilmore,8,2026-09-28 07:00:00+00:00,5,Stolen Art,12,UniBet,21.000,4.500,TOP3,440.000,8.000,4.77132205855610110929,-95.6103837061283869794532000000000000000000,4.182578650663757046736000,-86.0865741823188631704532000000000000000000,-82.5151456108902917417032000000000000000000,-69.5521826479273287788328296296296296296300,
VIC,Park Kilmore,8,1200,Good,3,2026-09-28,5195834,5469789,Open,BM 58,12,False,5308549,Stolen Art,5,9,60.5,False,T.M.Nugent,S.Zahra,False,3,10,Australia,Kilmore,8,2026-09-28 07:00:00+00:00,5,Stolen Art,12,Surge ,21.000,4.200,TOP3,440.000,8.000,4.77132205855610110929,-95.6103837061283869794532000000000000000000,4.182578650663757046736000,-84.8960979918426726939532000000000000000000,-81.3246694204141012652032000000000000000000,-67.7192272435433529658086421768707482993200,
NSW,Warwick Farm,9,792,Soft,5,2026-09-28,5197463,5477884,Paying,Trial,7,True,5308794,Kilbady,5,0,,False,W.Costin,A.Turner,False,2,,,,,,,,,,,,,,,,,,,,,
VIC,Southside Cranbourne,17,1000,Good,4,2026-09-28,5197870,5482061,Nominations,Trial,8,True,5308916,Im Mim,0,,,False,,D.C.Harrison,False,1,12,,,,,,,,,,,,,,,,,,,,
NSW,Tamworth,5,1600,Good,4,2026-09-28,5196006,5468328,Open,BM 58,8,False,5309240,Elite Delight,9,10,55,False,O.S.Chambers,K.L.Buchanan,False,7,,Australia,Tamworth,5,2026-09-28 06:05:00+00:00,9,Elite Delight,8,Betr,15.000,3.500,TOP3,48.000,10.000,31.29436325678496868476,-71.8350730688935281837160000000000000000000,26.304801670146137787056000,-60.4065016403220996124660000000000000000000,-55.4065016403220996122160000000000000000000,-40.1003791913425077753435510204081632653075,
NSW,Tamworth,5,1600,Good,4,2026-09-28,5196006,5468328,Open,BM 58,8,False,5309240,Elite Delight,9,10,55,False,O.S.Chambers,K.L.Buchanan,False,7,,Australia,Tamworth,5,2026-09-28 06:05:00+00:00,9,Elite Delight,8,Dabble,14.000,3.400,TOP3,48.000,10.000,29.20668058455114822547,-73.7139874739039665970770000000000000000000,24.425887265135699373695000,-62.3694496587779161768270000000000000000000,-57.0123068016350590340770000000000000000000,-41.4413725455796957123321903114186851211075,
NSW,Tamworth,5,1600,Good,4,2026-09-28,5196006,5468328,Open,BM 58,8,False,5309240,Elite Delight,9,10,55,False,O.S.Chambers,K.L.Buchanan,False,7,,Australia,Tamworth,5,2026-09-28 06:05:00+00:00,9,Elite Delight,8,Ladbrokes,15.000,3.400,TOP3,48.000,10.000,31.29436325678496868476,-71.8350730688935281837160000000000000000000,26.304801670146137787056000,-59.7762495394817634784660000000000000000000,-54.7762495394817634782160000000000000000000,-39.2053152834264001564711903114186851211075,
NSW,Tamworth,5,1600,Good,4,2026-09-28,5196006,5468328,Open,BM 58,8,False,5309240,Elite Delight,9,10,55,False,O.S.Chambers,K.L.Buchanan,False,7,,Australia,Tamworth,5,2026-09-28 06:05:00+00:00,9,Elite Delight,8,Sportsbet,15.000,3.600,TOP3,48.000,10.000,31.29436325678496868476,-71.8350730688935281837160000000000000000000,26.304801670146137787056000,-61.0017397355601948507160000000000000000000,-56.0017397355601948504660000000000000000000,-40.9554434392638985540956296296296296296300,
NSW,Tamworth,5,1600,Good,4,2026-09-28,5196006,5468328,Open,BM 58,8,False,5309240,Elite Delight,9,10,55,False,O.S.Chambers,K.L.Buchanan,False,7,,Australia,Tamworth,5,2026-09-28 06:05:00+00:00,9,Elite Delight,8,UniBet,15.000,3.750,TOP3,48.000,10.000,31.29436325678496868476,-71.8350730688935281837160000000000000000000,26.304801670146137787056000,-61.8350730688935281839660000000000000000000,-56.8350730688935281837160000000000000000000,-42.1684064022268615169326666666666666666675,
NSW,Tamworth,5,1600,Good,4,2026-09-28,5196006,5468328,Open,BM 58,8,False,5309240,Elite Delight,9,10,55,False,O.S.Chambers,K.L.Buchanan,False,7,,Australia,Tamworth,5,2026-09-28 06:05:00+00:00,9,Elite Delight,8,Surge ,15.000,3.500,TOP3,48.000,10.000,31.29436325678496868476,-71.8350730688935281837160000000000000000000,26.304801670146137787056000,-60.4065016403220996124660000000000000000000,-55.4065016403220996122160000000000000000000,-40.1003791913425077753435510204081632653075,
SA,Morphettville Parks,7,1000,Good,4,2026-09-28,5197445,5475295,Paying,Trial,9,True,5309268,Star Sirius,8,0,,False,C.Munro,Richard & Chantelle Jolly,False,1,17,,,,,,,,,,,,,,,,,,,,
NSW,Warwick Farm,2,795,Soft,5,2026-09-28,5197463,5481984,Paying,Trial,9,True,5309601,Flying Trapeze,2,0,,False,A.Adkins,G.Portelli,False,1,17,,,,,,,,,,,,,,,,,,,,
VIC,Park Kilmore,5,1100,Good,3,2026-09-28,5195834,5469784,Open,BM 58,9,False,5309777,Pure Rain,13,5,54,False,C.B.Thompson,S.A.Beani,False,2,18,Australia,Kilmore,5,2026-09-28 05:30:00+00:00,13,Pure Rain,9,Betr,126.000,14.000,TOP3,690.000,8.000,18.26153756957328385900,-83.1993854359925788497200000000000000000000,16.668599257884972170686000,-79.0327187693259121834700000000000000000000,-78.4374806740878169452200000000000000000000,-73.4629908781694495983730612244897959183675,
VIC,Park Kilmore,5,1100,Good,3,2026-09-28,5195834,5469784,Open,BM 58,9,False,5309777,Pure Rain,13,5,54,False,C.B.Thompson,S.A.Beani,False,2,18,Australia,Kilmore,5,2026-09-28 05:30:00+00:00,13,Pure Rain,9,Dabble,126.000,14.000,TOP3,690.000,8.000,18.26153756957328385900,-83.1993854359925788497200000000000000000000,16.668599257884972170686000,-79.0327187693259121834700000000000000000000,-78.4374806740878169452200000000000000000000,-73.4629908781694495983730612244897959183675,
VIC,Park Kilmore,5,1100,Good,3,2026-09-28,5195834,5469784,Open,BM 58,9,False,5309777,Pure Rain,13,5,54,False,C.B.Thompson,S.A.Beani,False,2,18,Australia,Kilmore,5,2026-09-28 05:30:00+00:00,13,Pure Rain,9,Ladbrokes,151.000,13.000,TOP3,690.000,8.000,21.88514610389610389610,-79.8656655844155844155880000000000000000000,20.002319109461966604824000,-75.0898122986285237940880000000000000000000,-74.5931235569066694893380000000000000000000,-69.2676797699244209684326745562130177514800,
VIC,Park Kilmore,5,1100,Good,3,2026-09-28,5195834,5469784,Open,BM 58,9,False,5309777,Pure Rain,13,5,54,False,C.B.Thompson,S.A.Beani,False,2,18,Australia,Kilmore,5,2026-09-28 05:30:00+00:00,13,Pure Rain,9,Sportsbet,151.000,22.000,TOP3,690.000,8.000,21.88514610389610389610,-79.8656655844155844155880000000000000000000,20.002319109461966604824000,-77.4499521587683839338380000000000000000000,-76.9532634170465296290880000000000000000000,-73.6991311856415709510921322314049586776875,
VIC,Park Kilmore,5,1100,Good,3,2026-09-28,5195834,5469784,Open,BM 58,9,False,5309777,Pure Rain,13,5,54,False,C.B.Thompson,S.A.Beani,False,2,18,Australia,Kilmore,5,2026-09-28 05:30:00+00:00,13,Pure Rain,9,UniBet,151.000,15.000,TOP3,690.000,8.000,21.88514610389610389610,-79.8656655844155844155880000000000000000000,20.002319109461966604824000,-75.8590430678592930248380000000000000000000,-75.3623543261374387200880000000000000000000,-70.6956876594707720532046666666666666666675,
VIC,Park Kilmore,5,1100,Good,3,2026-09-28,5195834,5469784,Open,BM 58,9,False,5309777,Pure Rain,13,5,54,False,C.B.Thompson,S.A.Beani,False,2,18,Australia,Kilmore,5,2026-09-28 05:30:00+00:00,13,Pure Rain,9,Surge ,126.000,15.000,TOP3,690.000,8.000,18.26153756957328385900,-83.1993854359925788497200000000000000000000,16.668599257884972170686000,-79.3898616264687693259700000000000000000000,-78.7946235312306740877200000000000000000000,-74.1279568645640074208366666666666666666675,
NSW,Tamworth,7,1000,Good,4,2026-09-28,5196006,5468327,Open,BM 70,9,False,5310970,La Pelago,9,6,55,True,,D.F.Lane,False,3,,,,,,,,,,,,,,,,,,,,,
NSW,Wagga,4,1000,Good,4,2026-09-28,5194203,5468763,Open,BM 64,9,False,5311183,Arctic Desert,8,7,55.5,False,G.Cahill,J.Rolfe,False,4,11,Australia,Wagga,4,2026-09-28 05:10:00+00:00,8,Arctic Desert,9,Dabble,126.000,12.000,TOP3,790.000,10.000,15.95012026838840359539,-85.6448917584504367641490000000000000000000,14.242309153057349031523000,-80.5853679489266272408990000000000000000000,-79.9901298536885320026490000000000000000000,-74.2609631870218653361906666666666666666675,
NSW,Wagga,4,1000,Good,4,2026-09-28,5194203,5468763,Open,BM 64,9,False,5311183,Arctic Desert,8,7,55.5,False,G.Cahill,J.Rolfe,False,4,11,Australia,Wagga,4,2026-09-28 05:10:00+00:00,8,Arctic Desert,9,Ladbrokes,151.000,14.000,TOP3,790.000,10.000,19.11507785795670338017,-82.7964299278389669578470000000000000000000,17.090770983668818837828000,-78.4326645541398184245970000000000000000000,-77.9359758124179641198470000000000000000000,-72.9614860164995967730000612244897959183675,
NSW,Wagga,4,1000,Good,4,2026-09-28,5194203,5468763,Open,BM 64,9,False,5311183,Arctic Desert,8,7,55.5,False,G.Cahill,J.Rolfe,False,4,11,Australia,Wagga,4,2026-09-28 05:10:00+00:00,8,Arctic Desert,9,Sportsbet,151.000,23.000,TOP3,790.000,10.000,19.11507785795670338017,-82.7964299278389669578470000000000000000000,17.090770983668818837828000,-80.5289378460652842630970000000000000000000,-80.0322491043434299583470000000000000000000,-76.9131564767441861021036162570888468809075,
NSW,Wagga,4,1000,Good,4,2026-09-28,5194203,5468763,Open,BM 64,9,False,5311183,Arctic Desert,8,7,55.5,False,G.Cahill,J.Rolfe,False,4,11,Australia,Wagga,4,2026-09-28 05:10:00+00:00,8,Arctic Desert,9,UniBet,151.000,13.000,TOP3,790.000,10.000,19.11507785795670338017,-82.7964299278389669578470000000000000000000,17.090770983668818837828000,-78.0205766420519063363470000000000000000000,-77.5238879003300520315970000000000000000000,-72.1984441133478035106916745562130177514800,
NSW,Wagga,4,1000,Good,4,2026-09-28,5194203,5468763,Open,BM 64,9,False,5311183,Arctic Desert,8,7,55.5,False,G.Cahill,J.Rolfe,False,4,11,Australia,Wagga,4,2026-09-28 05:10:00+00:00,8,Arctic Desert,9,Surge ,126.000,12.000,TOP3,790.000,10.000,15.95012026838840359539,-85.6448917584504367641490000000000000000000,14.242309153057349031523000,-80.5853679489266272408990000000000000000000,-79.9901298536885320026490000000000000000000,-74.2609631870218653361906666666666666666675,
VIC,Park Kilmore,2,1450,Good,4,2026-09-28,5195834,5469787,Paying,Maiden,10,False,5311301,Mystic Rapture,12,9,58,False,L.Currie,Mark & Levi Kavanagh,False,4,13,,,,,,,,,,,,,,,,,,,,
VIC,Park Kilmore,7,1600,Good,3,2026-09-28,5195834,5469786,Open,BM 0-57,14,False,5311320,Slate Ripper,16,4,58.5,False,N.Farley,C.A.Mcgillivray,False,6,,Australia,Kilmore,7,2026-09-28 06:30:00+00:00,16,Slate Ripper,14,Betr,23.000,5.500,TOP3,250.000,8.000,9.19894366197183098592,-91.5369718309859154929536000000000000000000,8.098591549295774647887000,-84.4223473250570617379536000000000000000000,-81.1614777598396704337036000000000000000000,-70.0044529664512406817242611570247933884300,
VIC,Park Kilmore,7,1600,Good,3,2026-09-28,5195834,5469786,Open,BM 0-57,14,False,5311320,Slate Ripper,16,4,58.5,False,N.Farley,C.A.Mcgillivray,False,6,,Australia,Kilmore,7,2026-09-28 06:30:00+00:00,16,Slate Ripper,14,Dabble,23.000,4.800,TOP3,250.000,8.000,9.19894366197183098592,-91.5369718309859154929536000000000000000000,8.098591549295774647887000,-82.4337109614206981017036000000000000000000,-79.1728413962033067974536000000000000000000,-66.8030497295366401309327666666666666666675,
VIC,Park Kilmore,7,1600,Good,3,2026-09-28,5195834,5469786,Open,BM 0-57,14,False,5311320,Slate Ripper,16,4,58.5,False,N.Farley,C.A.Mcgillivray,False,6,,Australia,Kilmore,7,2026-09-28 06:30:00+00:00,16,Slate Ripper,14,Ladbrokes,26.000,6.000,TOP3,250.000,8.000,10.39932778489116517286,-90.4326184379001280409688000000000000000000,9.202944942381562099872000,-83.7018492071308972717188000000000000000000,-80.8172338225155126562188000000000000000000,-70.4005671558488459893854666666666666666675,
VIC,Park Kilmore,7,1600,Good,3,2026-09-28,5195834,5469786,Open,BM 0-57,14,False,5311320,Slate Ripper,16,4,58.5,False,N.Farley,C.A.Mcgillivray,False,6,,Australia,Kilmore,7,2026-09-28 06:30:00+00:00,16,Slate Ripper,14,Sportsbet,27.000,6.250,TOP3,250.000,8.000,10.79945582586427656850,-90.0645006402048655569800000000000000000000,9.571062740076824583867000,-83.6200561957604211129800000000000000000000,-80.8422784179826433349800000000000000000000,-70.7622784179826433349800000000000000000000,
VIC,Park Kilmore,7,1600,Good,3,2026-09-28,5195834,5469786,Open,BM 0-57,14,False,5311320,Slate Ripper,16,4,58.5,False,N.Farley,C.A.Mcgillivray,False,6,,Australia,Kilmore,7,2026-09-28 06:30:00+00:00,16,Slate Ripper,14,UniBet,26.000,5.750,TOP3,250.000,8.000,10.39932778489116517286,-90.4326184379001280409688000000000000000000,9.202944942381562099872000,-83.1583709462613320542188000000000000000000,-80.2737555616459474387188000000000000000000,-69.4987083026667413893355296786389413988675,
VIC,Park Kilmore,7,1600,Good,3,2026-09-28,5195834,5469786,Open,BM 0-57,14,False,5311320,Slate Ripper,16,4,58.5,False,N.Farley,C.A.Mcgillivray,False,6,,Australia,Kilmore,7,2026-09-28 06:30:00+00:00,16,Slate Ripper,14,Surge ,26.000,5.500,TOP3,250.000,8.000,10.39932778489116517286,-90.4326184379001280409688000000000000000000,9.202944942381562099872000,-82.5654855707672609084688000000000000000000,-79.6808701861518762929688000000000000000000,-68.5238453927634465409894611570247933884300,
NSW,Wagga,2,1000,Good,0,2026-09-28,5197836,5482018,FinalFields,Trial,8,True,5311341,Bold Timothy,3,4,,True,B.A.Button,John & Chris Ledger,False,1,,,,,,,,,,,,,,,,,,,,,
NSW,Tamworth,7,1000,Good,4,2026-09-28,5196006,5468327,Open,BM 70,9,False,5311371,Tomoe Gozen,8,11,55,False,S.K.Sweedman,M.D.Fleming,False,1,,Australia,Tamworth,7,2026-09-28 07:15:00+00:00,8,Tomoe Gozen,9,Dabble,34.000,4.800,TOP3,500.000,10.000,6.79935987197439487898,-93.8805761152230446089180000000000000000000,5.941188237647529505901000,-82.6673408211053975501680000000000000000000,-80.4614584681642210796680000000000000000000,-68.0916668014975544131471666666666666666675,
NSW,Tamworth,7,1000,Good,4,2026-09-28,5196006,5468327,Open,BM 70,9,False,5311371,Tomoe Gozen,8,11,55,False,S.K.Sweedman,M.D.Fleming,False,1,,Australia,Tamworth,7,2026-09-28 07:15:00+00:00,8,Tomoe Gozen,9,Ladbrokes,34.000,5.500,TOP3,500.000,10.000,6.79935987197439487898,-93.8805761152230446089180000000000000000000,5.941188237647529505901000,-84.6559771847417611864180000000000000000000,-82.4500948318005847159180000000000000000000,-71.2930700384121549639386611570247933884300,
NSW,Tamworth,7,1000,Good,4,2026-09-28,5196006,5468327,Open,BM 70,9,False,5311371,Tomoe Gozen,8,11,55,False,S.K.Sweedman,M.D.Fleming,False,1,,Australia,Tamworth,7,2026-09-28 07:15:00+00:00,8,Tomoe Gozen,9,Sportsbet,34.000,7.250,TOP3,500.000,10.000,6.79935987197439487898,-93.8805761152230446089180000000000000000000,5.941188237647529505901000,-87.9475132348985009981680000000000000000000,-85.7416308819573245276680000000000000000000,-76.8236760662617240520250154577883472057075,
NSW,Tamworth,7,1000,Good,4,2026-09-28,5196006,5468327,Open,BM 70,9,False,5311371,Tomoe Gozen,8,11,55,False,S.K.Sweedman,M.D.Fleming,False,1,,Australia,Tamworth,7,2026-09-28 07:15:00+00:00,8,Tomoe Gozen,9,UniBet,34.000,5.500,TOP3,500.000,10.000,6.79935987197439487898,-93.8805761152230446089180000000000000000000,5.941188237647529505901000,-84.6559771847417611864180000000000000000000,-82.4500948318005847159180000000000000000000,-71.2930700384121549639386611570247933884300,
NSW,Tamworth,7,1000,Good,4,2026-09-28,5196006,5468327,Open,BM 70,9,False,5311371,Tomoe Gozen,8,11,55,False,S.K.Sweedman,M.D.Fleming,False,1,,Australia,Tamworth,7,2026-09-28 07:15:00+00:00,8,Tomoe Gozen,9,Surge ,34.000,4.800,TOP3,500.000,10.000,6.79935987197439487898,-93.8805761152230446089180000000000000000000,5.941188237647529505901000,-82.6673408211053975501680000000000000000000,-80.4614584681642210796680000000000000000000,-68.0916668014975544131471666666666666666675,
NSW,Tamworth,7,1000,Good,4,2026-09-28,5196006,5468327,Open,BM 70,9,False,5311371,Tomoe Gozen,8,11,55,False,S.K.Sweedman,M.D.Fleming,False,1,,Australia,Tamworth,7,2026-09-28 07:15:00+00:00,8,Tomoe Gozen,9,Betr,34.000,5.500,TOP3,500.000,10.000,6.79935987197439487898,-93.8805761152230446089180000000000000000000,5.941188237647529505901000,-84.6559771847417611864180000000000000000000,-82.4500948318005847159180000000000000000000,-71.2930700384121549639386611570247933884300,
NSW,Warwick Farm,2,795,Soft,5,2026-09-28,5197463,5481984,Paying,Trial,9,True,5311464,Mailata,4,0,,False,B.Panya,B.Heys,False,1,4,,,,,,,,,,,,,,,,,,,,
NSW,Tamworth,6,1200,Good,4,2026-09-28,5196006,5468324,Open,BM 78,9,False,5311508,Kaihoko,4,4,56,False,Z.Wadick,T.C.Prosser,False,2,19,Australia,Tamworth,6,2026-09-28 06:40:00+00:00,4,Kaihoko,9,Betr,5.000,1.700,TOP3,13.000,10.000,38.68217054263565891473,-65.1860465116279069767430000000000000000000,27.906976744186046511628000,-51.0683994528043775652430000000000000000000,-36.0683994528043775652430000000000000000000,-17.9023094874064536897637612456747404844300,
NSW,Tamworth,6,1200,Good,4,2026-09-28,5196006,5468324,Open,BM 78,9,False,5311508,Kaihoko,4,4,56,False,Z.Wadick,T.C.Prosser,False,2,19,Australia,Tamworth,6,2026-09-28 06:40:00+00:00,4,Kaihoko,9,Dabble,4.800,1.800,TOP3,13.000,10.000,37.13178294573643410853,-66.5813953488372093023230000000000000000000,26.511627906976744186047000,-56.1647286821705426348230000000000000000000,-40.5397286821705426350730000000000000000000,-22.0212101636520241165915185185185185185200,
NSW,Tamworth,6,1200,Good,4,2026-09-28,5196006,5468324,Open,BM 78,9,False,5311508,Kaihoko,4,4,56,False,Z.Wadick,T.C.Prosser,False,2,19,Australia,Tamworth,6,2026-09-28 06:40:00+00:00,4,Kaihoko,9,Ladbrokes,5.000,1.750,TOP3,13.000,10.000,38.68217054263565891473,-65.1860465116279069767430000000000000000000,27.906976744186046511628000,-52.3289036544850498339930000000000000000000,-37.3289036544850498339930000000000000000000,-18.9615567157095396298960612244897959183675,
NSW,Tamworth,6,1200,Good,4,2026-09-28,5196006,5468324,Open,BM 78,9,False,5311508,Kaihoko,4,4,56,False,Z.Wadick,T.C.Prosser,False,2,19,Australia,Tamworth,6,2026-09-28 06:40:00+00:00,4,Kaihoko,9,Sportsbet,4.800,1.700,TOP3,13.000,10.000,37.13178294573643410853,-66.5813953488372093023230000000000000000000,26.511627906976744186047000,-53.7137482900136798903230000000000000000000,-38.0887482900136798905730000000000000000000,-19.9226583246157560150937612456747404844300,
NSW,Tamworth,6,1200,Good,4,2026-09-28,5196006,5468324,Open,BM 78,9,False,5311508,Kaihoko,4,4,56,False,Z.Wadick,T.C.Prosser,False,2,19,Australia,Tamworth,6,2026-09-28 06:40:00+00:00,4,Kaihoko,9,UniBet,5.000,1.750,TOP3,13.000,10.000,38.68217054263565891473,-65.1860465116279069767430000000000000000000,27.906976744186046511628000,-52.3289036544850498339930000000000000000000,-37.3289036544850498339930000000000000000000,-18.9615567157095396298960612244897959183675,
NSW,Tamworth,6,1200,Good,4,2026-09-28,5196006,5468324,Open,BM 78,9,False,5311508,Kaihoko,4,4,56,False,Z.Wadick,T.C.Prosser,False,2,19,Australia,Tamworth,6,2026-09-28 06:40:00+00:00,4,Kaihoko,9,Surge ,5.000,1.800,TOP3,13.000,10.000,38.68217054263565891473,-65.1860465116279069767430000000000000000000,27.906976744186046511628000,-53.5193798449612403097430000000000000000000,-38.5193798449612403097430000000000000000000,-20.0008613264427217912615185185185185185200,
VIC,Southside Cranbourne,1,800,Good,4,2026-09-28,5197870,5482045,Nominations,Trial,8,True,5311617,Enxuto,0,,,False,,R.D.Griffiths,False,2,7,,,,,,,,,,,,,,,,,,,,
SA,Morphettville Parks,7,1000,Good,4,2026-09-28,5197445,5475295,Paying,Trial,9,True,5311692,Watchme Win,9,0,,False,J.Holder,A.J.Gluyas,False,7,2,,,,,,,,,,,,,,,,,,,,
NSW,Tamworth,6,1200,Good,4,2026-09-28,5196006,5468324,Open,BM 78,9,False,5311898,Night Fighter,5,1,56,False,J.Duggan,S.G.Grills,False,4,,Australia,Tamworth,6,2026-09-28 06:40:00+00:00,5,Night Fighter,9,Betr,17.000,3.700,TOP3,250.000,10.000,6.79871948779511804722,-93.8811524609843937575020000000000000000000,5.762304921968787515006000,-82.4344116024788293692520000000000000000000,-78.0226468965964764282520000000000000000000,-63.2308280507235765013073323593864134404675,
NSW,Tamworth,6,1200,Good,4,2026-09-28,5196006,5468324,Open,BM 78,9,False,5311898,Night Fighter,5,1,56,False,J.Duggan,S.G.Grills,False,4,,Australia,Tamworth,6,2026-09-28 06:40:00+00:00,5,Night Fighter,9,Dabble,17.000,3.800,TOP3,250.000,10.000,6.79871948779511804722,-93.8811524609843937575020000000000000000000,5.762304921968787515006000,-82.9678397674859417450020000000000000000000,-78.5560750616035888040020000000000000000000,-64.0131387735149461448344099722991689750700,
NSW,Tamworth,6,1200,Good,4,2026-09-28,5196006,5468324,Open,BM 78,9,False,5311898,Night Fighter,5,1,56,False,J.Duggan,S.G.Grills,False,4,,Australia,Tamworth,6,2026-09-28 06:40:00+00:00,5,Night Fighter,9,Ladbrokes,17.000,3.600,TOP3,250.000,10.000,6.79871948779511804722,-93.8811524609843937575020000000000000000000,5.762304921968787515006000,-81.8713485394157663060020000000000000000000,-77.4595838335334133650020000000000000000000,-62.4132875372371170686316296296296296296300,
NSW,Tamworth,6,1200,Good,4,2026-09-28,5196006,5468324,Open,BM 78,9,False,5311898,Night Fighter,5,1,56,False,J.Duggan,S.G.Grills,False,4,,Australia,Tamworth,6,2026-09-28 06:40:00+00:00,5,Night Fighter,9,Sportsbet,18.000,4.000,TOP3,250.000,10.000,7.19887955182072829132,-93.5210084033613445378120000000000000000000,6.122448979591836734694000,-83.1043417366946778718120000000000000000000,-78.9376750700280112048120000000000000000000,-64.8751750700280112048120000000000000000000,
NSW,Tamworth,6,1200,Good,4,2026-09-28,5196006,5468324,Open,BM 78,9,False,5311898,Night Fighter,5,1,56,False,J.Duggan,S.G.Grills,False,4,,Australia,Tamworth,6,2026-09-28 06:40:00+00:00,5,Night Fighter,9,UniBet,18.000,4.200,TOP3,250.000,10.000,7.19887955182072829132,-93.5210084033613445378120000000000000000000,6.122448979591836734694000,-83.9971988795518207288120000000000000000000,-79.8305322128851540618120000000000000000000,-66.2250900360144057624174421768707482993200,
NSW,Tamworth,6,1200,Good,4,2026-09-28,5196006,5468324,Open,BM 78,9,False,5311898,Night Fighter,5,1,56,False,J.Duggan,S.G.Grills,False,4,,Australia,Tamworth,6,2026-09-28 06:40:00+00:00,5,Night Fighter,9,Surge ,17.000,3.800,TOP3,250.000,10.000,6.79871948779511804722,-93.8811524609843937575020000000000000000000,5.762304921968787515006000,-82.9678397674859417450020000000000000000000,-78.5560750616035888040020000000000000000000,-64.0131387735149461448344099722991689750700,
NSW,Wagga,6,1200,Good,4,2026-09-28,5194203,5468767,Open,Maiden,8,False,5312001,Denbury,2,2,59,False,J.Richards,D.S.Burnet,True,1,,Australia,Wagga,6,2026-09-28 06:20:00+00:00,2,Denbury,8,Dabble,3.700,1.340,TOP3,5.400,10.000,69.62264150943396226415,-37.3396226415094339622650000000000000000000,45.849056603773584905660000,-21.9100139283186312190150000000000000000000,-1.6397436580483609487650000000000000000000,12.5616374958834724216134250389841835598125,
NSW,Wagga,6,1200,Good,4,2026-09-28,5194203,5468767,Open,Maiden,8,False,5312001,Denbury,2,2,59,False,J.Richards,D.S.Burnet,True,1,,Australia,Wagga,6,2026-09-28 06:20:00+00:00,2,Denbury,8,Ladbrokes,3.800,1.400,TOP3,5.400,10.000,71.50943396226415094340,-35.6415094339622641509400000000000000000000,47.547169811320754716981000,-21.5437650730600085116900000000000000000000,-1.8069229677968506171900000000000000000000,13.4991994811827412196824489795918367346925,
NSW,Wagga,6,1200,Good,4,2026-09-28,5194203,5468767,Open,Maiden,8,False,5312001,Denbury,2,2,59,False,J.Richards,D.S.Burnet,True,1,,Australia,Wagga,6,2026-09-28 06:20:00+00:00,2,Denbury,8,Sportsbet,3.800,1.400,TOP3,5.400,10.000,71.50943396226415094340,-35.6415094339622641509400000000000000000000,47.547169811320754716981000,-21.5437650730600085116900000000000000000000,-1.8069229677968506171900000000000000000000,13.4991994811827412196824489795918367346925,
NSW,Wagga,6,1200,Good,4,2026-09-28,5194203,5468767,Open,Maiden,8,False,5312001,Denbury,2,2,59,False,J.Richards,D.S.Burnet,True,1,,Australia,Wagga,6,2026-09-28 06:20:00+00:00,2,Denbury,8,UniBet,3.800,1.340,TOP3,5.400,10.000,71.50943396226415094340,-35.6415094339622641509400000000000000000000,47.547169811320754716981000,-19.1450443907572366561900000000000000000000,0.5917977145059212383100000000000000000000,14.7931788684377546086884250389841835598125,
NSW,Wagga,6,1200,Good,4,2026-09-28,5194203,5468767,Open,Maiden,8,False,5312001,Denbury,2,2,59,False,J.Richards,D.S.Burnet,True,1,,Australia,Wagga,6,2026-09-28 06:20:00+00:00,2,Denbury,8,Surge ,3.800,1.350,TOP3,5.400,10.000,71.50943396226415094340,-35.6415094339622641509400000000000000000000,47.547169811320754716981000,-19.5596380889330243844400000000000000000000,0.1772040163301335100600000000000000000000,14.5804961974000923578233744855967078189300,
VIC,Park Kilmore,2,1450,Good,4,2026-09-28,5195834,5469787,Paying,Maiden,10,False,5312185,Gypsy Moon,6,4,58,True,L.Wood,I.M.Pankhurst,False,9,2,,,,,,,,,,,,,,,,,,,,
SA,Morphettville Parks,9,1000,Good,4,2026-09-28,5197445,5482079,Paying,Trial,6,True,5312216,Big Mav,6,0,,True,C.P.Murtagh,S.Rutten,False,2,,,,,,,,,,,,,,,,,,,,,
VIC,Coleraine,6,900,Good,4,2026-09-28,5197871,5482221,Paying,Trial,5,True,5312416,Spike Almighty,2,0,,False,C.N.Rawiller,S.M.Julian,False,1,,,,,,,,,,,,,,,,,,,,,
VIC,Park Kilmore,7,1600,Good,3,2026-09-28,5195834,5469786,Open,BM 0-57,14,False,5312534,Brookers Turbo,13,8,58,False,J.B.Stanley,J.L.Thompson,False,2,9,,,,,,,,,,,,,,,,,,,,
VIC,Park Kilmore,8,1200,Good,3,2026-09-28,5195834,5469789,Open,BM 58,12,False,5312806,Sophast,16,6,59,False,J.C.Maskiell,J.R.Keane,False,3,,Australia,Kilmore,8,2026-09-28 07:00:00+00:00,16,Sophast,12,Dabble,51.000,8.000,TOP3,250.000,8.000,20.40252880921895006402,-81.2296734955185659411016000000000000000000,18.405889884763124199744000,-74.7958499661068012351016000000000000000000,-73.3252617308126835881016000000000000000000,-65.1221367308126835881016000000000000000000,
VIC,Park Kilmore,8,1200,Good,3,2026-09-28,5195834,5469789,Open,BM 58,12,False,5312806,Sophast,16,6,59,False,J.C.Maskiell,J.R.Keane,False,3,,Australia,Kilmore,8,2026-09-28 07:00:00+00:00,16,Sophast,12,Ladbrokes,51.000,8.000,TOP3,250.000,8.000,20.40252880921895006402,-81.2296734955185659411016000000000000000000,18.405889884763124199744000,-74.7958499661068012351016000000000000000000,-73.3252617308126835881016000000000000000000,-65.1221367308126835881016000000000000000000,
VIC,Park Kilmore,8,1200,Good,3,2026-09-28,5195834,5469789,Open,BM 58,12,False,5312806,Sophast,16,6,59,False,J.C.Maskiell,J.R.Keane,False,3,,Australia,Kilmore,8,2026-09-28 07:00:00+00:00,16,Sophast,12,Sportsbet,51.000,10.000,TOP3,250.000,8.000,20.40252880921895006402,-81.2296734955185659411016000000000000000000,18.405889884763124199744000,-76.6708499661068012351016000000000000000000,-75.2002617308126835881016000000000000000000,-68.4502617308126835881016000000000000000000,
VIC,Park Kilmore,8,1200,Good,3,2026-09-28,5195834,5469789,Open,BM 58,12,False,5312806,Sophast,16,6,59,False,J.C.Maskiell,J.R.Keane,False,3,,Australia,Kilmore,8,2026-09-28 07:00:00+00:00,16,Sophast,12,UniBet,51.000,7.250,TOP3,250.000,8.000,20.40252880921895006402,-81.2296734955185659411016000000000000000000,18.405889884763124199744000,-73.8260223798999046833516000000000000000000,-72.3554341446057870363516000000000000000000,-63.4374793289101865607086154577883472057075,
VIC,Park Kilmore,8,1200,Good,3,2026-09-28,5195834,5469789,Open,BM 58,12,False,5312806,Sophast,16,6,59,False,J.C.Maskiell,J.R.Keane,False,3,,Australia,Kilmore,8,2026-09-28 07:00:00+00:00,16,Sophast,12,Surge ,51.000,7.500,TOP3,250.000,8.000,20.40252880921895006402,-81.2296734955185659411016000000000000000000,18.405889884763124199744000,-74.1708499661068012353516000000000000000000,-72.7002617308126835883516000000000000000000,-64.0335950641460169218682666666666666666675,
SA,Morphettville Parks,9,1000,Good,4,2026-09-28,5197445,5482079,Paying,Trial,6,True,5312830,Voltage Point,7,0,,False,F.A.Atkinson,C.M.Bieg,False,1,34,,,,,,,,,,,,,,,,,,,,
SA,Morphettville Parks,17,1250,Good,4,2026-09-28,5197445,5475297,Paying,Trial,8,True,5312993,Oh Lovey No,3,0,,True,J.B.Murphy,Aaron Bain & Ned Taylor,False,5,8,,,,,,,,,,,,,,,,,,,,
VIC,Park Kilmore,7,1600,Good,3,2026-09-28,5195834,5469786,Open,BM 0-57,14,False,5313365,Ataegina,8,15,60.5,True,W.J.Egan,L.F.Oliver,False,6,,,,,,,,,,,,,,,,,,,,,
VIC,Southside Cranbourne,15,1000,Good,4,2026-09-28,5197870,5482059,Nominations,Trial,8,True,5313563,Shintaro Samurai,0,,,False,,D.Q.Julius,False,1,2,,,,,,,,,,,,,,,,,,,,
NSW,Tamworth,6,1200,Good,4,2026-09-28,5196006,5468324,Open,BM 78,9,False,5314734,Iron Hat,9,6,55,False,M.Weir,J.L.Bowen,False,2,4,Australia,Tamworth,6,2026-09-28 06:40:00+00:00,9,Iron Hat,9,Betr,21.000,4.200,TOP3,600.000,10.000,3.49891648608101350225,-96.8509751625270878479750000000000000000000,3.000500083347224537423000,-86.1366894482413735624750000000000000000000,-82.5652608768128021337250000000000000000000,-68.9598186999420538343304421768707482993200,
NSW,Tamworth,6,1200,Good,4,2026-09-28,5196006,5468324,Open,BM 78,9,False,5314734,Iron Hat,9,6,55,False,M.Weir,J.L.Bowen,False,2,4,Australia,Tamworth,6,2026-09-28 06:40:00+00:00,9,Iron Hat,9,Dabble,21.000,4.000,TOP3,600.000,10.000,3.49891648608101350225,-96.8509751625270878479750000000000000000000,3.000500083347224537423000,-85.2438323053842307054750000000000000000000,-81.6724037339556592767250000000000000000000,-67.6099037339556592767250000000000000000000,
NSW,Tamworth,6,1200,Good,4,2026-09-28,5196006,5468324,Open,BM 78,9,False,5314734,Iron Hat,9,6,55,False,M.Weir,J.L.Bowen,False,2,4,Australia,Tamworth,6,2026-09-28 06:40:00+00:00,9,Iron Hat,9,Ladbrokes,21.000,4.200,TOP3,600.000,10.000,3.49891648608101350225,-96.8509751625270878479750000000000000000000,3.000500083347224537423000,-86.1366894482413735624750000000000000000000,-82.5652608768128021337250000000000000000000,-68.9598186999420538343304421768707482993200,
NSW,Tamworth,6,1200,Good,4,2026-09-28,5196006,5468324,Open,BM 78,9,False,5314734,Iron Hat,9,6,55,False,M.Weir,J.L.Bowen,False,2,4,Australia,Tamworth,6,2026-09-28 06:40:00+00:00,9,Iron Hat,9,Sportsbet,20.000,4.330,TOP3,600.000,10.000,3.33222203700616769462,-97.0010001666944490748420000000000000000000,2.850475079179863310552000,-87.1799840004126938788420000000000000000000,-83.4299840004126938788420000000000000000000,-70.1092025145655241783836051074996399788800,
NSW,Tamworth,6,1200,Good,4,2026-09-28,5196006,5468324,Open,BM 78,9,False,5314734,Iron Hat,9,6,55,False,M.Weir,J.L.Bowen,False,2,4,Australia,Tamworth,6,2026-09-28 06:40:00+00:00,9,Iron Hat,9,UniBet,21.000,4.400,TOP3,600.000,10.000,3.49891648608101350225,-96.8509751625270878479750000000000000000000,3.000500083347224537423000,-86.9483777599296852507250000000000000000000,-83.3769491885011138219750000000000000000000,-70.2054615851953286978964876033057851239675,
NSW,Tamworth,6,1200,Good,4,2026-09-28,5196006,5468324,Open,BM 78,9,False,5314734,Iron Hat,9,6,55,False,M.Weir,J.L.Bowen,False,2,4,Australia,Tamworth,6,2026-09-28 06:40:00+00:00,9,Iron Hat,9,Surge ,21.000,3.900,TOP3,600.000,10.000,3.49891648608101350225,-96.8509751625270878479750000000000000000000,3.000500083347224537423000,-84.7630630746149999359750000000000000000000,-81.1916345031864285072250000000000000000000,-66.8918317418452056274094181459566074950700,
NSW,Wagga,3,1600,Good,4,2026-09-28,5194203,5468764,Open,BM 70,5,False,5314922,Good Prize,1,7,64.5,True,,G.Vella,False,5,,,,,,,,,,,,,,,,,,,,,
VIC,Southside Cranbourne,2,800,Good,4,2026-09-28,5197870,5482046,Nominations,Trial,8,True,5315122,Nearing Liberty,0,,,False,,M.Brown,False,5,10,,,,,,,,,,,,,,,,,,,,
VIC,Park Kilmore,6,2000,Good,3,2026-09-28,5195834,5469785,Open,BM 0-57,12,False,5315290,Azeola,7,9,60,False,A.G.Kennedy,W.B.Brisbourne,False,7,,Australia,Kilmore,6,2026-09-28 06:00:00+00:00,7,Azeola,12,Dabble,26.000,5.000,TOP3,600.000,8.000,4.33224429923989865315,-96.0143352446992932391020000000000000000000,3.833844512601680224030000,-86.7835660139300624701020000000000000000000,-83.8989506293146778546020000000000000000000,-71.8989506293146778546020000000000000000000,
VIC,Park Kilmore,6,2000,Good,3,2026-09-28,5195834,5469785,Open,BM 0-57,12,False,5315290,Azeola,7,9,60,False,A.G.Kennedy,W.B.Brisbourne,False,7,,Australia,Kilmore,6,2026-09-28 06:00:00+00:00,7,Azeola,12,Ladbrokes,26.000,5.500,TOP3,600.000,8.000,4.33224429923989865315,-96.0143352446992932391020000000000000000000,3.833844512601680224030000,-88.1472023775664261066020000000000000000000,-85.2625869929510414911020000000000000000000,-74.1055621995626117391226611570247933884300,
VIC,Park Kilmore,6,2000,Good,3,2026-09-28,5195834,5469785,Open,BM 0-57,12,False,5315290,Azeola,7,9,60,False,A.G.Kennedy,W.B.Brisbourne,False,7,,Australia,Kilmore,6,2026-09-28 06:00:00+00:00,7,Azeola,12,Sportsbet,26.000,6.000,TOP3,600.000,8.000,4.33224429923989865315,-96.0143352446992932391020000000000000000000,3.833844512601680224030000,-89.2835660139300624698520000000000000000000,-86.3989506293146778543520000000000000000000,-75.9822839626480111875186666666666666666675,
VIC,Park Kilmore,6,2000,Good,3,2026-09-28,5195834,5469785,Open,BM 0-57,12,False,5315290,Azeola,7,9,60,False,A.G.Kennedy,W.B.Brisbourne,False,7,,Australia,Kilmore,6,2026-09-28 06:00:00+00:00,7,Azeola,12,UniBet,26.000,5.500,TOP3,600.000,8.000,4.33224429923989865315,-96.0143352446992932391020000000000000000000,3.833844512601680224030000,-88.1472023775664261066020000000000000000000,-85.2625869929510414911020000000000000000000,-74.1055621995626117391226611570247933884300,
VIC,Park Kilmore,6,2000,Good,3,2026-09-28,5195834,5469785,Open,BM 0-57,12,False,5315290,Azeola,7,9,60,False,A.G.Kennedy,W.B.Brisbourne,False,7,,Australia,Kilmore,6,2026-09-28 06:00:00+00:00,7,Azeola,12,Surge ,26.000,4.800,TOP3,600.000,8.000,4.33224429923989865315,-96.0143352446992932391020000000000000000000,3.833844512601680224030000,-86.1585660139300624703520000000000000000000,-83.2739506293146778548520000000000000000000,-70.9041589626480111883311666666666666666675,
VIC,Park Kilmore,6,2000,Good,3,2026-09-28,5195834,5469785,Open,BM 0-57,12,False,5315290,Azeola,7,9,60,False,A.G.Kennedy,W.B.Brisbourne,False,7,,Australia,Kilmore,6,2026-09-28 06:00:00+00:00,7,Azeola,12,Betr,26.000,5.500,TOP3,600.000,8.000,4.33224429923989865315,-96.0143352446992932391020000000000000000000,3.833844512601680224030000,-88.1472023775664261066020000000000000000000,-85.2625869929510414911020000000000000000000,-74.1055621995626117391226611570247933884300,
NSW,Wagga,2,2000,Good,4,2026-09-28,5194203,5468765,Paying,BM 64,6,False,5315654,That A Boy,4,2,57,False,C.Keatings,P.J.Facoory,False,7,17,,,,,,,,,,,,,,,,,,,,
NSW,Wagga,2,1000,Good,0,2026-09-28,5197836,5482018,FinalFields,Trial,8,True,5315751,Noir Vitesse,7,10,,True,,D.S.Burnet,False,2,,,,,,,,,,,,,,,,,,,,,
WA,Bunbury,8,1200,Soft,5,2026-09-28,5196062,5466018,Open,BM 70,13,False,5315986,Romming Danger,13,14,55,False,C.A.Cooper,G.C.Ballantyne,False,7,19,,,,,,,,,,,,,,,,,,,,
VIC,Southside Cranbourne,18,1200,Good,4,2026-09-28,5197870,5482062,Nominations,Trial,10,True,5317040,Mwamba,0,,,False,,P.J.Kramer,False,1,,,,,,,,,,,,,,,,,,,,,
NSW,Wagga,4,1000,Good,4,2026-09-28,5194203,5468763,Open,BM 64,9,False,5317122,Dolly,5,4,58,False,S.Guymer,S.M.Spackman,False,1,4,Australia,Wagga,4,2026-09-28 05:10:00+00:00,5,Dolly,9,Dabble,6.500,2.050,TOP3,19.500,10.000,33.45360824742268041237,-69.8917525773195876288670000000000000000000,25.515463917525773195876000,-56.3833098005841279663670000000000000000000,-44.8448482621225895051170000000000000000000,-26.1060023370779732053043884592504461630000,
NSW,Wagga,4,1000,Good,4,2026-09-28,5194203,5468763,Open,BM 64,9,False,5317122,Dolly,5,4,58,False,S.Guymer,S.M.Spackman,False,1,4,Australia,Wagga,4,2026-09-28 05:10:00+00:00,5,Dolly,9,Ladbrokes,6.500,2.000,TOP3,19.500,10.000,33.45360824742268041237,-69.8917525773195876288670000000000000000000,25.515463917525773195876000,-55.4686756542426645513670000000000000000000,-43.9302141157811260901170000000000000000000,-25.1802141157811260901170000000000000000000,
NSW,Wagga,4,1000,Good,4,2026-09-28,5194203,5468763,Open,BM 64,9,False,5317122,Dolly,5,4,58,False,S.Guymer,S.M.Spackman,False,1,4,Australia,Wagga,4,2026-09-28 05:10:00+00:00,5,Dolly,9,Sportsbet,6.500,1.950,TOP3,19.500,10.000,33.45360824742268041237,-69.8917525773195876288670000000000000000000,25.515463917525773195876000,-54.5071371927042030131170000000000000000000,-42.9686756542426645518670000000000000000000,-24.2310030704162345715854418145956607495075,
NSW,Wagga,4,1000,Good,4,2026-09-28,5194203,5468763,Open,BM 64,9,False,5317122,Dolly,5,4,58,False,S.Guymer,S.M.Spackman,False,1,4,Australia,Wagga,4,2026-09-28 05:10:00+00:00,5,Dolly,9,UniBet,6.500,2.000,TOP3,19.500,10.000,33.45360824742268041237,-69.8917525773195876288670000000000000000000,25.515463917525773195876000,-55.4686756542426645513670000000000000000000,-43.9302141157811260901170000000000000000000,-25.1802141157811260901170000000000000000000,
NSW,Wagga,4,1000,Good,4,2026-09-28,5194203,5468763,Open,BM 64,9,False,5317122,Dolly,5,4,58,False,S.Guymer,S.M.Spackman,False,1,4,Australia,Wagga,4,2026-09-28 05:10:00+00:00,5,Dolly,9,Surge ,6.500,2.050,TOP3,19.500,10.000,33.45360824742268041237,-69.8917525773195876288670000000000000000000,25.515463917525773195876000,-56.3833098005841279663670000000000000000000,-44.8448482621225895051170000000000000000000,-26.1060023370779732053043884592504461630000,
NSW,Tamworth,4,1400,Good,4,2026-09-28,5196006,5468326,Open,BM 64,7,False,5317419,Nugget Smart,6,5,55,False,G.Johnston,B.J.Blay,False,11,7,Australia,Tamworth,4,2026-09-28 05:25:00+00:00,6,Nugget Smart,7,Betr,4.600,2.150,TOP2,14.500,10.000,31.87500000000000000000,-71.3125000000000000000000000000000000000000,22.500000000000000000000000,-52.7331268958543983825000000000000000000000,-34.0743924447997742613558680367766360194700,-18.75586410694097522623958633450733166393718008740491183897512609104770941625441200,
NSW,Tamworth,4,1400,Good,4,2026-09-28,5196006,5468326,Open,BM 64,7,False,5317419,Nugget Smart,6,5,55,False,G.Johnston,B.J.Blay,False,11,7,Australia,Tamworth,4,2026-09-28 05:25:00+00:00,6,Nugget Smart,7,Dabble,4.400,2.350,TOP2,14.500,10.000,30.48611111111111111111,-72.5625000000000000000010000000000000000000,21.250000000000000000000000,-57.6930609284332688587510000000000000000000,-39.3589731058891312398809230421004979628800,-22.77612680917424352498452879009918886091291584019529145450285926936617373143859200,
NSW,Tamworth,4,1400,Good,4,2026-09-28,5196006,5468326,Open,BM 64,7,False,5317419,Nugget Smart,6,5,55,False,G.Johnston,B.J.Blay,False,11,7,Australia,Tamworth,4,2026-09-28 05:25:00+00:00,6,Nugget Smart,7,Ladbrokes,4.600,2.250,TOP2,14.500,10.000,31.87500000000000000000,-71.3125000000000000000000000000000000000000,22.500000000000000000000000,-54.2835144927536231890000000000000000000000,-35.7649959742351046705185185185185185185200,-19.76133799526848372844718792866941015089437585733882030178327937814357567443987200,
NSW,Tamworth,4,1400,Good,4,2026-09-28,5196006,5468326,Open,BM 64,7,False,5317419,Nugget Smart,6,5,55,False,G.Johnston,B.J.Blay,False,11,7,Australia,Tamworth,4,2026-09-28 05:25:00+00:00,6,Nugget Smart,7,Sportsbet,4.600,2.200,TOP2,14.500,10.000,31.87500000000000000000,-71.3125000000000000000000000000000000000000,22.500000000000000000000000,-53.5259387351778656132500000000000000000000,-34.9308974128638160265041322314049586776875,-19.25573861223544364741766272795574072809510962365958609384606413496345878013796875,
NSW,Tamworth,4,1400,Good,4,2026-09-28,5196006,5468326,Open,BM 64,7,False,5317419,Nugget Smart,6,5,55,False,G.Johnston,B.J.Blay,False,11,7,Australia,Tamworth,4,2026-09-28 05:25:00+00:00,6,Nugget Smart,7,UniBet,4.600,2.200,TOP2,14.500,10.000,31.87500000000000000000,-71.3125000000000000000000000000000000000000,22.500000000000000000000000,-53.5259387351778656132500000000000000000000,-34.9308974128638160265041322314049586776875,-19.25573861223544364741766272795574072809510962365958609384606413496345878013796875,
NSW,Tamworth,4,1400,Good,4,2026-09-28,5196006,5468326,Open,BM 64,7,False,5317419,Nugget Smart,6,5,55,False,G.Johnston,B.J.Blay,False,11,7,Australia,Tamworth,4,2026-09-28 05:25:00+00:00,6,Nugget Smart,7,Surge ,4.600,2.200,TOP2,14.500,10.000,31.87500000000000000000,-71.3125000000000000000000000000000000000000,22.500000000000000000000000,-53.5259387351778656132500000000000000000000,-34.9308974128638160265041322314049586776875,-19.25573861223544364741766272795574072809510962365958609384606413496345878013796875,
NSW,Wagga,1,1000,Good,0,2026-09-28,5197836,5482019,FinalFields,Trial,10,True,5317468,Cookardinia Miss,3,7,,False,,D.L.Scott,False,1,,,,,,,,,,,,,,,,,,,,,
WA,Bunbury,5,1000,Soft,5,2026-09-28,5196062,5466016,Open,BM 58,8,False,5318039,The Mighty Bell,5,3,56,False,J.Noske,B.R.Larsson,False,1,,Australia,Bunbury,5,2026-09-28 07:42:00+00:00,5,The Mighty Bell,8,Betr,10.000,2.300,TOP3,32.000,8.000,31.29699248120300751880,-71.2067669172932330827040000000000000000000,25.939849624060150375940000,-53.5980712651193200394540000000000000000000,-46.0980712651193200394540000000000000000000,-27.6670693747601517975177996219281663516075,
WA,Bunbury,5,1000,Soft,5,2026-09-28,5196062,5466016,Open,BM 58,8,False,5318039,The Mighty Bell,5,3,56,False,J.Noske,B.R.Larsson,False,1,,Australia,Bunbury,5,2026-09-28 07:42:00+00:00,5,The Mighty Bell,8,Dabble,10.000,2.500,TOP3,32.000,8.000,31.29699248120300751880,-71.2067669172932330827040000000000000000000,25.939849624060150375940000,-56.2067669172932330827040000000000000000000,-48.7067669172932330827040000000000000000000,-30.7067669172932330827040000000000000000000,
WA,Bunbury,5,1000,Soft,5,2026-09-28,5196062,5466016,Open,BM 58,8,False,5318039,The Mighty Bell,5,3,56,False,J.Noske,B.R.Larsson,False,1,,Australia,Bunbury,5,2026-09-28 07:42:00+00:00,5,The Mighty Bell,8,Ladbrokes,10.000,2.300,TOP3,32.000,8.000,31.29699248120300751880,-71.2067669172932330827040000000000000000000,25.939849624060150375940000,-53.5980712651193200394540000000000000000000,-46.0980712651193200394540000000000000000000,-27.6670693747601517975177996219281663516075,
WA,Bunbury,5,1000,Soft,5,2026-09-28,5196062,5466016,Open,BM 58,8,False,5318039,The Mighty Bell,5,3,56,False,J.Noske,B.R.Larsson,False,1,,Australia,Bunbury,5,2026-09-28 07:42:00+00:00,5,The Mighty Bell,8,Sportsbet,10.000,2.380,TOP3,32.000,8.000,31.29699248120300751880,-71.2067669172932330827040000000000000000000,25.939849624060150375940000,-54.6941618752764263602040000000000000000000,-47.1941618752764263602040000000000000000000,-28.9221471870481938907758169620789492267500,
WA,Bunbury,5,1000,Soft,5,2026-09-28,5196062,5466016,Open,BM 58,8,False,5318039,The Mighty Bell,5,3,56,False,J.Noske,B.R.Larsson,False,1,,Australia,Bunbury,5,2026-09-28 07:42:00+00:00,5,The Mighty Bell,8,UniBet,10.000,2.400,TOP3,32.000,8.000,31.29699248120300751880,-71.2067669172932330827040000000000000000000,25.939849624060150375940000,-54.9567669172932330824540000000000000000000,-47.4567669172932330824540000000000000000000,-29.2276002506265664157456666666666666666675,
WA,Bunbury,5,1000,Soft,5,2026-09-28,5196062,5466016,Open,BM 58,8,False,5318039,The Mighty Bell,5,3,56,False,J.Noske,B.R.Larsson,False,1,,Australia,Bunbury,5,2026-09-28 07:42:00+00:00,5,The Mighty Bell,8,Surge ,10.000,2.450,TOP3,32.000,8.000,31.29699248120300751880,-71.2067669172932330827040000000000000000000,25.939849624060150375940000,-55.5945220193340494092040000000000000000000,-48.0945220193340494092040000000000000000000,-29.9770709572765733575532294877134527280300,
NSW,Wagga,2,2000,Good,4,2026-09-28,5194203,5468765,Paying,BM 64,6,False,5318040,Malinga Missile,8,5,55,False,D.Budler,R.J.Potter,False,8,,,,,,,,,,,,,,,,,,,,,
SA,Morphettville Parks,7,1000,Good,4,2026-09-28,5197445,5475295,Paying,Trial,9,True,5318066,Isuspectjeu,3,0,,False,M.Cox,G.B.Kluske,False,1,5,,,,,,,,,,,,,,,,,,,,
WA,Bunbury,3,1400,Soft,5,2026-09-28,5196062,5481878,Open,Maiden,11,False,5318194,Told You,11,13,56,False,J.Noske,G.L.Carige,False,4,,,,,,,,,,,,,,,,,,,,,
WA,Bunbury,2,1100,Soft,5,2026-09-28,5196062,5466013,Open,Maiden,11,False,5318195,Findout,2,11,58,False,J.Noske,G.L.Carige,False,2,4,,,,,,,,,,,,,,,,,,,,
NSW,Warwick Farm,4,795,Soft,5,2026-09-28,5197463,5481986,Paying,Trial,9,True,5318217,Mogo Magic,3,0,,False,C.Schofield,J.J.W.Pride,False,13,3,,,,,,,,,,,,,,,,,,,,
NSW,Wagga,7,1200,Good,4,2026-09-28,5194203,5468766,Open,BM 70,8,False,5318896,Daze Off,6,12,57,True,J.Richards,D.J.Gorrel,False,2,,,,,,,,,,,,,,,,,,,,,
NSW,Wagga,2,2000,Good,4,2026-09-28,5194203,5468765,Paying,BM 64,6,False,5319763,It Is To Be,7,6,55.5,True,S.Guymer,P.W.Murphy,False,16,27,,,,,,,,,,,,,,,,,,,,
WA,Bunbury,8,1200,Soft,5,2026-09-28,5196062,5466018,Open,BM 70,13,False,5319816,Run Pattie Run,8,9,57.5,False,H.M.Watson,D.R.L.Taylor,False,4,,Australia,Bunbury,8,2026-09-28 09:30:00+00:00,8,Run Pattie Run,13,Dabble,12.000,3.700,TOP3,42.000,8.000,28.60209923664122137405,-73.6860687022900763358740000000000000000000,24.141221374045801526718000,-65.9157984320198060651240000000000000000000,-59.6657984320198060653740000000000000000000,-44.8739795861469061384293323593864134404675,
WA,Bunbury,8,1200,Soft,5,2026-09-28,5196062,5466018,Open,BM 70,13,False,5319816,Run Pattie Run,8,9,57.5,False,H.M.Watson,D.R.L.Taylor,False,4,,Australia,Bunbury,8,2026-09-28 09:30:00+00:00,8,Run Pattie Run,13,Ladbrokes,13.000,3.700,TOP3,42.000,8.000,30.98759541984732824427,-71.4914122137404580152716000000000000000000,26.335877862595419847328000,-62.7596034819317262070216000000000000000000,-56.9903727127009569760216000000000000000000,-42.1985538668280570490769323593864134404675,
WA,Bunbury,8,1200,Soft,5,2026-09-28,5196062,5466018,Open,BM 70,13,False,5319816,Run Pattie Run,8,9,57.5,False,H.M.Watson,D.R.L.Taylor,False,4,,Australia,Bunbury,8,2026-09-28 09:30:00+00:00,8,Run Pattie Run,13,Sportsbet,13.000,3.500,TOP3,42.000,8.000,30.98759541984732824427,-71.4914122137404580152716000000000000000000,26.335877862595419847328000,-61.6013023236305679055216000000000000000000,-55.8320715543997986745216000000000000000000,-40.5259491054202068376491510204081632653075,
WA,Bunbury,8,1200,Soft,5,2026-09-28,5196062,5466018,Open,BM 70,13,False,5319816,Run Pattie Run,8,9,57.5,False,H.M.Watson,D.R.L.Taylor,False,4,,Australia,Bunbury,8,2026-09-28 09:30:00+00:00,8,Run Pattie Run,13,UniBet,13.000,3.800,TOP3,42.000,8.000,30.98759541984732824427,-71.4914122137404580152716000000000000000000,26.335877862595419847328000,-63.2930316469388385827716000000000000000000,-57.5238008777080693517716000000000000000000,-42.9808645896194266926040099722991689750700,
WA,Bunbury,8,1200,Soft,5,2026-09-28,5196062,5466018,Open,BM 70,13,False,5319816,Run Pattie Run,8,9,57.5,False,H.M.Watson,D.R.L.Taylor,False,4,,Australia,Bunbury,8,2026-09-28 09:30:00+00:00,8,Run Pattie Run,13,Surge ,13.000,3.800,TOP3,42.000,8.000,30.98759541984732824427,-71.4914122137404580152716000000000000000000,26.335877862595419847328000,-63.2930316469388385827716000000000000000000,-57.5238008777080693517716000000000000000000,-42.9808645896194266926040099722991689750700,
WA,Bunbury,3,1400,Soft,5,2026-09-28,5196062,5481878,Open,Maiden,11,False,5320620,Hamadryad,5,4,56,False,J.K.Tsang,S.P.Proudfoot,False,5,,Australia,Bunbury,3,2026-09-28 06:27:00+00:00,5,Hamadryad,11,Betr,5.000,1.820,TOP3,6.800,8.000,74.25595238095238095238,-31.6845238095238095238104000000000000000000,54.761904761904761904762000,-20.4757326007326007325604000000000000000000,-5.4757326007326007325604000000000000000000,13.0908656361953065250131116531819828523125,
WA,Bunbury,3,1400,Soft,5,2026-09-28,5196062,5481878,Open,Maiden,11,False,5320620,Hamadryad,5,4,56,False,J.K.Tsang,S.P.Proudfoot,False,5,,Australia,Bunbury,3,2026-09-28 06:27:00+00:00,5,Hamadryad,11,Dabble,5.000,2.000,TOP3,6.800,8.000,74.25595238095238095238,-31.6845238095238095238104000000000000000000,54.761904761904761904762000,-24.1845238095238095238104000000000000000000,-9.1845238095238095238104000000000000000000,9.5654761904761904761896000000000000000000,
WA,Bunbury,3,1400,Soft,5,2026-09-28,5196062,5481878,Open,Maiden,11,False,5320620,Hamadryad,5,4,56,False,J.K.Tsang,S.P.Proudfoot,False,5,,Australia,Bunbury,3,2026-09-28 06:27:00+00:00,5,Hamadryad,11,Ladbrokes,5.000,1.650,TOP3,6.800,8.000,74.25595238095238095238,-31.6845238095238095238104000000000000000000,54.761904761904761904762000,-16.2299783549783549780604000000000000000000,-1.2299783549783549780604000000000000000000,16.6763577331759149943287184573002754820925,
WA,Bunbury,3,1400,Soft,5,2026-09-28,5196062,5481878,Open,Maiden,11,False,5320620,Hamadryad,5,4,56,False,J.K.Tsang,S.P.Proudfoot,False,5,,Australia,Bunbury,3,2026-09-28 06:27:00+00:00,5,Hamadryad,11,Sportsbet,5.500,1.880,TOP3,6.800,8.000,81.69642857142857142857,-24.8392857142857142857156000000000000000000,61.607142857142857142857000,-12.2183959657363912677156000000000000000000,1.4179676706272450957844000000000000000000,20.0915756380333111890188952467179719330000,
WA,Bunbury,3,1400,Soft,5,2026-09-28,5196062,5481878,Open,Maiden,11,False,5320620,Hamadryad,5,4,56,False,J.K.Tsang,S.P.Proudfoot,False,5,,Australia,Bunbury,3,2026-09-28 06:27:00+00:00,5,Hamadryad,11,UniBet,5.500,2.050,TOP3,6.800,8.000,81.69642857142857142857,-24.8392857142857142857156000000000000000000,61.607142857142857142857000,-15.5266471333544504277156000000000000000000,-1.8902834969908140642156000000000000000000,16.8485624280538022355970115407495538370000,
WA,Bunbury,3,1400,Soft,5,2026-09-28,5196062,5481878,Open,Maiden,11,False,5320620,Hamadryad,5,4,56,False,J.K.Tsang,S.P.Proudfoot,False,5,,Australia,Bunbury,3,2026-09-28 06:27:00+00:00,5,Hamadryad,11,Surge ,5.000,1.950,TOP3,6.800,8.000,74.25595238095238095238,-31.6845238095238095238104000000000000000000,54.761904761904761904762000,-23.2229853479853479855604000000000000000000,-8.2229853479853479855604000000000000000000,10.5146872358410819947211581854043392504925,
VIC,Park Kilmore,6,2000,Good,3,2026-09-28,5195834,5469785,Open,BM 0-57,12,False,5321043,Just Swift,10,14,59,True,J.M.Allen,M.Freedman,False,9,,,,,,,,,,,,,,,,,,,,,
NSW,Warwick Farm,3,795,Soft,5,2026-09-28,5197463,5481985,Paying,Trial,8,True,5321675,Can Expect Greater,1,0,,False,S.Grima,J.C.Coyle,False,1,,,,,,,,,,,,,,,,,,,,,
SA,Morphettville Parks,6,800,Good,4,2026-09-28,5197445,5475291,Paying,Trial,9,True,5321793,Genco,9,0,,False,A.J.Stead,J.B.O'Connor,True,1,,,,,,,,,,,,,,,,,,,,,
SA,Morphettville Parks,17,1250,Good,4,2026-09-28,5197445,5475297,Paying,Trial,8,True,5322078,Track Patcher,8,0,,False,O.Ridge,O.Ridge,False,2,13,,,,,,,,,,,,,,,,,,,,
SA,Morphettville Parks,17,1250,Good,4,2026-09-28,5197445,5475297,Paying,Trial,8,True,5322350,Showrunner,2,0,,False,B.Price,T.J.Doudle,False,4,5,,,,,,,,,,,,,,,,,,,,
SA,Morphettville Parks,2,800,Good,4,2026-09-28,5197445,5482083,Paying,Trial,5,True,5322703,Big Brute,2,0,,True,F.A.Atkinson,C.M.Bieg,False,2,20,,,,,,,,,,,,,,,,,,,,
NSW,Tamworth,1,2100,Good,4,2026-09-28,5196006,5468325,Paying,BM 64,6,False,5322846,Fabs Cuz,6,5,56,False,M.Weir,S.R.Osland,False,4,,,,,,,,,,,,,,,,,,,,,
SA,Morphettville Parks,3,800,Good,4,2026-09-28,5197445,5482084,Paying,Trial,6,True,5322855,Talisay,4,0,,True,J.E.Weatherley,Will Clarken & Charlotte Sorby,False,4,24,,,,,,,,,,,,,,,,,,,,
NSW,Wagga,5,1600,Good,4,2026-09-28,5194203,5468769,Open,Maiden,10,False,5323041,Demanda,2,9,59,False,A.Layt,R.Waters,False,7,,,,,,,,,,,,,,,,,,,,,
NSW,Wagga,7,1200,Good,4,2026-09-28,5194203,5468766,Open,BM 70,8,False,5323054,Dee Dee Express,8,10,55.5,False,J.Van Overmeire,M.J.Dale,False,7,,Australia,Wagga,7,2026-09-28 06:55:00+00:00,8,Dee Dee Express,8,Dabble,8.000,2.100,TOP3,19.000,10.000,42.27513227513227513228,-61.9523809523809523809480000000000000000000,33.333333333333333333333000,-44.9880952380952380949480000000000000000000,-35.6130952380952380949480000000000000000000,-16.9056122448979591833697687074829931972800,
NSW,Wagga,7,1200,Good,4,2026-09-28,5194203,5468766,Open,BM 70,8,False,5323054,Dee Dee Express,8,10,55.5,False,J.Van Overmeire,M.J.Dale,False,7,,Australia,Wagga,7,2026-09-28 06:55:00+00:00,8,Dee Dee Express,8,Ladbrokes,8.000,2.000,TOP3,19.000,10.000,42.27513227513227513228,-61.9523809523809523809480000000000000000000,33.333333333333333333333000,-43.2023809523809523809480000000000000000000,-33.8273809523809523809480000000000000000000,-15.0773809523809523809480000000000000000000,
NSW,Wagga,7,1200,Good,4,2026-09-28,5194203,5468766,Open,BM 70,8,False,5323054,Dee Dee Express,8,10,55.5,False,J.Van Overmeire,M.J.Dale,False,7,,Australia,Wagga,7,2026-09-28 06:55:00+00:00,8,Dee Dee Express,8,Sportsbet,8.000,2.050,TOP3,19.000,10.000,42.27513227513227513228,-61.9523809523809523809480000000000000000000,33.333333333333333333333000,-44.1170150987224157959480000000000000000000,-34.7420150987224157959480000000000000000000,-16.0031691736777994961353884592504461630000,
NSW,Wagga,7,1200,Good,4,2026-09-28,5194203,5468766,Open,BM 70,8,False,5323054,Dee Dee Express,8,10,55.5,False,J.Van Overmeire,M.J.Dale,False,7,,Australia,Wagga,7,2026-09-28 06:55:00+00:00,8,Dee Dee Express,8,UniBet,8.000,2.000,TOP3,19.000,10.000,42.27513227513227513228,-61.9523809523809523809480000000000000000000,33.333333333333333333333000,-43.2023809523809523809480000000000000000000,-33.8273809523809523809480000000000000000000,-15.0773809523809523809480000000000000000000,
NSW,Wagga,7,1200,Good,4,2026-09-28,5194203,5468766,Open,BM 70,8,False,5323054,Dee Dee Express,8,10,55.5,False,J.Van Overmeire,M.J.Dale,False,7,,Australia,Wagga,7,2026-09-28 06:55:00+00:00,8,Dee Dee Express,8,Surge ,8.500,2.150,TOP3,19.000,10.000,44.92063492063492063492,-59.5714285714285714285720000000000000000000,35.714285714285714285714000,-42.3347664647254250530720000000000000000000,-33.5112370529607191710720000000000000000000,-14.8525026019060950499278680367766360194700,
WA,Bunbury,7,1695,Soft,5,2026-09-28,5196062,5466017,Open,BM 58,12,False,5323082,More Heroic,8,8,57,True,S.F.Mcgruddy,R.I.Bayliss,False,6,2,,,,,,,,,,,,,,,,,,,,
WA,Bunbury,5,1000,Soft,5,2026-09-28,5196062,5466016,Open,BM 58,8,False,5323109,Varazze,8,6,54,False,M.J.Derrick,P.J.Naylor,False,13,5,,,,,,,,,,,,,,,,,,,,
SA,Morphettville Parks,15,1000,Good,4,2026-09-28,5197445,5482074,Paying,Trial,8,True,5323290,Icanhearzou,9,0,,False,A.J.Stead,S.K.Stutley,False,1,,,,,,,,,,,,,,,,,,,,,
NSW,Tamworth,7,1000,Good,4,2026-09-28,5196006,5468327,Open,BM 70,9,False,5323429,Olufsen,3,3,59,False,J.G.Stiff,L.F.Selby,False,13,3,Australia,Tamworth,7,2026-09-28 07:15:00+00:00,3,Olufsen,9,Dabble,16.000,3.500,TOP3,100.000,10.000,16.00600600600600600601,-85.5945945945945945945910000000000000000000,13.513513513513513513514000,-73.5410231660231660228410000000000000000000,-68.8535231660231660228410000000000000000000,-53.5474007170435741859685510204081632653075,
NSW,Tamworth,7,1000,Good,4,2026-09-28,5196006,5468327,Open,BM 70,9,False,5323429,Olufsen,3,3,59,False,J.G.Stiff,L.F.Selby,False,13,3,Australia,Tamworth,7,2026-09-28 07:15:00+00:00,3,Olufsen,9,Ladbrokes,16.000,3.400,TOP3,100.000,10.000,16.00600600600600600601,-85.5945945945945945945910000000000000000000,13.513513513513513513514000,-72.9107710651828298888410000000000000000000,-68.2232710651828298888410000000000000000000,-52.6523368091274665670961903114186851211075,
NSW,Tamworth,7,1000,Good,4,2026-09-28,5196006,5468327,Open,BM 70,9,False,5323429,Olufsen,3,3,59,False,J.G.Stiff,L.F.Selby,False,13,3,Australia,Tamworth,7,2026-09-28 07:15:00+00:00,3,Olufsen,9,Sportsbet,17.000,3.600,TOP3,100.000,10.000,17.00700700700700700701,-84.6936936936936936936910000000000000000000,14.414414414414414414414000,-72.6838897721250662421910000000000000000000,-68.2721250662427133011910000000000000000000,-53.2258287699464170048206296296296296296300,
NSW,Tamworth,7,1000,Good,4,2026-09-28,5196006,5468327,Open,BM 70,9,False,5323429,Olufsen,3,3,59,False,J.G.Stiff,L.F.Selby,False,13,3,Australia,Tamworth,7,2026-09-28 07:15:00+00:00,3,Olufsen,9,UniBet,17.000,3.800,TOP3,100.000,10.000,17.00700700700700700701,-84.6936936936936936936910000000000000000000,14.414414414414414414414000,-73.7803810001952416811910000000000000000000,-69.3686162943128887401910000000000000000000,-54.8256800062242460810234099722991689750700,
NSW,Tamworth,7,1000,Good,4,2026-09-28,5196006,5468327,Open,BM 70,9,False,5323429,Olufsen,3,3,59,False,J.G.Stiff,L.F.Selby,False,13,3,Australia,Tamworth,7,2026-09-28 07:15:00+00:00,3,Olufsen,9,Surge ,16.000,3.500,TOP3,100.000,10.000,16.00600600600600600601,-85.5945945945945945945910000000000000000000,13.513513513513513513514000,-73.5410231660231660228410000000000000000000,-68.8535231660231660228410000000000000000000,-53.5474007170435741859685510204081632653075,
NSW,Tamworth,7,1000,Good,4,2026-09-28,5196006,5468327,Open,BM 70,9,False,5323429,Olufsen,3,3,59,False,J.G.Stiff,L.F.Selby,False,13,3,Australia,Tamworth,7,2026-09-28 07:15:00+00:00,3,Olufsen,9,Betr,16.000,3.400,TOP3,100.000,10.000,16.00600600600600600601,-85.5945945945945945945910000000000000000000,13.513513513513513513514000,-72.9107710651828298888410000000000000000000,-68.2232710651828298888410000000000000000000,-52.6523368091274665670961903114186851211075,
SA,Morphettville Parks,6,800,Good,4,2026-09-28,5197445,5475291,Paying,Trial,9,True,5323535,Hellenic Star,11,0,,True,T.Voorham,J.Tzaferis,False,4,,,,,,,,,,,,,,,,,,,,,
VIC,Southside Cranbourne,13,1000,Good,4,2026-09-28,5197870,5482057,Nominations,Trial,9,True,5323727,Nics Choice,0,,,False,,J.F.Moloney,False,4,,,,,,,,,,,,,,,,,,,,,
WA,Bunbury,4,2025,Soft,5,2026-09-28,5196062,5466015,Open,Maiden,11,False,5323735,Flavoursome,9,11,56,False,C.L.Azzopardi,D.O'Connor,False,11,17,Australia,Bunbury,4,2026-09-28 07:04:00+00:00,9,Flavoursome,11,Betr,14.000,3.200,TOP3,600.000,8.000,2.33197759701293505801,-97.8545806107480997466308000000000000000000,1.993599146552873716496000,-85.1313663250338140321308000000000000000000,-79.7742234678909568893808000000000000000000,-63.6609422178909568893808000000000000000000,
WA,Bunbury,4,2025,Soft,5,2026-09-28,5196062,5466015,Open,Maiden,11,False,5323735,Flavoursome,9,11,56,False,C.L.Azzopardi,D.O'Connor,False,11,17,Australia,Bunbury,4,2026-09-28 07:04:00+00:00,9,Flavoursome,11,Dabble,13.000,3.300,TOP3,600.000,8.000,2.16528870516068809175,-98.0079343912521669555900000000000000000000,1.840245366048806507534000,-86.8191232024409781450900000000000000000000,-81.0498924332102089140900000000000000000000,-65.2096720475352777847029476584022038567500,
WA,Bunbury,4,2025,Soft,5,2026-09-28,5196062,5466015,Open,Maiden,11,False,5323735,Flavoursome,9,11,56,False,C.L.Azzopardi,D.O'Connor,False,11,17,Australia,Bunbury,4,2026-09-28 07:04:00+00:00,9,Flavoursome,11,Ladbrokes,14.000,3.200,TOP3,600.000,8.000,2.33197759701293505801,-97.8545806107480997466308000000000000000000,1.993599146552873716496000,-85.1313663250338140321308000000000000000000,-79.7742234678909568893808000000000000000000,-63.6609422178909568893808000000000000000000,
WA,Bunbury,4,2025,Soft,5,2026-09-28,5196062,5466015,Open,Maiden,11,False,5323735,Flavoursome,9,11,56,False,C.L.Azzopardi,D.O'Connor,False,11,17,Australia,Bunbury,4,2026-09-28 07:04:00+00:00,9,Flavoursome,11,Sportsbet,14.000,3.100,TOP3,600.000,8.000,2.33197759701293505801,-97.8545806107480997466308000000000000000000,1.993599146552873716496000,-84.3753179379370398386308000000000000000000,-79.0181750807941826958808000000000000000000,-62.6289971411479808228490622268470343392300,
WA,Bunbury,4,2025,Soft,5,2026-09-28,5196062,5466015,Open,Maiden,11,False,5323735,Flavoursome,9,11,56,False,C.L.Azzopardi,D.O'Connor,False,11,17,Australia,Bunbury,4,2026-09-28 07:04:00+00:00,9,Flavoursome,11,UniBet,12.000,3.200,TOP3,600.000,8.000,1.99859981330844112548,-98.1612881717562341645584000000000000000000,1.686891585544739298573000,-87.2237881717562341640584000000000000000000,-80.9737881717562341643084000000000000000000,-64.8605069217562341643084000000000000000000,
WA,Bunbury,4,2025,Soft,5,2026-09-28,5196062,5466015,Open,Maiden,11,False,5323735,Flavoursome,9,11,56,False,C.L.Azzopardi,D.O'Connor,False,11,17,Australia,Bunbury,4,2026-09-28 07:04:00+00:00,9,Flavoursome,11,Surge ,14.000,3.400,TOP3,600.000,8.000,2.33197759701293505801,-97.8545806107480997466308000000000000000000,1.993599146552873716496000,-86.5100427956220493263808000000000000000000,-81.1528999384791921836308000000000000000000,-65.5819656824238288618859903114186851211075,
NSW,Warwick Farm,3,795,Soft,5,2026-09-28,5197463,5481985,Paying,Trial,8,True,5323925,Show Business,7,0,,False,A.J.Calder,M.C.Smith,False,1,5,,,,,,,,,,,,,,,,,,,,
WA,Bunbury,8,1200,Soft,5,2026-09-28,5196062,5466018,Open,BM 70,13,False,5324104,Espinho,4,3,58.5,False,S.F.Mcgruddy,Chris & Michael Gangemi,False,2,7,Australia,Bunbury,8,2026-09-28 09:30:00+00:00,4,Espinho,13,Dabble,12.000,3.600,TOP3,18.000,8.000,66.90848214285714285714,-38.4441964285714285714312000000000000000000,56.473214285714285714286000,-30.1108630952380952374312000000000000000000,-23.8608630952380952376812000000000000000000,-8.8145667989417989413108296296296296296300,
WA,Bunbury,8,1200,Soft,5,2026-09-28,5196062,5466018,Open,BM 70,13,False,5324104,Espinho,4,3,58.5,False,S.F.Mcgruddy,Chris & Michael Gangemi,False,2,7,Australia,Bunbury,8,2026-09-28 09:30:00+00:00,4,Espinho,13,Ladbrokes,11.000,3.300,TOP3,18.000,8.000,61.32812500000000000000,-43.5781250000000000000000000000000000000000,51.339285714285714285714000,-34.4872159090909090910000000000000000000000,-27.6690340909090909092500000000000000000000,-11.8288137052341597798629476584022038567500,
WA,Bunbury,8,1200,Soft,5,2026-09-28,5196062,5466018,Open,BM 70,13,False,5324104,Espinho,4,3,58.5,False,S.F.Mcgruddy,Chris & Michael Gangemi,False,2,7,Australia,Bunbury,8,2026-09-28 09:30:00+00:00,4,Espinho,13,Sportsbet,13.000,3.600,TOP3,18.000,8.000,72.48883928571428571429,-33.3102678571428571428532000000000000000000,61.607142857142857142857000,-24.0153960622710622713532000000000000000000,-18.2461652930402930403532000000000000000000,-3.1998689967439967439828296296296296296300,
WA,Bunbury,8,1200,Soft,5,2026-09-28,5196062,5466018,Open,BM 70,13,False,5324104,Espinho,4,3,58.5,False,S.F.Mcgruddy,Chris & Michael Gangemi,False,2,7,Australia,Bunbury,8,2026-09-28 09:30:00+00:00,4,Espinho,13,UniBet,12.000,3.600,TOP3,18.000,8.000,66.90848214285714285714,-38.4441964285714285714312000000000000000000,56.473214285714285714286000,-30.1108630952380952374312000000000000000000,-23.8608630952380952376812000000000000000000,-8.8145667989417989413108296296296296296300,
WA,Bunbury,8,1200,Soft,5,2026-09-28,5196062,5466018,Open,BM 70,13,False,5324104,Espinho,4,3,58.5,False,S.F.Mcgruddy,Chris & Michael Gangemi,False,2,7,Australia,Bunbury,8,2026-09-28 09:30:00+00:00,4,Espinho,13,Surge ,12.000,3.500,TOP3,18.000,8.000,66.90848214285714285714,-38.4441964285714285714312000000000000000000,56.473214285714285714286000,-29.5156249999999999991812000000000000000000,-23.2656249999999999994312000000000000000000,-7.9595025510204081625587510204081632653075,
VIC,Park Kilmore,8,1200,Good,3,2026-09-28,5195834,5469789,Open,BM 58,12,False,5324347,King West,1,17,62.5,True,C.E.Hollowood,E.Jusufovic,False,3,,Australia,Kilmore,8,2026-09-28 07:00:00+00:00,1,King West,12,Dabble,9.000,3.000,TOP3,250.000,8.000,3.59715108834827144686,-96.6906209987195902688888000000000000000000,2.944942381562099871959000,-88.3572876653862569356388000000000000000000,-80.0239543320529236023888000000000000000000,-63.3572876653862569358054666666666666666675,
VIC,Park Kilmore,8,1200,Good,3,2026-09-28,5195834,5469789,Open,BM 58,12,False,5324347,King West,1,17,62.5,True,C.E.Hollowood,E.Jusufovic,False,3,,Australia,Kilmore,8,2026-09-28 07:00:00+00:00,1,King West,12,Ladbrokes,9.000,2.900,TOP3,250.000,8.000,3.59715108834827144686,-96.6906209987195902688888000000000000000000,2.944942381562099871959000,-87.4952186998690155563888000000000000000000,-79.1618853665356822231388000000000000000000,-62.2177712167140413195490259215219976218800,
VIC,Park Kilmore,8,1200,Good,3,2026-09-28,5195834,5469789,Open,BM 58,12,False,5324347,King West,1,17,62.5,True,C.E.Hollowood,E.Jusufovic,False,3,,Australia,Kilmore,8,2026-09-28 07:00:00+00:00,1,King West,12,UniBet,9.000,3.000,TOP3,250.000,8.000,3.59715108834827144686,-96.6906209987195902688888000000000000000000,2.944942381562099871959000,-88.3572876653862569356388000000000000000000,-80.0239543320529236023888000000000000000000,-63.3572876653862569358054666666666666666675,
VIC,Park Kilmore,8,1200,Good,3,2026-09-28,5195834,5469789,Open,BM 58,12,False,5324347,King West,1,17,62.5,True,C.E.Hollowood,E.Jusufovic,False,3,,Australia,Kilmore,8,2026-09-28 07:00:00+00:00,1,King West,12,Surge ,9.000,3.000,TOP3,250.000,8.000,3.59715108834827144686,-96.6906209987195902688888000000000000000000,2.944942381562099871959000,-88.3572876653862569356388000000000000000000,-80.0239543320529236023888000000000000000000,-63.3572876653862569358054666666666666666675,
VIC,Southside Cranbourne,12,1000,Good,4,2026-09-28,5197870,5482056,Nominations,Trial,11,True,5324471,The Bantam,0,,,False,,B.S.Stanley,False,1,20,,,,,,,,,,,,,,,,,,,,
VIC,Coleraine,5,900,Good,4,2026-09-28,5197871,5482220,Paying,Trial,6,True,5324478,Cachink,4,0,,False,D.Yendall,M.J.Williams,False,1,,,,,,,,,,,,,,,,,,,,,
VIC,Park Kilmore,2,1450,Good,4,2026-09-28,5195834,5469787,Paying,Maiden,10,False,5324598,Immortal Diva,14,11,58,False,A.Mccabe,S.C.Bottomley,False,10,14,,,,,,,,,,,,,,,,,,,,
VIC,Southside Cranbourne,13,1000,Good,4,2026-09-28,5197870,5482057,Nominations,Trial,9,True,5324739,Chest Of Gold,0,,,False,,J.Sandhu,False,3,,,,,,,,,,,,,,,,,,,,,
VIC,Southside Cranbourne,2,800,Good,4,2026-09-28,5197870,5482046,Nominations,Trial,8,True,5324783,Zourain,0,,,False,,R.D.Griffiths,False,9,,,,,,,,,,,,,,,,,,,,,
WA,Bunbury,6,1400,Soft,5,2026-09-28,5196062,5481877,Open,Maiden,14,False,5324843,Wardikcar,2,10,58,False,C.T.Johnston-Porter,S.C.Dickson,False,2,3,Australia,Bunbury,6,2026-09-28 08:18:00+00:00,2,Wardikcar,14,Betr,5.000,1.970,TOP3,12.500,8.000,40.17713365539452495974,-63.0370370370370370370392000000000000000000,29.629629629629629629630000,-54.9659710471893213007892000000000000000000,-39.9659710471893213007892000000000000000000,-21.2203192653861313190871141436264783941875,
WA,Bunbury,6,1400,Soft,5,2026-09-28,5196062,5481877,Open,Maiden,14,False,5324843,Wardikcar,2,10,58,False,C.T.Johnston-Porter,S.C.Dickson,False,2,3,Australia,Bunbury,6,2026-09-28 08:18:00+00:00,2,Wardikcar,14,Dabble,4.800,1.950,TOP3,12.500,8.000,38.56682769726247987118,-64.5185185185185185185144000000000000000000,28.148148148148148148148000,-57.3069800569800569797644000000000000000000,-41.6819800569800569800144000000000000000000,-22.9443074731536269997328418145956607495075,
WA,Bunbury,6,1400,Soft,5,2026-09-28,5196062,5481877,Open,Maiden,14,False,5324843,Wardikcar,2,10,58,False,C.T.Johnston-Porter,S.C.Dickson,False,2,3,Australia,Bunbury,6,2026-09-28 08:18:00+00:00,2,Wardikcar,14,Ladbrokes,5.000,2.000,TOP3,12.500,8.000,40.17713365539452495974,-63.0370370370370370370392000000000000000000,29.629629629629629629630000,-55.5370370370370370370392000000000000000000,-40.5370370370370370370392000000000000000000,-21.7870370370370370370392000000000000000000,
WA,Bunbury,6,1400,Soft,5,2026-09-28,5196062,5481877,Open,Maiden,14,False,5324843,Wardikcar,2,10,58,False,C.T.Johnston-Porter,S.C.Dickson,False,2,3,Australia,Bunbury,6,2026-09-28 08:18:00+00:00,2,Wardikcar,14,Sportsbet,4.600,1.800,TOP3,12.500,8.000,36.95652173913043478261,-65.9999999999999999999988000000000000000000,26.666666666666666666667000,-56.9420289855072463769988000000000000000000,-40.6376811594202898549988000000000000000000,-22.1191626409017713365173185185185185185200,
WA,Bunbury,6,1400,Soft,5,2026-09-28,5196062,5481877,Open,Maiden,14,False,5324843,Wardikcar,2,10,58,False,C.T.Johnston-Porter,S.C.Dickson,False,2,3,Australia,Bunbury,6,2026-09-28 08:18:00+00:00,2,Wardikcar,14,UniBet,5.000,2.000,TOP3,12.500,8.000,40.17713365539452495974,-63.0370370370370370370392000000000000000000,29.629629629629629629630000,-55.5370370370370370370392000000000000000000,-40.5370370370370370370392000000000000000000,-21.7870370370370370370392000000000000000000,
WA,Bunbury,6,1400,Soft,5,2026-09-28,5196062,5481877,Open,Maiden,14,False,5324843,Wardikcar,2,10,58,False,C.T.Johnston-Porter,S.C.Dickson,False,2,3,Australia,Bunbury,6,2026-09-28 08:18:00+00:00,2,Wardikcar,14,Surge ,4.800,1.950,TOP3,12.500,8.000,38.56682769726247987118,-64.5185185185185185185144000000000000000000,28.148148148148148148148000,-57.3069800569800569797644000000000000000000,-41.6819800569800569800144000000000000000000,-22.9443074731536269997328418145956607495075,
NSW,Tamworth,1,2100,Good,4,2026-09-28,5196006,5468325,Paying,BM 64,6,False,5324937,Coto De Caza,2,1,59.5,False,D.Dillon,T.S.Howlett,False,7,10,,,,,,,,,,,,,,,,,,,,
VIC,Park Kilmore,8,1200,Good,3,2026-09-28,5195834,5469789,Open,BM 58,12,False,5325094,Mr Butts Boats,9,4,59,False,N.Farley,N.A.Blackiston,False,10,,Australia,Kilmore,8,2026-09-28 07:00:00+00:00,9,Mr Butts Boats,12,Dabble,21.000,4.200,TOP3,440.000,8.000,4.77132205855610110929,-95.6103837061283869794532000000000000000000,4.182578650663757046736000,-84.8960979918426726939532000000000000000000,-81.3246694204141012652032000000000000000000,-67.7192272435433529658086421768707482993200,
VIC,Park Kilmore,8,1200,Good,3,2026-09-28,5195834,5469789,Open,BM 58,12,False,5325094,Mr Butts Boats,9,4,59,False,N.Farley,N.A.Blackiston,False,10,,Australia,Kilmore,8,2026-09-28 07:00:00+00:00,9,Mr Butts Boats,12,Ladbrokes,21.000,4.500,TOP3,440.000,8.000,4.77132205855610110929,-95.6103837061283869794532000000000000000000,4.182578650663757046736000,-86.0865741823188631704532000000000000000000,-82.5151456108902917417032000000000000000000,-69.5521826479273287788328296296296296296300,
VIC,Park Kilmore,8,1200,Good,3,2026-09-28,5195834,5469789,Open,BM 58,12,False,5325094,Mr Butts Boats,9,4,59,False,N.Farley,N.A.Blackiston,False,10,,Australia,Kilmore,8,2026-09-28 07:00:00+00:00,9,Mr Butts Boats,12,Sportsbet,21.000,4.330,TOP3,440.000,8.000,4.77132205855610110929,-95.6103837061283869794532000000000000000000,4.182578650663757046736000,-85.4322246827037746409532000000000000000000,-81.8607961112752032122032000000000000000000,-68.5400146254280335117448051074996399788800,
VIC,Park Kilmore,8,1200,Good,3,2026-09-28,5195834,5469789,Open,BM 58,12,False,5325094,Mr Butts Boats,9,4,59,False,N.Farley,N.A.Blackiston,False,10,,Australia,Kilmore,8,2026-09-28 07:00:00+00:00,9,Mr Butts Boats,12,UniBet,21.000,4.500,TOP3,440.000,8.000,4.77132205855610110929,-95.6103837061283869794532000000000000000000,4.182578650663757046736000,-86.0865741823188631704532000000000000000000,-82.5151456108902917417032000000000000000000,-69.5521826479273287788328296296296296296300,
VIC,Park Kilmore,8,1200,Good,3,2026-09-28,5195834,5469789,Open,BM 58,12,False,5325094,Mr Butts Boats,9,4,59,False,N.Farley,N.A.Blackiston,False,10,,Australia,Kilmore,8,2026-09-28 07:00:00+00:00,9,Mr Butts Boats,12,Surge ,21.000,4.200,TOP3,440.000,8.000,4.77132205855610110929,-95.6103837061283869794532000000000000000000,4.182578650663757046736000,-84.8960979918426726939532000000000000000000,-81.3246694204141012652032000000000000000000,-67.7192272435433529658086421768707482993200,
NSW,Wagga,1,1400,Good,4,2026-09-28,5194203,5468768,Paying,Maiden,11,False,5325290,Sensesational Star,9,5,56,False,P.Boudvillain,S.M.Bloomfield,False,18,8,,,,,,,,,,,,,,,,,,,,
NSW,Wagga,7,1200,Good,4,2026-09-28,5194203,5468766,Open,BM 70,8,False,5325345,Taluk,11,6,55,True,M.Heagney,M.Travers,False,29,3,,,,,,,,,,,,,,,,,,,,
WA,Bunbury,3,1400,Soft,5,2026-09-28,5196062,5481878,Open,Maiden,11,False,5325426,Agent Remington,1,8,58,False,C.E.Martinan,W.J.Bradshaw,False,2,,Australia,Bunbury,3,2026-09-28 06:27:00+00:00,1,Agent Remington,11,Betr,5.000,1.820,TOP3,12.000,8.000,41.86241610738255033557,-61.4865771812080536912756000000000000000000,30.872483221476510067114000,-50.2777859724168449000256000000000000000000,-35.2777859724168449000256000000000000000000,-16.7111877354889376424520883468180171476875,
WA,Bunbury,3,1400,Soft,5,2026-09-28,5196062,5481878,Open,Maiden,11,False,5325426,Agent Remington,1,8,58,False,C.E.Martinan,W.J.Bradshaw,False,2,,Australia,Bunbury,3,2026-09-28 06:27:00+00:00,1,Agent Remington,11,Dabble,5.000,2.000,TOP3,12.000,8.000,41.86241610738255033557,-61.4865771812080536912756000000000000000000,30.872483221476510067114000,-53.9865771812080536912756000000000000000000,-38.9865771812080536912756000000000000000000,-20.2365771812080536912756000000000000000000,
WA,Bunbury,3,1400,Soft,5,2026-09-28,5196062,5481878,Open,Maiden,11,False,5325426,Agent Remington,1,8,58,False,C.E.Martinan,W.J.Bradshaw,False,2,,Australia,Bunbury,3,2026-09-28 06:27:00+00:00,1,Agent Remington,11,Ladbrokes,5.000,1.850,TOP3,12.000,8.000,41.86241610738255033557,-61.4865771812080536912756000000000000000000,30.872483221476510067114000,-50.9460366406675131507756000000000000000000,-35.9460366406675131507756000000000000000000,-17.3193017977164539834969294375456537618700,
WA,Bunbury,3,1400,Soft,5,2026-09-28,5196062,5481878,Open,Maiden,11,False,5325426,Agent Remington,1,8,58,False,C.E.Martinan,W.J.Bradshaw,False,2,,Australia,Bunbury,3,2026-09-28 06:27:00+00:00,1,Agent Remington,11,Sportsbet,5.000,1.730,TOP3,12.000,8.000,41.86241610738255033557,-61.4865771812080536912756000000000000000000,30.872483221476510067114000,-48.1339760251386895295256000000000000000000,-33.1339760251386895295256000000000000000000,-14.8406818956990156346254780447058037355075,
WA,Bunbury,3,1400,Soft,5,2026-09-28,5196062,5481878,Open,Maiden,11,False,5325426,Agent Remington,1,8,58,False,C.E.Martinan,W.J.Bradshaw,False,2,,Australia,Bunbury,3,2026-09-28 06:27:00+00:00,1,Agent Remington,11,UniBet,5.000,1.850,TOP3,12.000,8.000,41.86241610738255033557,-61.4865771812080536912756000000000000000000,30.872483221476510067114000,-50.9460366406675131507756000000000000000000,-35.9460366406675131507756000000000000000000,-17.3193017977164539834969294375456537618700,
WA,Bunbury,3,1400,Soft,5,2026-09-28,5196062,5481878,Open,Maiden,11,False,5325426,Agent Remington,1,8,58,False,C.E.Martinan,W.J.Bradshaw,False,2,,Australia,Bunbury,3,2026-09-28 06:27:00+00:00,1,Agent Remington,11,Surge ,5.000,1.950,TOP3,12.000,8.000,41.86241610738255033557,-61.4865771812080536912756000000000000000000,30.872483221476510067114000,-53.0250387196695921530256000000000000000000,-38.0250387196695921530256000000000000000000,-19.2873661358431621727440418145956607495075,
SA,Morphettville Parks,10,1000,Good,4,2026-09-28,5197445,5482080,Paying,Trial,9,True,5325440,Shaddap,4,0,,False,M.Sanders,G.J.Boyce,False,1,,,,,,,,,,,,,,,,,,,,,
NSW,Warwick Farm,3,795,Soft,5,2026-09-28,5197463,5481985,Paying,Trial,8,True,5325441,Crepe Myrtle,3,0,,False,C.Schofield,J.J.W.Pride,False,1,,,,,,,,,,,,,,,,,,,,,
VIC,Coleraine,2,900,Good,4,2026-09-28,5197871,5482217,Paying,Trial,5,True,5325483,Southern Crescent,2,0,,False,T.Madden,A.J.Purcell,False,1,11,,,,,,,,,,,,,,,,,,,,
SA,Morphettville Parks,8,1000,Good,4,2026-09-28,5197445,5482078,Paying,Trial,9,True,5325737,The Ineos,10,0,,True,,John Dunn & Krystal Bishop,False,1,6,,,,,,,,,,,,,,,,,,,,
NSW,Warwick Farm,4,795,Soft,5,2026-09-28,5197463,5481986,Paying,Trial,9,True,5325866,Queens Rhapsody,5,0,,False,J.Collett,D.A.Pfieffer,False,1,,,,,,,,,,,,,,,,,,,,,
NSW,Wagga,2,1000,Good,0,2026-09-28,5197836,5482018,FinalFields,Trial,8,True,5325874,Racy Thoughts,8,8,,False,,D.S.Burnet,False,1,,,,,,,,,,,,,,,,,,,,,
SA,Morphettville Parks,11,1000,Good,4,2026-09-28,5197445,5482081,Paying,Trial,9,True,5325904,Leliyn,6,0,,False,J.Toeroek,L.G.O'Connor,False,1,,,,,,,,,,,,,,,,,,,,,
NSW,Wagga,3,1600,Good,4,2026-09-28,5194203,5468764,Open,BM 70,5,False,5325987,Rocco Lini,2,1,58,False,C.Ramsbotham,"Barbara Joseph, Paul & Matt Jones",False,4,9,Australia,Wagga,3,2026-09-28 04:35:00+00:00,2,Rocco Lini,5,Dabble,4.200,,,6.400,10.000,66.50793650793650793651,-40.1428571428571428571410000000000000000000,45.714285714285714285714000,,,,
NSW,Wagga,3,1600,Good,4,2026-09-28,5194203,5468764,Open,BM 70,5,False,5325987,Rocco Lini,2,1,58,False,C.Ramsbotham,"Barbara Joseph, Paul & Matt Jones",False,4,9,Australia,Wagga,3,2026-09-28 04:35:00+00:00,2,Rocco Lini,5,Ladbrokes,4.000,1.900,TOP2,6.400,10.000,63.33333333333333333333,-43.0000000000000000000030000000000000000000,42.857142857142857142857000,-22.2763157894736842102530000000000000000000,-3.5782548476454293626221135734072022160675,9.47413118376930809320767978299736803738324134253113465980157400649166289393113925,
NSW,Wagga,3,1600,Good,4,2026-09-28,5194203,5468764,Open,BM 70,5,False,5325987,Rocco Lini,2,1,58,False,C.Ramsbotham,"Barbara Joseph, Paul & Matt Jones",False,4,9,Australia,Wagga,3,2026-09-28 04:35:00+00:00,2,Rocco Lini,5,Sportsbet,4.500,2.050,TOP2,6.400,10.000,71.26984126984126984127,-35.8571428571428571428570000000000000000000,50.000000000000000000000000,-15.9384436701509872243570000000000000000000,2.8004022548936290754556115407495538370000,17.31436858113282623349670914242216521496052284676588005850457614780584769908000000,
NSW,Wagga,3,1600,Good,4,2026-09-28,5194203,5468764,Open,BM 70,5,False,5325987,Rocco Lini,2,1,58,False,C.Ramsbotham,"Barbara Joseph, Paul & Matt Jones",False,4,9,Australia,Wagga,3,2026-09-28 04:35:00+00:00,2,Rocco Lini,5,UniBet,4.200,1.900,TOP2,6.400,10.000,66.50793650793650793651,-40.1428571428571428571410000000000000000000,45.714285714285714285714000,-18.5263157894736842103910000000000000000000,0.1717451523545706372398864265927977839325,13.22413118376930809306967978299736803738324134253113465980157400649166289393113925,
NSW,Wagga,3,1600,Good,4,2026-09-28,5194203,5468764,Open,BM 70,5,False,5325987,Rocco Lini,2,1,58,False,C.Ramsbotham,"Barbara Joseph, Paul & Matt Jones",False,4,9,Australia,Wagga,3,2026-09-28 04:35:00+00:00,2,Rocco Lini,5,Surge ,4.200,2.050,TOP2,6.400,10.000,66.50793650793650793651,-40.1428571428571428571410000000000000000000,45.714285714285714285714000,-21.4146341463414634151410000000000000000000,-2.6757882212968471153283884592504461630000,11.83817810494235004271270914242216521496052284676588005850457614780584769908000000,
NSW,Tamworth,4,1400,Good,4,2026-09-28,5196006,5468326,Open,BM 64,7,False,5325988,African Diamond,2,2,57,False,B.Looker,W.T.Wilkes,False,2,4,Australia,Tamworth,4,2026-09-28 05:25:00+00:00,2,African Diamond,7,Betr,10.000,3.900,TOP2,250.000,10.000,3.99759903961584633854,-96.4021608643457382953140000000000000000000,3.241296518607442977191000,-84.6713916335765075258140000000000000000000,-70.3715888722352846459984181459566074950700,-51.83167365503285761194047199561173161537615077280985337425937213319898800099073200,
NSW,Tamworth,4,1400,Good,4,2026-09-28,5196006,5468326,Open,BM 64,7,False,5325988,African Diamond,2,2,57,False,B.Looker,W.T.Wilkes,False,2,4,Australia,Tamworth,4,2026-09-28 05:25:00+00:00,2,African Diamond,7,Dabble,10.000,4.550,TOP2,250.000,10.000,3.99759903961584633854,-96.4021608643457382953140000000000000000000,3.241296518607442977191000,-87.4186443808292547788140000000000000000000,-74.5578787728108995077022381354908827436300,-56.69475523417702409069130300714279662514136766887844092248189539370791621740769200,
NSW,Tamworth,4,1400,Good,4,2026-09-28,5196006,5468326,Open,BM 64,7,False,5325988,African Diamond,2,2,57,False,B.Looker,W.T.Wilkes,False,2,4,Australia,Tamworth,4,2026-09-28 05:25:00+00:00,2,African Diamond,7,Ladbrokes,10.000,4.000,TOP2,250.000,10.000,3.99759903961584633854,-96.4021608643457382953140000000000000000000,3.241296518607442977191000,-85.1521608643457382953140000000000000000000,-71.0896608643457382953140000000000000000000,-52.63262961434573829531400000000000000000000000000000000000000000000000000000000000,
NSW,Tamworth,4,1400,Good,4,2026-09-28,5196006,5468326,Open,BM 64,7,False,5325988,African Diamond,2,2,57,False,B.Looker,W.T.Wilkes,False,2,4,Australia,Tamworth,4,2026-09-28 05:25:00+00:00,2,African Diamond,7,Sportsbet,11.000,4.200,TOP2,250.000,10.000,4.39775910364145658263,-96.0420168067226890756330000000000000000000,3.601440576230492196879000,-85.0030557677616501143830000000000000000000,-71.3976135908909018149884421768707482993200,-53.13361865051112178502759253088990698320239159609422000092553870455211563083283200,
NSW,Tamworth,4,1400,Good,4,2026-09-28,5196006,5468326,Open,BM 64,7,False,5325988,African Diamond,2,2,57,False,B.Looker,W.T.Wilkes,False,2,4,Australia,Tamworth,4,2026-09-28 05:25:00+00:00,2,African Diamond,7,UniBet,10.000,4.000,TOP2,250.000,10.000,3.99759903961584633854,-96.4021608643457382953140000000000000000000,3.241296518607442977191000,-85.1521608643457382953140000000000000000000,-71.0896608643457382953140000000000000000000,-52.63262961434573829531400000000000000000000000000000000000000000000000000000000000,
NSW,Tamworth,4,1400,Good,4,2026-09-28,5196006,5468326,Open,BM 64,7,False,5325988,African Diamond,2,2,57,False,B.Looker,W.T.Wilkes,False,2,4,Australia,Tamworth,4,2026-09-28 05:25:00+00:00,2,African Diamond,7,Surge ,10.000,4.000,TOP2,250.000,10.000,3.99759903961584633854,-96.4021608643457382953140000000000000000000,3.241296518607442977191000,-85.1521608643457382953140000000000000000000,-71.0896608643457382953140000000000000000000,-52.63262961434573829531400000000000000000000000000000000000000000000000000000000000,
VIC,Park Kilmore,4,1100,Good,3,2026-09-28,5195834,5469790,Open,Maiden,10,False,5326028,Set Boom,4,11,59.5,False,A.Kelly,D.J.Cannon,False,4,,Australia,Kilmore,4,2026-09-28 05:00:00+00:00,4,Set Boom,10,Betr,34.000,5.500,TOP3,600.000,8.000,5.66575543405787438325,-94.7875050006667555674100000000000000000000,5.060674756634217895719000,-85.5629060701854721449100000000000000000000,-83.3570237172442956744100000000000000000000,-72.1999989238558659224306611570247933884300,
VIC,Park Kilmore,4,1100,Good,3,2026-09-28,5195834,5469790,Open,Maiden,10,False,5326028,Set Boom,4,11,59.5,False,A.Kelly,D.J.Cannon,False,4,,Australia,Kilmore,4,2026-09-28 05:00:00+00:00,4,Set Boom,10,Dabble,34.000,4.600,TOP3,600.000,8.000,5.66575543405787438325,-94.7875050006667555674100000000000000000000,5.060674756634217895719000,-82.8949218804621519864100000000000000000000,-80.6890395275209755159100000000000000000000,-67.9291151418877051944014933837429111531200,
VIC,Park Kilmore,4,1100,Good,3,2026-09-28,5195834,5469790,Open,Maiden,10,False,5326028,Set Boom,4,11,59.5,False,A.Kelly,D.J.Cannon,False,4,,Australia,Kilmore,4,2026-09-28 05:00:00+00:00,4,Set Boom,10,Ladbrokes,35.000,5.000,TOP3,600.000,8.000,5.83244432591012134951,-94.6341512201626883584508000000000000000000,5.214028537138285104681000,-83.9198655058769740729508000000000000000000,-81.7770083630198312157008000000000000000000,-69.7770083630198312157008000000000000000000,
VIC,Park Kilmore,4,1100,Good,3,2026-09-28,5195834,5469790,Open,Maiden,10,False,5326028,Set Boom,4,11,59.5,False,A.Kelly,D.J.Cannon,False,4,,Australia,Kilmore,4,2026-09-28 05:00:00+00:00,4,Set Boom,10,Sportsbet,35.000,8.250,TOP3,600.000,8.000,5.83244432591012134951,-94.6341512201626883584508000000000000000000,5.214028537138285104681000,-89.8289564149678831639508000000000000000000,-87.6860992721107403067008000000000000000000,-79.6971185558572967805988716253443526170800,
VIC,Park Kilmore,4,1100,Good,3,2026-09-28,5195834,5469790,Open,Maiden,10,False,5326028,Set Boom,4,11,59.5,False,A.Kelly,D.J.Cannon,False,4,,Australia,Kilmore,4,2026-09-28 05:00:00+00:00,4,Set Boom,10,UniBet,34.000,5.750,TOP3,600.000,8.000,5.66575543405787438325,-94.7875050006667555674100000000000000000000,5.060674756634217895719000,-86.1557914456795432906600000000000000000000,-83.9499090927383668201600000000000000000000,-73.1748618337591607707767296786389413988675,
VIC,Park Kilmore,4,1100,Good,3,2026-09-28,5195834,5469790,Open,Maiden,10,False,5326028,Set Boom,4,11,59.5,False,A.Kelly,D.J.Cannon,False,4,,Australia,Kilmore,4,2026-09-28 05:00:00+00:00,4,Set Boom,10,Surge ,34.000,4.600,TOP3,600.000,8.000,5.66575543405787438325,-94.7875050006667555674100000000000000000000,5.060674756634217895719000,-82.8949218804621519864100000000000000000000,-80.6890395275209755159100000000000000000000,-67.9291151418877051944014933837429111531200,
NSW,Tamworth,4,1400,Good,4,2026-09-28,5196006,5468326,Open,BM 64,7,False,5326220,Yacht Girl,5,8,56,False,I.Neale,S.I.Singleton,False,3,,Australia,Tamworth,4,2026-09-28 05:25:00+00:00,5,Yacht Girl,7,Betr,5.000,2.300,TOP2,8.600,10.000,58.70588235294117647059,-47.1647058823529411764690000000000000000000,42.352941176470588235294000,-29.5560102301790281332190000000000000000000,-11.1250083398198598912827996219281663516075,5.18067953293645530208083008208232532044849523479404376056402979656304830242887925,
NSW,Tamworth,4,1400,Good,4,2026-09-28,5196006,5468326,Open,BM 64,7,False,5326220,Yacht Girl,5,8,56,False,I.Neale,S.I.Singleton,False,3,,Australia,Tamworth,4,2026-09-28 05:25:00+00:00,5,Yacht Girl,7,Dabble,5.000,2.600,TOP2,8.600,10.000,58.70588235294117647059,-47.1647058823529411764690000000000000000000,42.352941176470588235294000,-33.3185520361990950229690000000000000000000,-15.5670727462582666206820177514792899408300,2.07936820468882906934816326459157592520907251146668534014913629074612233465214800,
NSW,Tamworth,4,1400,Good,4,2026-09-28,5196006,5468326,Open,BM 64,7,False,5326220,Yacht Girl,5,8,56,False,I.Neale,S.I.Singleton,False,3,,Australia,Tamworth,4,2026-09-28 05:25:00+00:00,5,Yacht Girl,7,Ladbrokes,5.000,2.400,TOP2,8.600,10.000,58.70588235294117647059,-47.1647058823529411764690000000000000000000,42.352941176470588235294000,-30.9147058823529411762190000000000000000000,-12.6855392156862745095106666666666666666675,4.15112166394335512002579166666666666666496527777777777777778425925925925925925925,
NSW,Tamworth,4,1400,Good,4,2026-09-28,5196006,5468326,Open,BM 64,7,False,5326220,Yacht Girl,5,8,56,False,I.Neale,S.I.Singleton,False,3,,Australia,Tamworth,4,2026-09-28 05:25:00+00:00,5,Yacht Girl,7,Sportsbet,5.000,2.380,TOP2,8.600,10.000,58.70588235294117647059,-47.1647058823529411764690000000000000000000,42.352941176470588235294000,-30.6521008403361344539690000000000000000000,-12.3800861521079019845408169620789492267500,4.35775542233575535567747007276140578730222494128561920454345198336794102779250000,
NSW,Tamworth,4,1400,Good,4,2026-09-28,5196006,5468326,Open,BM 64,7,False,5326220,Yacht Girl,5,8,56,False,I.Neale,S.I.Singleton,False,3,,Australia,Tamworth,4,2026-09-28 05:25:00+00:00,5,Yacht Girl,7,UniBet,5.000,2.350,TOP2,8.600,10.000,58.70588235294117647059,-47.1647058823529411764690000000000000000000,42.352941176470588235294000,-30.2498122653316645804690000000000000000000,-11.9157244427875269615989230421004979628800,4.66712185392736075329747120990081113908708415980470854549714073063382626856140800,
NSW,Tamworth,4,1400,Good,4,2026-09-28,5196006,5468326,Open,BM 64,7,False,5326220,Yacht Girl,5,8,56,False,I.Neale,S.I.Singleton,False,3,,Australia,Tamworth,4,2026-09-28 05:25:00+00:00,5,Yacht Girl,7,Surge ,5.000,2.350,TOP2,8.600,10.000,58.70588235294117647059,-47.1647058823529411764690000000000000000000,42.352941176470588235294000,-30.2498122653316645804690000000000000000000,-11.9157244427875269615989230421004979628800,4.66712185392736075329747120990081113908708415980470854549714073063382626856140800,
NSW,Tamworth,1,2100,Good,4,2026-09-28,5196006,5468325,Paying,BM 64,6,False,5326502,Immortal Rose,5,9,56.5,False,Z.Wadick,D.J.Hatch,False,7,,,,,,,,,,,,,,,,,,,,,
SA,Morphettville Parks,10,1000,Good,4,2026-09-28,5197445,5482080,Paying,Trial,9,True,5326863,Magic Princess,6,0,,False,F.A.Atkinson,C.M.Bieg,False,1,21,,,,,,,,,,,,,,,,,,,,
VIC,Southside Cranbourne,17,1000,Good,4,2026-09-28,5197870,5482061,Nominations,Trial,8,True,5326957,Somethingintheair,0,,,False,,Allan & Jason Williams,False,1,,,,,,,,,,,,,,,,,,,,,
NSW,Tamworth,5,1600,Good,4,2026-09-28,5196006,5468328,Open,BM 58,8,False,5326983,Zou Big Boy,1,2,63.5,False,J.Thompson,L.F.Selby,False,20,4,Australia,Tamworth,5,2026-09-28 06:05:00+00:00,1,Zou Big Boy,8,Betr,4.000,1.520,TOP3,6.000,10.000,67.62711864406779661017,-39.1355932203389830508470000000000000000000,45.762711864406779661017000,-27.2934879571810883138470000000000000000000,-8.5434879571810883138470000000000000000000,8.3367059486360862013385955678670360110800,
NSW,Tamworth,5,1600,Good,4,2026-09-28,5196006,5468328,Open,BM 58,8,False,5326983,Zou Big Boy,1,2,63.5,False,J.Thompson,L.F.Selby,False,20,4,Australia,Tamworth,5,2026-09-28 06:05:00+00:00,1,Zou Big Boy,8,Dabble,4.000,1.500,TOP3,6.000,10.000,67.62711864406779661017,-39.1355932203389830508470000000000000000000,45.762711864406779661017000,-26.6355932203389830505970000000000000000000,-7.8855932203389830505970000000000000000000,8.7810734463276836159863333333333333333325,
NSW,Tamworth,5,1600,Good,4,2026-09-28,5196006,5468328,Open,BM 58,8,False,5326983,Zou Big Boy,1,2,63.5,False,J.Thompson,L.F.Selby,False,20,4,Australia,Tamworth,5,2026-09-28 06:05:00+00:00,1,Zou Big Boy,8,Ladbrokes,4.000,1.600,TOP3,6.000,10.000,67.62711864406779661017,-39.1355932203389830508470000000000000000000,45.762711864406779661017000,-29.7605932203389830508470000000000000000000,-11.0105932203389830508470000000000000000000,6.5675317796610169491530000000000000000000,
NSW,Tamworth,5,1600,Good,4,2026-09-28,5196006,5468328,Open,BM 58,8,False,5326983,Zou Big Boy,1,2,63.5,False,J.Thompson,L.F.Selby,False,20,4,Australia,Tamworth,5,2026-09-28 06:05:00+00:00,1,Zou Big Boy,8,Sportsbet,3.900,1.570,TOP3,6.000,10.000,65.93220338983050847458,-40.6610169491525423728780000000000000000000,44.237288135593220338983000,-31.3518547737483287526280000000000000000000,-12.1210855429790979831280000000000000000000,5.2224172360383063740428081463751064951925,
NSW,Tamworth,5,1600,Good,4,2026-09-28,5196006,5468328,Open,BM 58,8,False,5326983,Zou Big Boy,1,2,63.5,False,J.Thompson,L.F.Selby,False,20,4,Australia,Tamworth,5,2026-09-28 06:05:00+00:00,1,Zou Big Boy,8,UniBet,4.200,1.500,TOP3,6.000,10.000,71.01694915254237288136,-36.0847457627118644067760000000000000000000,48.813559322033898305085000,-21.7990314769975786925260000000000000000000,-3.9418886198547215495260000000000000000000,12.7247780468119451170573333333333333333325,
NSW,Tamworth,5,1600,Good,4,2026-09-28,5196006,5468328,Open,BM 58,8,False,5326983,Zou Big Boy,1,2,63.5,False,J.Thompson,L.F.Selby,False,20,4,Australia,Tamworth,5,2026-09-28 06:05:00+00:00,1,Zou Big Boy,8,Surge ,4.000,1.500,TOP3,6.000,10.000,67.62711864406779661017,-39.1355932203389830508470000000000000000000,45.762711864406779661017000,-26.6355932203389830505970000000000000000000,-7.8855932203389830505970000000000000000000,8.7810734463276836159863333333333333333325,
NSW,Tamworth,7,1000,Good,4,2026-09-28,5196006,5468327,Open,BM 70,9,False,5326995,Haney,5,1,57.5,False,J.Thompson,S.G.Grills,False,5,,Australia,Tamworth,7,2026-09-28 07:15:00+00:00,5,Haney,9,Dabble,5.500,1.850,TOP3,27.000,10.000,20.40892193308550185874,-81.6319702602230483271340000000000000000000,15.055762081784386617100000,-68.3641569924097805136340000000000000000000,-54.7277933560461441501340000000000000000000,-36.1010585130950849828553294375456537618700,
NSW,Tamworth,7,1000,Good,4,2026-09-28,5196006,5468327,Open,BM 70,9,False,5326995,Haney,5,1,57.5,False,J.Thompson,S.G.Grills,False,5,,Australia,Tamworth,7,2026-09-28 07:15:00+00:00,5,Haney,9,Ladbrokes,6.000,1.900,TOP3,27.000,10.000,22.26765799256505576208,-79.9591078066914498141280000000000000000000,16.728624535315985130112000,-65.4854235961651340248780000000000000000000,-52.9854235961651340246280000000000000000000,-34.2873626543368791769971135734072022160675,
NSW,Tamworth,7,1000,Good,4,2026-09-28,5196006,5468327,Open,BM 70,9,False,5326995,Haney,5,1,57.5,False,J.Thompson,S.G.Grills,False,5,,Australia,Tamworth,7,2026-09-28 07:15:00+00:00,5,Haney,9,Sportsbet,6.500,1.910,TOP3,27.000,10.000,24.12639405204460966543,-78.2862453531598513011130000000000000000000,18.401486988847583643123000,-62.0961527232766455013630000000000000000000,-50.5576911848151070401130000000000000000000,-31.8493224449231084655001261752693182752675,
NSW,Tamworth,7,1000,Good,4,2026-09-28,5196006,5468327,Open,BM 70,9,False,5326995,Haney,5,1,57.5,False,J.Thompson,S.G.Grills,False,5,,Australia,Tamworth,7,2026-09-28 07:15:00+00:00,5,Haney,9,UniBet,6.000,1.900,TOP3,27.000,10.000,22.26765799256505576208,-79.9591078066914498141280000000000000000000,16.728624535315985130112000,-65.4854235961651340248780000000000000000000,-52.9854235961651340246280000000000000000000,-34.2873626543368791769971135734072022160675,
NSW,Tamworth,7,1000,Good,4,2026-09-28,5196006,5468327,Open,BM 70,9,False,5326995,Haney,5,1,57.5,False,J.Thompson,S.G.Grills,False,5,,Australia,Tamworth,7,2026-09-28 07:15:00+00:00,5,Haney,9,Surge ,6.000,1.950,TOP3,27.000,10.000,22.26765799256505576208,-79.9591078066914498141280000000000000000000,16.728624535315985130112000,-66.4975693451529882763780000000000000000000,-53.9975693451529882761280000000000000000000,-35.2598967613265582958464418145956607495075,
NSW,Tamworth,7,1000,Good,4,2026-09-28,5196006,5468327,Open,BM 70,9,False,5326995,Haney,5,1,57.5,False,J.Thompson,S.G.Grills,False,5,,Australia,Tamworth,7,2026-09-28 07:15:00+00:00,5,Haney,9,Betr,6.000,1.820,TOP3,27.000,10.000,22.26765799256505576208,-79.9591078066914498141280000000000000000000,16.728624535315985130112000,-63.7503165979002410233780000000000000000000,-51.2503165979002410231280000000000000000000,-32.6837183609723337655544883468180171476875,
WA,Bunbury,8,1200,Soft,5,2026-09-28,5196062,5466018,Open,BM 70,13,False,5327030,Just Gifted,6,6,58,False,N.Faithfull,T.W.Crosby,False,1,,Australia,Bunbury,8,2026-09-28 09:30:00+00:00,6,Just Gifted,13,Dabble,7.500,2.650,TOP3,14.000,8.000,53.80747126436781609195,-50.4971264367816091954060000000000000000000,42.959770114942528735632000,-42.1952396443287790061560000000000000000000,-32.1952396443287790064060000000000000000000,-14.5733101320468281341921338554645781416875,
WA,Bunbury,8,1200,Soft,5,2026-09-28,5196062,5466018,Open,BM 70,13,False,5327030,Just Gifted,6,6,58,False,N.Faithfull,T.W.Crosby,False,1,,Australia,Bunbury,8,2026-09-28 09:30:00+00:00,6,Just Gifted,13,Ladbrokes,7.500,2.500,TOP3,14.000,8.000,53.80747126436781609195,-50.4971264367816091954060000000000000000000,42.959770114942528735632000,-40.4971264367816091949060000000000000000000,-30.4971264367816091951560000000000000000000,-12.4971264367816091951560000000000000000000,
WA,Bunbury,8,1200,Soft,5,2026-09-28,5196062,5466018,Open,BM 70,13,False,5327030,Just Gifted,6,6,58,False,N.Faithfull,T.W.Crosby,False,1,,Australia,Bunbury,8,2026-09-28 09:30:00+00:00,6,Just Gifted,13,Sportsbet,8.000,2.500,TOP3,14.000,8.000,57.39942528735632183908,-47.1925287356321839080464000000000000000000,46.264367816091954022989000,-35.9425287356321839080464000000000000000000,-26.5675287356321839080464000000000000000000,-8.5675287356321839080464000000000000000000,
WA,Bunbury,8,1200,Soft,5,2026-09-28,5196062,5466018,Open,BM 70,13,False,5327030,Just Gifted,6,6,58,False,N.Faithfull,T.W.Crosby,False,1,,Australia,Bunbury,8,2026-09-28 09:30:00+00:00,6,Just Gifted,13,UniBet,8.000,2.700,TOP3,14.000,8.000,57.39942528735632183908,-47.1925287356321839080464000000000000000000,46.264367816091954022989000,-38.1647509578544061302964000000000000000000,-28.7897509578544061302964000000000000000000,-11.3000390236980275294805563786008230452675,
WA,Bunbury,8,1200,Soft,5,2026-09-28,5196062,5466018,Open,BM 70,13,False,5327030,Just Gifted,6,6,58,False,N.Faithfull,T.W.Crosby,False,1,,Australia,Bunbury,8,2026-09-28 09:30:00+00:00,6,Just Gifted,13,Surge ,7.500,2.600,TOP3,14.000,8.000,53.80747126436781609195,-50.4971264367816091954060000000000000000000,42.959770114942528735632000,-41.6509725906277630414060000000000000000000,-31.6509725906277630416560000000000000000000,-13.8994933006869346393690177514792899408300,
VIC,Park Kilmore,5,1100,Good,3,2026-09-28,5195834,5469784,Open,BM 58,9,False,5327114,Fondled,11,2,56.5,False,N.Farley,A.Noblet,False,2,,Australia,Kilmore,5,2026-09-28 05:30:00+00:00,11,Fondled,9,Betr,41.000,6.500,TOP3,600.000,8.000,6.83257767702360314709,-93.7140285371382851046772000000000000000000,6.134151220162688358448000,-85.8341035840426003019272000000000000000000,-84.0048352913596734726772000000000000000000,-74.2415216818922178515751289940828402366875,
VIC,Park Kilmore,5,1100,Good,3,2026-09-28,5195834,5469784,Open,BM 58,9,False,5327114,Fondled,11,2,56.5,False,N.Farley,A.Noblet,False,2,,Australia,Kilmore,5,2026-09-28 05:30:00+00:00,11,Fondled,9,Dabble,41.000,5.500,TOP3,600.000,8.000,6.83257767702360314709,-93.7140285371382851046772000000000000000000,6.134151220162688358448000,-83.7362014861405023996772000000000000000000,-81.9069331934575755704272000000000000000000,-70.7499084000691458184478611570247933884300,
VIC,Park Kilmore,5,1100,Good,3,2026-09-28,5195834,5469784,Open,BM 58,9,False,5327114,Fondled,11,2,56.5,False,N.Farley,A.Noblet,False,2,,Australia,Kilmore,5,2026-09-28 05:30:00+00:00,11,Fondled,9,Ladbrokes,41.000,6.000,TOP3,600.000,8.000,6.83257767702360314709,-93.7140285371382851046772000000000000000000,6.134151220162688358448000,-84.8725651225041387629272000000000000000000,-83.0432968298212119336772000000000000000000,-72.6266301631545452668438666666666666666675,
VIC,Park Kilmore,5,1100,Good,3,2026-09-28,5195834,5469784,Open,BM 58,9,False,5327114,Fondled,11,2,56.5,False,N.Farley,A.Noblet,False,2,,Australia,Kilmore,5,2026-09-28 05:30:00+00:00,11,Fondled,9,Sportsbet,46.000,9.500,TOP3,600.000,8.000,7.66602213628483797840,-92.9472596346179490598720000000000000000000,6.900920122683024403254000,-88.3133923577300772066220000000000000000000,-86.6829575751213815541220000000000000000000,-79.6192456637640408336199224376731301939075,
VIC,Park Kilmore,5,1100,Good,3,2026-09-28,5195834,5469784,Open,BM 58,9,False,5327114,Fondled,11,2,56.5,False,N.Farley,A.Noblet,False,2,,Australia,Kilmore,5,2026-09-28 05:30:00+00:00,11,Fondled,9,UniBet,41.000,6.500,TOP3,600.000,8.000,6.83257767702360314709,-93.7140285371382851046772000000000000000000,6.134151220162688358448000,-85.8341035840426003019272000000000000000000,-84.0048352913596734726772000000000000000000,-74.2415216818922178515751289940828402366875,
VIC,Park Kilmore,5,1100,Good,3,2026-09-28,5195834,5469784,Open,BM 58,9,False,5327114,Fondled,11,2,56.5,False,N.Farley,A.Noblet,False,2,,Australia,Kilmore,5,2026-09-28 05:30:00+00:00,11,Fondled,9,Surge ,41.000,6.000,TOP3,600.000,8.000,6.83257767702360314709,-93.7140285371382851046772000000000000000000,6.134151220162688358448000,-84.8725651225041387629272000000000000000000,-83.0432968298212119336772000000000000000000,-72.6266301631545452668438666666666666666675,
WA,Bunbury,3,1400,Soft,5,2026-09-28,5196062,5481878,Open,Maiden,11,False,5327324,Spiritart,6,6,56,False,A.P.Hearn,C.K.Skerritt,False,3,,Australia,Bunbury,3,2026-09-28 06:27:00+00:00,6,Spiritart,11,Betr,29.000,5.500,TOP3,630.000,8.000,4.60217170434340868682,-95.7660020320040640081256000000000000000000,4.089408178816357632715000,-87.3020521887438759201256000000000000000000,-84.7158452921921517823756000000000000000000,-73.5588204988037220303962611570247933884300,
WA,Bunbury,3,1400,Soft,5,2026-09-28,5196062,5481878,Open,Maiden,11,False,5327324,Spiritart,6,6,56,False,A.P.Hearn,C.K.Skerritt,False,3,,Australia,Bunbury,3,2026-09-28 06:27:00+00:00,6,Spiritart,11,Dabble,31.000,5.000,TOP3,630.000,8.000,4.91967233934467868936,-95.4739014478028956057888000000000000000000,4.381508763017526035052000,-85.3126111252222504447888000000000000000000,-82.8932562865125730252888000000000000000000,-70.8932562865125730252888000000000000000000,
WA,Bunbury,3,1400,Soft,5,2026-09-28,5196062,5481878,Open,Maiden,11,False,5327324,Spiritart,6,6,56,False,A.P.Hearn,C.K.Skerritt,False,3,,Australia,Bunbury,3,2026-09-28 06:27:00+00:00,6,Spiritart,11,Ladbrokes,31.000,6.000,TOP3,630.000,8.000,4.91967233934467868936,-95.4739014478028956057888000000000000000000,4.381508763017526035052000,-87.8126111252222504445388000000000000000000,-85.3932562865125730250388000000000000000000,-74.9765896198459063582054666666666666666675,
WA,Bunbury,3,1400,Soft,5,2026-09-28,5196062,5481878,Open,Maiden,11,False,5327324,Spiritart,6,6,56,False,A.P.Hearn,C.K.Skerritt,False,3,,Australia,Bunbury,3,2026-09-28 06:27:00+00:00,6,Spiritart,11,Sportsbet,34.000,7.500,TOP3,630.000,8.000,5.39592329184658369317,-95.0357505715011430022836000000000000000000,4.819659639319278638557000,-89.4475152773834959435336000000000000000000,-87.2416329244423194730336000000000000000000,-78.5749662577756528065502666666666666666675,
WA,Bunbury,3,1400,Soft,5,2026-09-28,5196062,5481878,Open,Maiden,11,False,5327324,Spiritart,6,6,56,False,A.P.Hearn,C.K.Skerritt,False,3,,Australia,Bunbury,3,2026-09-28 06:27:00+00:00,6,Spiritart,11,UniBet,31.000,6.000,TOP3,630.000,8.000,4.91967233934467868936,-95.4739014478028956057888000000000000000000,4.381508763017526035052000,-87.8126111252222504445388000000000000000000,-85.3932562865125730250388000000000000000000,-74.9765896198459063582054666666666666666675,
WA,Bunbury,3,1400,Soft,5,2026-09-28,5196062,5481878,Open,Maiden,11,False,5327324,Spiritart,6,6,56,False,A.P.Hearn,C.K.Skerritt,False,3,,Australia,Bunbury,3,2026-09-28 06:27:00+00:00,6,Spiritart,11,Surge ,34.000,5.500,TOP3,630.000,8.000,5.39592329184658369317,-95.0357505715011430022836000000000000000000,4.819659639319278638557000,-85.8111516410198595797836000000000000000000,-83.6052692880786831092836000000000000000000,-72.4482444946902533573042611570247933884300,
NSW,Tamworth,7,1000,Good,4,2026-09-28,5196006,5468327,Open,BM 70,9,False,5327335,Miss Mercy,7,4,55,True,J.Pracey-Holmes,P.J.Cunningham,False,17,4,,,,,,,,,,,,,,,,,,,,
VIC,Park Kilmore,6,2000,Good,3,2026-09-28,5195834,5469785,Open,BM 0-57,12,False,5327455,Devine Grunt,5,13,61,False,J.B.Stanley,A.E.Laing,False,3,,Australia,Kilmore,6,2026-09-28 06:00:00+00:00,5,Devine Grunt,12,Dabble,26.000,5.000,TOP3,600.000,8.000,4.33224429923989865315,-96.0143352446992932391020000000000000000000,3.833844512601680224030000,-86.7835660139300624701020000000000000000000,-83.8989506293146778546020000000000000000000,-71.8989506293146778546020000000000000000000,
VIC,Park Kilmore,6,2000,Good,3,2026-09-28,5195834,5469785,Open,BM 0-57,12,False,5327455,Devine Grunt,5,13,61,False,J.B.Stanley,A.E.Laing,False,3,,Australia,Kilmore,6,2026-09-28 06:00:00+00:00,5,Devine Grunt,12,Ladbrokes,34.000,6.500,TOP3,600.000,8.000,5.66575543405787438325,-94.7875050006667555674100000000000000000000,5.060674756634217895719000,-87.6608081680875700471600000000000000000000,-85.4549258151463935766600000000000000000000,-75.6916122056789379555579289940828402366875,
VIC,Park Kilmore,6,2000,Good,3,2026-09-28,5195834,5469785,Open,BM 0-57,12,False,5327455,Devine Grunt,5,13,61,False,J.B.Stanley,A.E.Laing,False,3,,Australia,Kilmore,6,2026-09-28 06:00:00+00:00,5,Devine Grunt,12,Sportsbet,27.000,6.250,TOP3,600.000,8.000,4.49893319109214561942,-95.8609814641952260301336000000000000000000,3.987198293105747432991000,-89.4165370197507815861336000000000000000000,-86.6387592419730038081336000000000000000000,-76.5587592419730038081336000000000000000000,
VIC,Park Kilmore,6,2000,Good,3,2026-09-28,5195834,5469785,Open,BM 0-57,12,False,5327455,Devine Grunt,5,13,61,False,J.B.Stanley,A.E.Laing,False,3,,Australia,Kilmore,6,2026-09-28 06:00:00+00:00,5,Devine Grunt,12,UniBet,31.000,6.000,TOP3,600.000,8.000,5.16568875850113348446,-95.2475663421789571942968000000000000000000,4.600613415122016268836000,-87.5862760195983120330468000000000000000000,-85.1669211808886346135468000000000000000000,-74.7502545142219679467134666666666666666675,
VIC,Park Kilmore,6,2000,Good,3,2026-09-28,5195834,5469785,Open,BM 0-57,12,False,5327455,Devine Grunt,5,13,61,False,J.B.Stanley,A.E.Laing,False,3,,Australia,Kilmore,6,2026-09-28 06:00:00+00:00,5,Devine Grunt,12,Surge ,31.000,5.500,TOP3,600.000,8.000,5.16568875850113348446,-95.2475663421789571942968000000000000000000,4.600613415122016268836000,-86.4499123832346756697968000000000000000000,-84.0305575445249982502968000000000000000000,-72.8735327511365684983174611570247933884300,
VIC,Park Kilmore,6,2000,Good,3,2026-09-28,5195834,5469785,Open,BM 0-57,12,False,5327455,Devine Grunt,5,13,61,False,J.B.Stanley,A.E.Laing,False,3,,Australia,Kilmore,6,2026-09-28 06:00:00+00:00,5,Devine Grunt,12,Betr,29.000,6.000,TOP3,600.000,8.000,4.83231097479663955194,-95.5542739031870916122152000000000000000000,4.293905854113881850913000,-88.2266876962905398874652000000000000000000,-85.6404807997388157497152000000000000000000,-75.2238141330721490828818666666666666666675,
VIC,Southside Cranbourne,13,1000,Good,4,2026-09-28,5197870,5482057,Nominations,Trial,9,True,5327576,Factcheck,0,,,False,,Mick Price & Michael Kent (Jnr),False,1,,,,,,,,,,,,,,,,,,,,,
SA,Morphettville Parks,9,1000,Good,4,2026-09-28,5197445,5482079,Paying,Trial,6,True,5327825,Serial Celebrator,9,0,,True,A.Stone,T.H.Jolly,False,1,,,,,,,,,,,,,,,,,,,,,
VIC,Southside Cranbourne,12,1000,Good,4,2026-09-28,5197870,5482056,Nominations,Trial,11,True,5327950,Markdel,0,,,False,,Allan & Jason Williams,False,10,6,,,,,,,,,,,,,,,,,,,,
WA,Bunbury,3,1400,Soft,5,2026-09-28,5196062,5481878,Open,Maiden,11,False,5328018,Sandy Cheeks,10,12,56,True,,M.Clark,False,2,,,,,,,,,,,,,,,,,,,,,
VIC,Southside Cranbourne,13,1000,Good,4,2026-09-28,5197870,5482057,Nominations,Trial,9,True,5328037,Houdini,0,,,False,,G.M.Bedggood,False,1,14,,,,,,,,,,,,,,,,,,,,
VIC,Southside Cranbourne,18,1200,Good,4,2026-09-28,5197870,5482062,Nominations,Trial,10,True,5328061,Cilacap,0,,,False,,G.M.Begg,False,1,5,,,,,,,,,,,,,,,,,,,,
SA,Morphettville Parks,8,1000,Good,4,2026-09-28,5197445,5482078,Paying,Trial,9,True,5328101,Taking Omaha,2,0,,False,C.P.Murtagh,C.J.Reardon,False,1,4,,,,,,,,,,,,,,,,,,,,
SA,Morphettville Parks,10,1000,Good,4,2026-09-28,5197445,5482080,Paying,Trial,9,True,5328311,Copper Bullet,2,0,,False,C.P.Murtagh,S.Rutten,False,1,2,,,,,,,,,,,,,,,,,,,,
SA,Morphettville Parks,1,800,Good,4,2026-09-28,5197445,5482082,Paying,Trial,3,True,5328311,Copper Bullet,6,0,,True,C.P.Murtagh,S.Rutten,False,1,2,,,,,,,,,,,,,,,,,,,,
SA,Morphettville Parks,14,1000,Good,4,2026-09-28,5197445,5482073,Paying,Trial,8,True,5328342,Swan Dance,8,0,,False,J.Holder,G.J.Boyce,False,6,,,,,,,,,,,,,,,,,,,,,
NSW,Tamworth,6,1200,Good,4,2026-09-28,5196006,5468324,Open,BM 78,9,False,5328602,Lady Olenna,8,11,55,True,,Paul Messara & Leah Gavranich,False,4,,,,,,,,,,,,,,,,,,,,,
VIC,Southside Cranbourne,4,800,Good,4,2026-09-28,5197870,5482048,Nominations,Trial,9,True,5328619,Hustle In Heels,0,,,False,,J.Sandhu,False,1,,,,,,,,,,,,,,,,,,,,,
NSW,Tamworth,7,1000,Good,4,2026-09-28,5196006,5468327,Open,BM 70,9,False,5328693,Brighella,4,7,58,False,Z.Wadick,D.J.Hatch,False,5,24,Australia,Tamworth,7,2026-09-28 07:15:00+00:00,4,Brighella,9,Dabble,7.500,2.350,TOP3,26.000,10.000,28.91891891891891891892,-73.9729729729729729729720000000000000000000,22.586872586872586872587000,-62.0580793559516963764720000000000000000000,-52.0580793559516963767220000000000000000000,-33.7239915334075587578519230421004979628800,
NSW,Tamworth,7,1000,Good,4,2026-09-28,5196006,5468327,Open,BM 70,9,False,5328693,Brighella,4,7,58,False,Z.Wadick,D.J.Hatch,False,5,24,Australia,Tamworth,7,2026-09-28 07:15:00+00:00,4,Brighella,9,Ladbrokes,7.500,2.150,TOP3,26.000,10.000,28.91891891891891891892,-73.9729729729729729729720000000000000000000,22.586872586872586872587000,-59.0892520427404148329720000000000000000000,-49.0892520427404148332220000000000000000000,-30.4305175916857907120778680367766360194700,
NSW,Tamworth,7,1000,Good,4,2026-09-28,5196006,5468327,Open,BM 70,9,False,5328693,Brighella,4,7,58,False,Z.Wadick,D.J.Hatch,False,5,24,Australia,Tamworth,7,2026-09-28 07:15:00+00:00,4,Brighella,9,Sportsbet,7.500,2.050,TOP3,26.000,10.000,28.91891891891891891892,-73.9729729729729729729720000000000000000000,22.586872586872586872587000,-57.3876071193144363874720000000000000000000,-47.3876071193144363877220000000000000000000,-28.6487611942698200879093884592504461630000,
NSW,Tamworth,7,1000,Good,4,2026-09-28,5196006,5468327,Open,BM 70,9,False,5328693,Brighella,4,7,58,False,Z.Wadick,D.J.Hatch,False,5,24,Australia,Tamworth,7,2026-09-28 07:15:00+00:00,4,Brighella,9,UniBet,7.500,2.250,TOP3,26.000,10.000,28.91891891891891891892,-73.9729729729729729729720000000000000000000,22.586872586872586872587000,-60.6396396396396396394720000000000000000000,-50.6396396396396396397220000000000000000000,-32.1211211211211211212405185185185185185200,
NSW,Tamworth,7,1000,Good,4,2026-09-28,5196006,5468327,Open,BM 70,9,False,5328693,Brighella,4,7,58,False,Z.Wadick,D.J.Hatch,False,5,24,Australia,Tamworth,7,2026-09-28 07:15:00+00:00,4,Brighella,9,Surge ,7.500,2.250,TOP3,26.000,10.000,28.91891891891891891892,-73.9729729729729729729720000000000000000000,22.586872586872586872587000,-60.6396396396396396394720000000000000000000,-50.6396396396396396397220000000000000000000,-32.1211211211211211212405185185185185185200,
NSW,Tamworth,7,1000,Good,4,2026-09-28,5196006,5468327,Open,BM 70,9,False,5328693,Brighella,4,7,58,False,Z.Wadick,D.J.Hatch,False,5,24,Australia,Tamworth,7,2026-09-28 07:15:00+00:00,4,Brighella,9,Betr,7.500,2.050,TOP3,26.000,10.000,28.91891891891891891892,-73.9729729729729729729720000000000000000000,22.586872586872586872587000,-57.3876071193144363874720000000000000000000,-47.3876071193144363877220000000000000000000,-28.6487611942698200879093884592504461630000,
NSW,Tamworth,6,1200,Good,4,2026-09-28,5196006,5468324,Open,BM 78,9,False,5328693,Brighella,12,10,55,True,,D.J.Hatch,False,5,24,,,,,,,,,,,,,,,,,,,,
VIC,Park Kilmore,8,1200,Good,3,2026-09-28,5195834,5469789,Open,BM 58,12,False,5328875,Brandjam,3,18,61,True,B.R.Kinninmont,G.C.Thompson,False,10,2,,,,,,,,,,,,,,,,,,,,
NSW,Wagga,2,2000,Good,4,2026-09-28,5194203,5468765,Paying,BM 64,6,False,5329022,Vasala,3,1,58.5,True,,D.S.Burnet,False,6,,,,,,,,,,,,,,,,,,,,,
VIC,Southside Cranbourne,13,1000,Good,4,2026-09-28,5197870,5482057,Nominations,Trial,9,True,5329026,Curse It,0,,,False,,G.Eurell,False,1,,,,,,,,,,,,,,,,,,,,,
VIC,Southside Cranbourne,8,800,Good,4,2026-09-28,5197870,5482052,Nominations,Trial,8,True,5329082,Deadly Force,0,,,False,,Anthony & Sam Freedman,False,1,,,,,,,,,,,,,,,,,,,,,
VIC,Southside Cranbourne,6,800,Good,4,2026-09-28,5197870,5482050,Nominations,Trial,8,True,5329178,Welcometodetroit,0,,,False,,M.C.Webb,False,1,,,,,,,,,,,,,,,,,,,,,
NSW,Tamworth,6,1200,Good,4,2026-09-28,5196006,5468324,Open,BM 78,9,False,5329266,Cresta Run,6,12,55,True,G.Buckley,Brett & Georgie Cavanough,False,7,10,,,,,,,,,,,,,,,,,,,,
NSW,Wagga,7,1200,Good,4,2026-09-28,5194203,5468766,Open,BM 70,8,False,5329409,Teresprit,10,3,55,False,S.Guymer,M.Travers,False,11,,Australia,Wagga,7,2026-09-28 06:55:00+00:00,10,Teresprit,8,Dabble,10.000,2.400,TOP3,28.000,10.000,35.80645161290322580645,-67.7741935483870967741950000000000000000000,29.032258064516129032258000,-51.5241935483870967739450000000000000000000,-44.0241935483870967739450000000000000000000,-25.7950268817204301072366666666666666666675,
NSW,Wagga,7,1200,Good,4,2026-09-28,5194203,5468766,Open,BM 70,8,False,5329409,Teresprit,10,3,55,False,S.Guymer,M.Travers,False,11,,Australia,Wagga,7,2026-09-28 06:55:00+00:00,10,Teresprit,8,Ladbrokes,10.000,2.250,TOP3,28.000,10.000,35.80645161290322580645,-67.7741935483870967741950000000000000000000,29.032258064516129032258000,-49.4408602150537634411950000000000000000000,-41.9408602150537634411950000000000000000000,-23.4223416965352449227135185185185185185200,
NSW,Wagga,7,1200,Good,4,2026-09-28,5194203,5468766,Open,BM 70,8,False,5329409,Teresprit,10,3,55,False,S.Guymer,M.Travers,False,11,,Australia,Wagga,7,2026-09-28 06:55:00+00:00,10,Teresprit,8,Sportsbet,11.000,2.400,TOP3,28.000,10.000,39.39068100358422939068,-64.5483870967741935483880000000000000000000,32.258064516129032258065000,-46.9347507331378299116380000000000000000000,-40.1165689149560117298880000000000000000000,-21.8874022482893450631796666666666666666675,
NSW,Wagga,7,1200,Good,4,2026-09-28,5194203,5468766,Open,BM 70,8,False,5329409,Teresprit,10,3,55,False,S.Guymer,M.Travers,False,11,,Australia,Wagga,7,2026-09-28 06:55:00+00:00,10,Teresprit,8,UniBet,10.000,2.400,TOP3,28.000,10.000,35.80645161290322580645,-67.7741935483870967741950000000000000000000,29.032258064516129032258000,-51.5241935483870967739450000000000000000000,-44.0241935483870967739450000000000000000000,-25.7950268817204301072366666666666666666675,
NSW,Wagga,7,1200,Good,4,2026-09-28,5194203,5468766,Open,BM 70,8,False,5329409,Teresprit,10,3,55,False,S.Guymer,M.Travers,False,11,,Australia,Wagga,7,2026-09-28 06:55:00+00:00,10,Teresprit,8,Surge ,10.000,2.400,TOP3,28.000,10.000,35.80645161290322580645,-67.7741935483870967741950000000000000000000,29.032258064516129032258000,-51.5241935483870967739450000000000000000000,-44.0241935483870967739450000000000000000000,-25.7950268817204301072366666666666666666675,
VIC,Park Kilmore,7,1600,Good,3,2026-09-28,5195834,5469786,Open,BM 0-57,14,False,5329449,Sensational Ruler,3,12,62,False,B.Rawiller,R.J.Laming,False,9,2,Australia,Kilmore,7,2026-09-28 06:30:00+00:00,3,Sensational Ruler,14,Betr,7.500,2.550,TOP3,12.000,8.000,62.83557046979865771812,-42.1912751677852348993296000000000000000000,50.167785234899328859060000,-32.7795104619028819573296000000000000000000,-22.7795104619028819575796000000000000000000,-4.9017711308763536991476507497116493656300,
VIC,Park Kilmore,7,1600,Good,3,2026-09-28,5195834,5469786,Open,BM 0-57,14,False,5329449,Sensational Ruler,3,12,62,False,B.Rawiller,R.J.Laming,False,9,2,Australia,Kilmore,7,2026-09-28 06:30:00+00:00,3,Sensational Ruler,14,Dabble,7.000,2.500,TOP3,12.000,8.000,58.64093959731543624161,-46.0503355704697986577188000000000000000000,46.308724832214765100671000,-37.4789069990412272287188000000000000000000,-26.7646212847555129432188000000000000000000,-8.7646212847555129432188000000000000000000,
VIC,Park Kilmore,7,1600,Good,3,2026-09-28,5195834,5469786,Open,BM 0-57,14,False,5329449,Sensational Ruler,3,12,62,False,B.Rawiller,R.J.Laming,False,9,2,Australia,Kilmore,7,2026-09-28 06:30:00+00:00,3,Sensational Ruler,14,Ladbrokes,7.500,2.600,TOP3,12.000,8.000,62.83557046979865771812,-42.1912751677852348993296000000000000000000,50.167785234899328859060000,-33.3451213216313887453296000000000000000000,-23.3451213216313887455796000000000000000000,-5.5936420316905603432926177514792899408300,
VIC,Park Kilmore,7,1600,Good,3,2026-09-28,5195834,5469786,Open,BM 0-57,14,False,5329449,Sensational Ruler,3,12,62,False,B.Rawiller,R.J.Laming,False,9,2,Australia,Kilmore,7,2026-09-28 06:30:00+00:00,3,Sensational Ruler,14,Sportsbet,7.500,2.500,TOP3,12.000,8.000,62.83557046979865771812,-42.1912751677852348993296000000000000000000,50.167785234899328859060000,-32.1912751677852348988296000000000000000000,-22.1912751677852348990796000000000000000000,-4.1912751677852348990796000000000000000000,
VIC,Park Kilmore,7,1600,Good,3,2026-09-28,5195834,5469786,Open,BM 0-57,14,False,5329449,Sensational Ruler,3,12,62,False,B.Rawiller,R.J.Laming,False,9,2,Australia,Kilmore,7,2026-09-28 06:30:00+00:00,3,Sensational Ruler,14,UniBet,7.500,2.650,TOP3,12.000,8.000,62.83557046979865771812,-42.1912751677852348993296000000000000000000,50.167785234899328859060000,-33.8893883753324047100796000000000000000000,-23.8893883753324047103296000000000000000000,-6.2674588630504538381157338554645781416875,
VIC,Park Kilmore,7,1600,Good,3,2026-09-28,5195834,5469786,Open,BM 0-57,14,False,5329449,Sensational Ruler,3,12,62,False,B.Rawiller,R.J.Laming,False,9,2,Australia,Kilmore,7,2026-09-28 06:30:00+00:00,3,Sensational Ruler,14,Surge ,7.500,2.600,TOP3,12.000,8.000,62.83557046979865771812,-42.1912751677852348993296000000000000000000,50.167785234899328859060000,-33.3451213216313887453296000000000000000000,-23.3451213216313887455796000000000000000000,-5.5936420316905603432926177514792899408300,
SA,Morphettville Parks,15,1000,Good,4,2026-09-28,5197445,5482074,Paying,Trial,8,True,5329678,Sir Monica,3,0,,True,B.King,K.L.Evans,False,1,6,,,,,,,,,,,,,,,,,,,,
VIC,Southside Cranbourne,4,800,Good,4,2026-09-28,5197870,5482048,Nominations,Trial,9,True,5329723,Mckeyla,0,,,False,,R.D.Griffiths,False,1,,,,,,,,,,,,,,,,,,,,,
VIC,Park Kilmore,6,2000,Good,3,2026-09-28,5195834,5469785,Open,BM 0-57,12,False,5329845,Murgasty,2,3,62.5,False,S.R.Hateley,C.Weller,False,3,,Australia,Kilmore,6,2026-09-28 06:00:00+00:00,2,Murgasty,12,Dabble,26.000,4.800,TOP3,600.000,8.000,4.33224429923989865315,-96.0143352446992932391020000000000000000000,3.833844512601680224030000,-86.1585660139300624703520000000000000000000,-83.2739506293146778548520000000000000000000,-70.9041589626480111883311666666666666666675,
VIC,Park Kilmore,6,2000,Good,3,2026-09-28,5195834,5469785,Open,BM 0-57,12,False,5329845,Murgasty,2,3,62.5,False,S.R.Hateley,C.Weller,False,3,,Australia,Kilmore,6,2026-09-28 06:00:00+00:00,2,Murgasty,12,Ladbrokes,27.000,5.500,TOP3,600.000,8.000,4.49893319109214561942,-95.8609814641952260301336000000000000000000,3.987198293105747432991000,-87.7801733833871452226336000000000000000000,-85.0023956056093674446336000000000000000000,-73.8453708122209376926542611570247933884300,
VIC,Park Kilmore,6,2000,Good,3,2026-09-28,5195834,5469785,Open,BM 0-57,12,False,5329845,Murgasty,2,3,62.5,False,S.R.Hateley,C.Weller,False,3,,Australia,Kilmore,6,2026-09-28 06:00:00+00:00,2,Murgasty,12,Sportsbet,27.000,6.250,TOP3,600.000,8.000,4.49893319109214561942,-95.8609814641952260301336000000000000000000,3.987198293105747432991000,-89.4165370197507815861336000000000000000000,-86.6387592419730038081336000000000000000000,-76.5587592419730038081336000000000000000000,
VIC,Park Kilmore,6,2000,Good,3,2026-09-28,5195834,5469785,Open,BM 0-57,12,False,5329845,Murgasty,2,3,62.5,False,S.R.Hateley,C.Weller,False,3,,Australia,Kilmore,6,2026-09-28 06:00:00+00:00,2,Murgasty,12,UniBet,26.000,5.500,TOP3,600.000,8.000,4.33224429923989865315,-96.0143352446992932391020000000000000000000,3.833844512601680224030000,-88.1472023775664261066020000000000000000000,-85.2625869929510414911020000000000000000000,-74.1055621995626117391226611570247933884300,
VIC,Park Kilmore,6,2000,Good,3,2026-09-28,5195834,5469785,Open,BM 0-57,12,False,5329845,Murgasty,2,3,62.5,False,S.R.Hateley,C.Weller,False,3,,Australia,Kilmore,6,2026-09-28 06:00:00+00:00,2,Murgasty,12,Surge ,26.000,4.800,TOP3,600.000,8.000,4.33224429923989865315,-96.0143352446992932391020000000000000000000,3.833844512601680224030000,-86.1585660139300624703520000000000000000000,-83.2739506293146778548520000000000000000000,-70.9041589626480111883311666666666666666675,
VIC,Park Kilmore,6,2000,Good,3,2026-09-28,5195834,5469785,Open,BM 0-57,12,False,5329845,Murgasty,2,3,62.5,False,S.R.Hateley,C.Weller,False,3,,Australia,Kilmore,6,2026-09-28 06:00:00+00:00,2,Murgasty,12,Betr,26.000,5.500,TOP3,600.000,8.000,4.33224429923989865315,-96.0143352446992932391020000000000000000000,3.833844512601680224030000,-88.1472023775664261066020000000000000000000,-85.2625869929510414911020000000000000000000,-74.1055621995626117391226611570247933884300,
NSW,Tamworth,4,1400,Good,4,2026-09-28,5196006,5468326,Open,BM 64,7,False,5329901,Endless Applause,4,7,56,False,A.Farragher,L.Mary,False,2,,Australia,Tamworth,4,2026-09-28 05:25:00+00:00,4,Endless Applause,7,Betr,9.000,3.600,TOP2,28.000,10.000,32.22222222222222222222,-71.0000000000000000000020000000000000000000,25.806451612903225806452000,-58.4999999999999999997520000000000000000000,-43.4537037037037037033816296296296296296300,-24.73871170553269318668169821673525377229196844993141289437585496113397347965249200,
NSW,Tamworth,4,1400,Good,4,2026-09-28,5196006,5468326,Open,BM 64,7,False,5329901,Endless Applause,4,7,56,False,A.Farragher,L.Mary,False,2,,Australia,Tamworth,4,2026-09-28 05:25:00+00:00,4,Endless Applause,7,Dabble,8.500,4.000,TOP2,28.000,10.000,30.43010752688172043011,-72.6129032258064516129010000000000000000000,24.193548387096774193548000,-62.6864326375711574949010000000000000000000,-48.6239326375711574949010000000000000000000,-30.16690138757115749490100000000000000000000000000000000000000000000000000000000000,
NSW,Tamworth,4,1400,Good,4,2026-09-28,5196006,5468326,Open,BM 64,7,False,5329901,Endless Applause,4,7,56,False,A.Farragher,L.Mary,False,2,,Australia,Tamworth,4,2026-09-28 05:25:00+00:00,4,Endless Applause,7,Ladbrokes,9.000,3.300,TOP2,28.000,10.000,32.22222222222222222222,-71.0000000000000000000020000000000000000000,25.806451612903225806452000,-56.6060606060606060607520000000000000000000,-40.7658402203856749313649476584022038567500,-22.03103410766821736040474457573480864239892918668275542805971637233846099360750000,
NSW,Tamworth,4,1400,Good,4,2026-09-28,5196006,5468326,Open,BM 64,7,False,5329901,Endless Applause,4,7,56,False,A.Farragher,L.Mary,False,2,,Australia,Tamworth,4,2026-09-28 05:25:00+00:00,4,Endless Applause,7,Sportsbet,9.000,3.600,TOP2,28.000,10.000,32.22222222222222222222,-71.0000000000000000000020000000000000000000,25.806451612903225806452000,-58.4999999999999999997520000000000000000000,-43.4537037037037037033816296296296296296300,-24.73871170553269318668169821673525377229196844993141289437585496113397347965249200,
NSW,Tamworth,4,1400,Good,4,2026-09-28,5196006,5468326,Open,BM 64,7,False,5329901,Endless Applause,4,7,56,False,A.Farragher,L.Mary,False,2,,Australia,Tamworth,4,2026-09-28 05:25:00+00:00,4,Endless Applause,7,UniBet,9.000,3.700,TOP2,28.000,10.000,32.22222222222222222222,-71.0000000000000000000020000000000000000000,25.806451612903225806452000,-59.0630630630630630630020000000000000000000,-44.2712442171901631360573323593864134404675,-25.60048967689186432395079748858289122439322598485402268001521748030185240222158075,
NSW,Tamworth,4,1400,Good,4,2026-09-28,5196006,5468326,Open,BM 64,7,False,5329901,Endless Applause,4,7,56,False,A.Farragher,L.Mary,False,2,,Australia,Tamworth,4,2026-09-28 05:25:00+00:00,4,Endless Applause,7,Surge ,9.000,3.800,TOP2,28.000,10.000,32.22222222222222222222,-71.0000000000000000000020000000000000000000,25.806451612903225806452000,-59.5964912280701754387520000000000000000000,-45.0535549399815327795844099722991689750700,-26.44181930259385159239206184728478142433159291288433943877042769162299245708673200,
NSW,Wagga,1,1000,Good,0,2026-09-28,5197836,5482019,FinalFields,Trial,10,True,5330060,Bennelong Time,1,2,,False,B.Mcdougall,D.L.Scott,True,1,,,,,,,,,,,,,,,,,,,,,
NSW,Wagga,4,1000,Good,4,2026-09-28,5194203,5468763,Open,BM 64,9,False,5330099,Helluva Teen,6,2,57,False,J.Penza,N.Osborne,False,14,,Australia,Wagga,4,2026-09-28 05:10:00+00:00,6,Helluva Teen,9,Dabble,6.500,2.050,TOP3,22.000,10.000,29.63470319634703196347,-73.3287671232876712328770000000000000000000,22.602739726027397260274000,-59.8203243465522115703770000000000000000000,-48.2818628080906731091270000000000000000000,-29.5430168830460568093143884592504461630000,
NSW,Wagga,4,1000,Good,4,2026-09-28,5194203,5468763,Open,BM 64,9,False,5330099,Helluva Teen,6,2,57,False,J.Penza,N.Osborne,False,14,,Australia,Wagga,4,2026-09-28 05:10:00+00:00,6,Helluva Teen,9,Ladbrokes,6.500,2.000,TOP3,22.000,10.000,29.63470319634703196347,-73.3287671232876712328770000000000000000000,22.602739726027397260274000,-58.9056902002107481553770000000000000000000,-47.3672286617492096941270000000000000000000,-28.6172286617492096941270000000000000000000,
NSW,Wagga,4,1000,Good,4,2026-09-28,5194203,5468763,Open,BM 64,9,False,5330099,Helluva Teen,6,2,57,False,J.Penza,N.Osborne,False,14,,Australia,Wagga,4,2026-09-28 05:10:00+00:00,6,Helluva Teen,9,Sportsbet,6.500,1.950,TOP3,22.000,10.000,29.63470319634703196347,-73.3287671232876712328770000000000000000000,22.602739726027397260274000,-57.9441517386722866171270000000000000000000,-46.4056902002107481558770000000000000000000,-27.6680176163843181755954418145956607495075,
NSW,Wagga,4,1000,Good,4,2026-09-28,5194203,5468763,Open,BM 64,9,False,5330099,Helluva Teen,6,2,57,False,J.Penza,N.Osborne,False,14,,Australia,Wagga,4,2026-09-28 05:10:00+00:00,6,Helluva Teen,9,UniBet,6.500,2.000,TOP3,22.000,10.000,29.63470319634703196347,-73.3287671232876712328770000000000000000000,22.602739726027397260274000,-58.9056902002107481553770000000000000000000,-47.3672286617492096941270000000000000000000,-28.6172286617492096941270000000000000000000,
NSW,Wagga,4,1000,Good,4,2026-09-28,5194203,5468763,Open,BM 64,9,False,5330099,Helluva Teen,6,2,57,False,J.Penza,N.Osborne,False,14,,Australia,Wagga,4,2026-09-28 05:10:00+00:00,6,Helluva Teen,9,Surge ,6.500,2.050,TOP3,22.000,10.000,29.63470319634703196347,-73.3287671232876712328770000000000000000000,22.602739726027397260274000,-59.8203243465522115703770000000000000000000,-48.2818628080906731091270000000000000000000,-29.5430168830460568093143884592504461630000,
NSW,Tamworth,6,1200,Good,4,2026-09-28,5196006,5468324,Open,BM 78,9,False,5330112,Concoction,7,3,55,False,B.Looker,S.R.Osland,False,7,2,Australia,Tamworth,6,2026-09-28 06:40:00+00:00,7,Concoction,9,Betr,3.400,1.370,TOP3,3.500,10.000,99.70588235294117647059,-10.2647058823529411764690000000000000000000,63.529411764705882352941000,0.3621726062687848862810000000000000000000,22.4209961356805495920310000000000000000000,37.2060139842606550852244706164420054344925,
NSW,Tamworth,6,1200,Good,4,2026-09-28,5196006,5468324,Open,BM 78,9,False,5330112,Concoction,7,3,55,False,B.Looker,S.R.Osland,False,7,2,Australia,Tamworth,6,2026-09-28 06:40:00+00:00,7,Concoction,9,Dabble,3.400,1.400,TOP3,3.500,10.000,99.70588235294117647059,-10.2647058823529411764690000000000000000000,63.529411764705882352941000,-0.8109243697478991597190000000000000000000,21.2478991596638655460310000000000000000000,36.5540216086434573829034489795918367346925,
NSW,Tamworth,6,1200,Good,4,2026-09-28,5196006,5468324,Open,BM 78,9,False,5330112,Concoction,7,3,55,False,B.Looker,S.R.Osland,False,7,2,Australia,Tamworth,6,2026-09-28 06:40:00+00:00,7,Concoction,9,Ladbrokes,3.300,1.450,TOP3,3.500,10.000,96.76470588235294117647,-12.9117647058823529411770000000000000000000,60.882352941176470588235000,-6.6421722293933247274270000000000000000000,16.0851004978794025450730000000000000000000,32.1374191661314834011476135552913198573125,
NSW,Tamworth,6,1200,Good,4,2026-09-28,5196006,5468324,Open,BM 78,9,False,5330112,Concoction,7,3,55,False,B.Looker,S.R.Osland,False,7,2,Australia,Tamworth,6,2026-09-28 06:40:00+00:00,7,Concoction,9,Sportsbet,3.400,1.400,TOP3,3.500,10.000,99.70588235294117647059,-10.2647058823529411764690000000000000000000,63.529411764705882352941000,-0.8109243697478991597190000000000000000000,21.2478991596638655460310000000000000000000,36.5540216086434573829034489795918367346925,
NSW,Tamworth,6,1200,Good,4,2026-09-28,5196006,5468324,Open,BM 78,9,False,5330112,Concoction,7,3,55,False,B.Looker,S.R.Osland,False,7,2,Australia,Tamworth,6,2026-09-28 06:40:00+00:00,7,Concoction,9,UniBet,3.400,1.380,TOP3,3.500,10.000,99.70588235294117647059,-10.2647058823529411764690000000000000000000,63.529411764705882352941000,-0.0345268542199488484690000000000000000000,22.0242966751918158572810000000000000000000,36.9896400904407131476001556395715185885300,
NSW,Tamworth,6,1200,Good,4,2026-09-28,5196006,5468324,Open,BM 78,9,False,5330112,Concoction,7,3,55,False,B.Looker,S.R.Osland,False,7,2,Australia,Tamworth,6,2026-09-28 06:40:00+00:00,7,Concoction,9,Surge ,3.400,1.400,TOP3,3.500,10.000,99.70588235294117647059,-10.2647058823529411764690000000000000000000,63.529411764705882352941000,-0.8109243697478991597190000000000000000000,21.2478991596638655460310000000000000000000,36.5540216086434573829034489795918367346925,
VIC,Park Kilmore,6,2000,Good,3,2026-09-28,5195834,5469785,Open,BM 0-57,12,False,5330610,Jonquil,9,7,59,False,D.J.Dunn,M.B.Scott,False,6,,Australia,Kilmore,6,2026-09-28 06:00:00+00:00,9,Jonquil,12,Dabble,26.000,5.000,TOP3,600.000,8.000,4.33224429923989865315,-96.0143352446992932391020000000000000000000,3.833844512601680224030000,-86.7835660139300624701020000000000000000000,-83.8989506293146778546020000000000000000000,-71.8989506293146778546020000000000000000000,
VIC,Park Kilmore,6,2000,Good,3,2026-09-28,5195834,5469785,Open,BM 0-57,12,False,5330610,Jonquil,9,7,59,False,D.J.Dunn,M.B.Scott,False,6,,Australia,Kilmore,6,2026-09-28 06:00:00+00:00,9,Jonquil,12,Ladbrokes,27.000,5.500,TOP3,600.000,8.000,4.49893319109214561942,-95.8609814641952260301336000000000000000000,3.987198293105747432991000,-87.7801733833871452226336000000000000000000,-85.0023956056093674446336000000000000000000,-73.8453708122209376926542611570247933884300,
VIC,Park Kilmore,6,2000,Good,3,2026-09-28,5195834,5469785,Open,BM 0-57,12,False,5330610,Jonquil,9,7,59,False,D.J.Dunn,M.B.Scott,False,6,,Australia,Kilmore,6,2026-09-28 06:00:00+00:00,9,Jonquil,12,Sportsbet,26.000,6.000,TOP3,600.000,8.000,4.33224429923989865315,-96.0143352446992932391020000000000000000000,3.833844512601680224030000,-89.2835660139300624698520000000000000000000,-86.3989506293146778543520000000000000000000,-75.9822839626480111875186666666666666666675,
VIC,Park Kilmore,6,2000,Good,3,2026-09-28,5195834,5469785,Open,BM 0-57,12,False,5330610,Jonquil,9,7,59,False,D.J.Dunn,M.B.Scott,False,6,,Australia,Kilmore,6,2026-09-28 06:00:00+00:00,9,Jonquil,12,UniBet,26.000,5.500,TOP3,600.000,8.000,4.33224429923989865315,-96.0143352446992932391020000000000000000000,3.833844512601680224030000,-88.1472023775664261066020000000000000000000,-85.2625869929510414911020000000000000000000,-74.1055621995626117391226611570247933884300,
VIC,Park Kilmore,6,2000,Good,3,2026-09-28,5195834,5469785,Open,BM 0-57,12,False,5330610,Jonquil,9,7,59,False,D.J.Dunn,M.B.Scott,False,6,,Australia,Kilmore,6,2026-09-28 06:00:00+00:00,9,Jonquil,12,Surge ,26.000,4.800,TOP3,600.000,8.000,4.33224429923989865315,-96.0143352446992932391020000000000000000000,3.833844512601680224030000,-86.1585660139300624703520000000000000000000,-83.2739506293146778548520000000000000000000,-70.9041589626480111883311666666666666666675,
VIC,Park Kilmore,6,2000,Good,3,2026-09-28,5195834,5469785,Open,BM 0-57,12,False,5330610,Jonquil,9,7,59,False,D.J.Dunn,M.B.Scott,False,6,,Australia,Kilmore,6,2026-09-28 06:00:00+00:00,9,Jonquil,12,Betr,26.000,5.500,TOP3,600.000,8.000,4.33224429923989865315,-96.0143352446992932391020000000000000000000,3.833844512601680224030000,-88.1472023775664261066020000000000000000000,-85.2625869929510414911020000000000000000000,-74.1055621995626117391226611570247933884300,
NSW,Tamworth,4,1400,Good,4,2026-09-28,5196006,5468326,Open,BM 64,7,False,5330679,Purple Prince,7,1,55,False,Z.Wadick,J.A.Sylvester,False,13,,Australia,Tamworth,4,2026-09-28 05:25:00+00:00,7,Purple Prince,7,Betr,41.000,12.000,TOP2,880.000,10.000,4.65848391862711671781,-95.8073644732355949539710000000000000000000,4.091374019774974428912000,-91.3866327659185217834710000000000000000000,-85.6574660992518551170126666666666666666675,-75.59163855295555882102829166666666666667086805555555555555556574074074074074074075,
NSW,Tamworth,4,1400,Good,4,2026-09-28,5196006,5468326,Open,BM 64,7,False,5330679,Purple Prince,7,1,55,False,Z.Wadick,J.A.Sylvester,False,13,,Australia,Tamworth,4,2026-09-28 05:25:00+00:00,7,Purple Prince,7,Dabble,41.000,14.000,TOP2,880.000,10.000,4.65848391862711671781,-95.8073644732355949539710000000000000000000,4.091374019774974428912000,-92.2794899087756646404710000000000000000000,-87.3050001128572972936240612244897959183675,-78.39660257016675168777071886713869221157930081216159933361099623073719283631820075,
NSW,Tamworth,4,1400,Good,4,2026-09-28,5196006,5468326,Open,BM 64,7,False,5330679,Purple Prince,7,1,55,False,Z.Wadick,J.A.Sylvester,False,13,,Australia,Tamworth,4,2026-09-28 05:25:00+00:00,7,Purple Prince,7,Ladbrokes,41.000,12.000,TOP2,880.000,10.000,4.65848391862711671781,-95.8073644732355949539710000000000000000000,4.091374019774974428912000,-91.3866327659185217834710000000000000000000,-85.6574660992518551170126666666666666666675,-75.59163855295555882102829166666666666667086805555555555555556574074074074074074075,
NSW,Tamworth,4,1400,Good,4,2026-09-28,5196006,5468326,Open,BM 64,7,False,5330679,Purple Prince,7,1,55,False,Z.Wadick,J.A.Sylvester,False,13,,Australia,Tamworth,4,2026-09-28 05:25:00+00:00,7,Purple Prince,7,Sportsbet,41.000,15.500,TOP2,880.000,10.000,4.65848391862711671781,-95.8073644732355949539710000000000000000000,4.091374019774974428912000,-92.7979230884991669442210000000000000000000,-88.2713882289778349980784401664932362122800,-80.07558109519311326421817927367109139911864449211225299695403241117419094963731200,
NSW,Tamworth,4,1400,Good,4,2026-09-28,5196006,5468326,Open,BM 64,7,False,5330679,Purple Prince,7,1,55,False,Z.Wadick,J.A.Sylvester,False,13,,Australia,Tamworth,4,2026-09-28 05:25:00+00:00,7,Purple Prince,7,UniBet,41.000,9.500,TOP2,880.000,10.000,4.65848391862711671781,-95.8073644732355949539710000000000000000000,4.091374019774974428912000,-89.7418959238132586249710000000000000000000,-82.6781840124559179044689224376731301939075,-70.70313778045953973019308431488401715764192574489146031721669018884139931400158075,
NSW,Tamworth,4,1400,Good,4,2026-09-28,5196006,5468326,Open,BM 64,7,False,5330679,Purple Prince,7,1,55,False,Z.Wadick,J.A.Sylvester,False,13,,Australia,Tamworth,4,2026-09-28 05:25:00+00:00,7,Purple Prince,7,Surge ,41.000,16.000,TOP2,880.000,10.000,4.65848391862711671781,-95.8073644732355949539710000000000000000000,4.091374019774974428912000,-92.9491327659185217832210000000000000000000,-88.5546015159185217832210000000000000000000,-80.57234748759820928322100000000000000000000000000000000000000000000000000000000000,
VIC,Coleraine,6,900,Good,4,2026-09-28,5197871,5482221,Paying,Trial,5,True,5330872,Colour Our World,4,0,,False,D.Yendall,M.J.Williams,False,1,4,,,,,,,,,,,,,,,,,,,,
NSW,Tamworth,1,2100,Good,4,2026-09-28,5196006,5468325,Paying,BM 64,6,False,5331029,Fulmen Filou,1,8,63.5,False,C.L.Williams,R.J.Knight,False,5,,,,,,,,,,,,,,,,,,,,,
SA,Morphettville Parks,11,1000,Good,4,2026-09-28,5197445,5482081,Paying,Trial,9,True,5331102,Tough Talk,9,0,,False,J.Holder,A.J.Gluyas,False,1,,,,,,,,,,,,,,,,,,,,,
NSW,Wagga,7,1200,Good,4,2026-09-28,5194203,5468766,Open,BM 70,8,False,5331615,Rocket Rudee,2,11,59,False,N.Heywood,W.Carroll,False,7,4,Australia,Wagga,7,2026-09-28 06:55:00+00:00,2,Rocket Rudee,8,Dabble,16.000,3.200,TOP3,600.000,10.000,2.66544424070678446408,-97.6011001833638939823280000000000000000000,2.250375062510418403067000,-83.5386001833638939823280000000000000000000,-78.8511001833638939823280000000000000000000,-62.7378189333638939823280000000000000000000,
NSW,Wagga,7,1200,Good,4,2026-09-28,5194203,5468766,Open,BM 70,8,False,5331615,Rocket Rudee,2,11,59,False,N.Heywood,W.Carroll,False,7,4,Australia,Wagga,7,2026-09-28 06:55:00+00:00,2,Rocket Rudee,8,Ladbrokes,16.000,2.900,TOP3,600.000,10.000,2.66544424070678446408,-97.6011001833638939823280000000000000000000,2.250375062510418403067000,-81.1140312178466526033280000000000000000000,-76.4265312178466526033280000000000000000000,-59.4824170680250116997382259215219976218800,
NSW,Wagga,7,1200,Good,4,2026-09-28,5194203,5468766,Open,BM 70,8,False,5331615,Rocket Rudee,2,11,59,False,N.Heywood,W.Carroll,False,7,4,Australia,Wagga,7,2026-09-28 06:55:00+00:00,2,Rocket Rudee,8,Sportsbet,16.000,3.500,TOP3,600.000,10.000,2.66544424070678446408,-97.6011001833638939823280000000000000000000,2.250375062510418403067000,-85.5475287547924654105780000000000000000000,-80.8600287547924654105780000000000000000000,-65.5539063058128735737055510204081632653075,
NSW,Wagga,7,1200,Good,4,2026-09-28,5194203,5468766,Open,BM 70,8,False,5331615,Rocket Rudee,2,11,59,False,N.Heywood,W.Carroll,False,7,4,Australia,Wagga,7,2026-09-28 06:55:00+00:00,2,Rocket Rudee,8,UniBet,17.000,3.300,TOP3,600.000,10.000,2.83213868978163027171,-97.4510751791965327554610000000000000000000,2.400400066677779629938000,-83.5473318636885113649610000000000000000000,-79.1355671578061584239610000000000000000000,-63.2953467721312272945739476584022038567500,
NSW,Wagga,7,1200,Good,4,2026-09-28,5194203,5468766,Open,BM 70,8,False,5331615,Rocket Rudee,2,11,59,False,N.Heywood,W.Carroll,False,7,4,Australia,Wagga,7,2026-09-28 06:55:00+00:00,2,Rocket Rudee,8,Surge ,17.000,3.100,TOP3,600.000,10.000,2.83213868978163027171,-97.4510751791965327554610000000000000000000,2.400400066677779629938000,-82.0810562038644644439610000000000000000000,-77.6692914979821115029610000000000000000000,-61.2801135583359096299292622268470343392300,
SA,Morphettville Parks,8,1000,Good,4,2026-09-28,5197445,5482078,Paying,Trial,9,True,5331713,Hotch Potch,5,0,,False,T.Voorham,S.Rutten,False,1,,,,,,,,,,,,,,,,,,,,,
VIC,Park Kilmore,8,1200,Good,3,2026-09-28,5195834,5469789,Open,BM 58,12,False,5331799,Swift Circle,11,12,59,False,J.M.Allen,R.C.Archard,False,9,15,Australia,Kilmore,8,2026-09-28 07:00:00+00:00,11,Swift Circle,12,Dabble,18.000,4.000,TOP3,600.000,8.000,2.99873316442192292306,-97.2411654887318309107848000000000000000000,2.607014268569142552340000,-86.8244988220651642447848000000000000000000,-82.6578321553984975777848000000000000000000,-68.5953321553984975777848000000000000000000,
VIC,Park Kilmore,8,1200,Good,3,2026-09-28,5195834,5469789,Open,BM 58,12,False,5331799,Swift Circle,11,12,59,False,J.M.Allen,R.C.Archard,False,9,15,Australia,Kilmore,8,2026-09-28 07:00:00+00:00,11,Swift Circle,12,Ladbrokes,18.000,3.600,TOP3,600.000,8.000,2.99873316442192292306,-97.2411654887318309107848000000000000000000,2.607014268569142552340000,-84.7411654887318309112848000000000000000000,-80.5744988220651642442848000000000000000000,-65.5282025257688679479144296296296296296300,
VIC,Park Kilmore,8,1200,Good,3,2026-09-28,5195834,5469789,Open,BM 58,12,False,5331799,Swift Circle,11,12,59,False,J.M.Allen,R.C.Archard,False,9,15,Australia,Kilmore,8,2026-09-28 07:00:00+00:00,11,Swift Circle,12,Sportsbet,18.000,4.000,TOP3,600.000,8.000,2.99873316442192292306,-97.2411654887318309107848000000000000000000,2.607014268569142552340000,-86.8244988220651642447848000000000000000000,-82.6578321553984975777848000000000000000000,-68.5953321553984975777848000000000000000000,
VIC,Park Kilmore,8,1200,Good,3,2026-09-28,5195834,5469789,Open,BM 58,12,False,5331799,Swift Circle,11,12,59,False,J.M.Allen,R.C.Archard,False,9,15,Australia,Kilmore,8,2026-09-28 07:00:00+00:00,11,Swift Circle,12,UniBet,19.000,4.250,TOP3,600.000,8.000,3.16542205627416988932,-97.0878117082277637018256000000000000000000,2.760368049073209761302000,-87.3354897268036150945756000000000000000000,-83.3881213057509835158256000000000000000000,-69.8933116171696686369095100346020761245675,
VIC,Park Kilmore,8,1200,Good,3,2026-09-28,5195834,5469789,Open,BM 58,12,False,5331799,Swift Circle,11,12,59,False,J.M.Allen,R.C.Archard,False,9,15,Australia,Kilmore,8,2026-09-28 07:00:00+00:00,11,Swift Circle,12,Surge ,18.000,4.000,TOP3,600.000,8.000,2.99873316442192292306,-97.2411654887318309107848000000000000000000,2.607014268569142552340000,-86.8244988220651642447848000000000000000000,-82.6578321553984975777848000000000000000000,-68.5953321553984975777848000000000000000000,
NSW,Tamworth,7,1000,Good,4,2026-09-28,5196006,5468327,Open,BM 70,9,False,5331897,Irish Jig,1,8,60.5,False,I.Neale,S.I.Singleton,False,8,16,Australia,Tamworth,7,2026-09-28 07:15:00+00:00,1,Irish Jig,9,Dabble,6.000,2.000,TOP3,19.000,10.000,31.69312169312169312169,-71.4761904761904761904790000000000000000000,23.809523809523809523810000,-58.9761904761904761909790000000000000000000,-46.4761904761904761907290000000000000000000,-27.7261904761904761907290000000000000000000,
NSW,Tamworth,7,1000,Good,4,2026-09-28,5196006,5468327,Open,BM 70,9,False,5331897,Irish Jig,1,8,60.5,False,I.Neale,S.I.Singleton,False,8,16,Australia,Tamworth,7,2026-09-28 07:15:00+00:00,1,Irish Jig,9,Ladbrokes,6.000,1.900,TOP3,19.000,10.000,31.69312169312169312169,-71.4761904761904761904790000000000000000000,23.809523809523809523810000,-57.0025062656641604012290000000000000000000,-44.5025062656641604009790000000000000000000,-25.8044453238359055533481135734072022160675,
NSW,Tamworth,7,1000,Good,4,2026-09-28,5196006,5468327,Open,BM 70,9,False,5331897,Irish Jig,1,8,60.5,False,I.Neale,S.I.Singleton,False,8,16,Australia,Tamworth,7,2026-09-28 07:15:00+00:00,1,Irish Jig,9,Sportsbet,6.500,1.910,TOP3,19.000,10.000,34.33862433862433862434,-69.0952380952380952380940000000000000000000,26.190476190476190476190000,-52.9051454653548894383440000000000000000000,-41.3666839268933509770940000000000000000000,-22.6583151870013524024811261752693182752675,
NSW,Tamworth,7,1000,Good,4,2026-09-28,5196006,5468327,Open,BM 70,9,False,5331897,Irish Jig,1,8,60.5,False,I.Neale,S.I.Singleton,False,8,16,Australia,Tamworth,7,2026-09-28 07:15:00+00:00,1,Irish Jig,9,UniBet,6.000,1.900,TOP3,19.000,10.000,31.69312169312169312169,-71.4761904761904761904790000000000000000000,23.809523809523809523810000,-57.0025062656641604012290000000000000000000,-44.5025062656641604009790000000000000000000,-25.8044453238359055533481135734072022160675,
NSW,Tamworth,7,1000,Good,4,2026-09-28,5196006,5468327,Open,BM 70,9,False,5331897,Irish Jig,1,8,60.5,False,I.Neale,S.I.Singleton,False,8,16,Australia,Tamworth,7,2026-09-28 07:15:00+00:00,1,Irish Jig,9,Surge ,6.000,1.950,TOP3,19.000,10.000,31.69312169312169312169,-71.4761904761904761904790000000000000000000,23.809523809523809523810000,-58.0146520146520146527290000000000000000000,-45.5146520146520146524790000000000000000000,-26.7769794308255846721974418145956607495075,
NSW,Tamworth,7,1000,Good,4,2026-09-28,5196006,5468327,Open,BM 70,9,False,5331897,Irish Jig,1,8,60.5,False,I.Neale,S.I.Singleton,False,8,16,Australia,Tamworth,7,2026-09-28 07:15:00+00:00,1,Irish Jig,9,Betr,6.000,1.820,TOP3,19.000,10.000,31.69312169312169312169,-71.4761904761904761904790000000000000000000,23.809523809523809523810000,-55.2673992673992673997290000000000000000000,-42.7673992673992673994790000000000000000000,-24.2008010304713601419054883468180171476875,
NSW,Wagga,1,1000,Good,0,2026-09-28,5197836,5482019,FinalFields,Trial,10,True,5332009,Brucedale,10,0,,False,C.Frater,P.J.Morgan,False,1,,,,,,,,,,,,,,,,,,,,,
SA,Morphettville Parks,10,1000,Good,4,2026-09-28,5197445,5482080,Paying,Trial,9,True,5332294,Lillikins,7,0,,False,M.Cox,Dion & Raygan Koch,False,1,,,,,,,,,,,,,,,,,,,,,
NSW,Tamworth,3,1400,Good,4,2026-09-28,5196006,5468329,Open,Maiden,9,False,5332406,Thirty Degrees,5,1,59,False,J.Pracey-Holmes,C.E.Stummer,False,9,,Australia,Tamworth,3,2026-09-28 04:50:00+00:00,5,Thirty Degrees,9,Dabble,18.000,3.200,TOP3,140.000,10.000,12.85918513223731236598,-88.4267333809864188706180000000000000000000,10.936383130807719799857000,-73.3225667143197522046180000000000000000000,-69.1559000476530855376180000000000000000000,-53.0426187976530855376180000000000000000000,
NSW,Tamworth,3,1400,Good,4,2026-09-28,5196006,5468329,Open,Maiden,9,False,5332406,Thirty Degrees,5,1,59,False,J.Pracey-Holmes,C.E.Stummer,False,9,,Australia,Tamworth,3,2026-09-28 04:50:00+00:00,5,Thirty Degrees,9,Ladbrokes,18.000,3.000,TOP3,140.000,10.000,12.85918513223731236598,-88.4267333809864188706180000000000000000000,10.936383130807719799857000,-71.7600667143197522048680000000000000000000,-67.5934000476530855378680000000000000000000,-50.9267333809864188712846666666666666666675,
NSW,Tamworth,3,1400,Good,4,2026-09-28,5196006,5468329,Open,Maiden,9,False,5332406,Thirty Degrees,5,1,59,False,J.Pracey-Holmes,C.E.Stummer,False,9,,Australia,Tamworth,3,2026-09-28 04:50:00+00:00,5,Thirty Degrees,9,Sportsbet,20.000,3.600,TOP3,140.000,10.000,14.28877769835596854896,-87.1401000714796283059360000000000000000000,12.223016440314510364546000,-73.8067667381462949724360000000000000000000,-70.0567667381462949724360000000000000000000,-55.0104704418499986760656296296296296296300,
NSW,Tamworth,3,1400,Good,4,2026-09-28,5196006,5468329,Open,Maiden,9,False,5332406,Thirty Degrees,5,1,59,False,J.Pracey-Holmes,C.E.Stummer,False,9,,Australia,Tamworth,3,2026-09-28 04:50:00+00:00,5,Thirty Degrees,9,UniBet,18.000,3.250,TOP3,140.000,10.000,12.85918513223731236598,-88.4267333809864188706180000000000000000000,10.936383130807719799857000,-73.6831436373966752813680000000000000000000,-69.5164769707300086143680000000000000000000,-53.5401456097832630521712544378698224852075,
NSW,Tamworth,3,1400,Good,4,2026-09-28,5196006,5468329,Open,Maiden,9,False,5332406,Thirty Degrees,5,1,59,False,J.Pracey-Holmes,C.E.Stummer,False,9,,Australia,Tamworth,3,2026-09-28 04:50:00+00:00,5,Thirty Degrees,9,Surge ,18.000,3.300,TOP3,140.000,10.000,12.85918513223731236598,-88.4267333809864188706180000000000000000000,10.936383130807719799857000,-74.0327939870470249321180000000000000000000,-69.8661273203803582651180000000000000000000,-54.0259069347054271357309476584022038567500,
SA,Morphettville Parks,8,1000,Good,4,2026-09-28,5197445,5482078,Paying,Trial,9,True,5332554,Terminal Shock,1,0,,False,R.L.Milnes,K.Boyce,False,5,,,,,,,,,,,,,,,,,,,,,
VIC,Southside Cranbourne,1,800,Good,4,2026-09-28,5197870,5482045,Nominations,Trial,8,True,5332602,Immortal Star,0,,,False,,C.Maher,False,1,14,,,,,,,,,,,,,,,,,,,,
SA,Morphettville Parks,14,1000,Good,4,2026-09-28,5197445,5482073,Paying,Trial,8,True,5332676,Oasis,10,0,,False,A.Stone,W.A.Bogarts,True,1,,,,,,,,,,,,,,,,,,,,,
VIC,Southside Cranbourne,4,800,Good,4,2026-09-28,5197870,5482048,Nominations,Trial,9,True,5332716,Castelli In Aria,0,,,False,,E.Jusufovic,False,1,,,,,,,,,,,,,,,,,,,,,
VIC,Coleraine,1,1300,Good,4,2026-09-28,5197871,5482216,Paying,Trial,5,True,5332920,Unseen Ruler,4,0,,False,D.Yendall,M.J.Williams,False,1,38,,,,,,,,,,,,,,,,,,,,
NSW,Warwick Farm,1,1200,Soft,5,2026-09-28,5197463,5477873,Paying,Trial,9,True,5333033,Aerostern Bro,1,0,,True,,J.M.Austin,False,1,,,,,,,,,,,,,,,,,,,,,
NSW,Wagga,7,1200,Good,4,2026-09-28,5194203,5468766,Open,BM 70,8,False,5333071,Bosco,4,13,58,True,,R.J.Potter,False,3,,,,,,,,,,,,,,,,,,,,,
VIC,Southside Cranbourne,1,800,Good,4,2026-09-28,5197870,5482045,Nominations,Trial,8,True,5333086,Bustling,0,,,False,,Mick Price & Michael Kent (Jnr),False,5,,,,,,,,,,,,,,,,,,,,,
WA,Bunbury,6,1400,Soft,5,2026-09-28,5196062,5481877,Open,Maiden,14,False,5333122,Rocking In Vegas,1,8,58,False,T.W.Dyson,K.E.M.Melis,False,9,,Australia,Bunbury,6,2026-09-28 08:18:00+00:00,1,Rocking In Vegas,14,Betr,7.000,2.450,TOP3,24.000,8.000,29.22240802675585284281,-73.1153846153846153846148000000000000000000,23.076923076923076923077000,-63.9317111459968602821148000000000000000000,-53.2174254317111459966148000000000000000000,-35.0999743696536699449640294877134527280300,
WA,Bunbury,6,1400,Soft,5,2026-09-28,5196062,5481877,Open,Maiden,14,False,5333122,Rocking In Vegas,1,8,58,False,T.W.Dyson,K.E.M.Melis,False,9,,Australia,Bunbury,6,2026-09-28 08:18:00+00:00,1,Rocking In Vegas,14,Dabble,7.000,2.500,TOP3,24.000,8.000,29.22240802675585284281,-73.1153846153846153846148000000000000000000,23.076923076923076923077000,-64.5439560439560439556148000000000000000000,-53.8296703296703296701148000000000000000000,-35.8296703296703296701148000000000000000000,
WA,Bunbury,6,1400,Soft,5,2026-09-28,5196062,5481877,Open,Maiden,14,False,5333122,Rocking In Vegas,1,8,58,False,T.W.Dyson,K.E.M.Melis,False,9,,Australia,Bunbury,6,2026-09-28 08:18:00+00:00,1,Rocking In Vegas,14,Ladbrokes,7.000,2.450,TOP3,24.000,8.000,29.22240802675585284281,-73.1153846153846153846148000000000000000000,23.076923076923076923077000,-63.9317111459968602821148000000000000000000,-53.2174254317111459966148000000000000000000,-35.0999743696536699449640294877134527280300,
WA,Bunbury,6,1400,Soft,5,2026-09-28,5196062,5481877,Open,Maiden,14,False,5333122,Rocking In Vegas,1,8,58,False,T.W.Dyson,K.E.M.Melis,False,9,,Australia,Bunbury,6,2026-09-28 08:18:00+00:00,1,Rocking In Vegas,14,Sportsbet,7.500,2.380,TOP3,24.000,8.000,31.31270903010033444816,-71.1923076923076923076928000000000000000000,25.000000000000000000000000,-59.6797026502908855846928000000000000000000,-49.6797026502908855849428000000000000000000,-31.4076879620626531155146169620789492267500,
WA,Bunbury,6,1400,Soft,5,2026-09-28,5196062,5481877,Open,Maiden,14,False,5333122,Rocking In Vegas,1,8,58,False,T.W.Dyson,K.E.M.Melis,False,9,,Australia,Bunbury,6,2026-09-28 08:18:00+00:00,1,Rocking In Vegas,14,UniBet,7.000,2.450,TOP3,24.000,8.000,29.22240802675585284281,-73.1153846153846153846148000000000000000000,23.076923076923076923077000,-63.9317111459968602821148000000000000000000,-53.2174254317111459966148000000000000000000,-35.0999743696536699449640294877134527280300,
WA,Bunbury,6,1400,Soft,5,2026-09-28,5196062,5481877,Open,Maiden,14,False,5333122,Rocking In Vegas,1,8,58,False,T.W.Dyson,K.E.M.Melis,False,9,,Australia,Bunbury,6,2026-09-28 08:18:00+00:00,1,Rocking In Vegas,14,Surge ,7.000,2.500,TOP3,24.000,8.000,29.22240802675585284281,-73.1153846153846153846148000000000000000000,23.076923076923076923077000,-64.5439560439560439556148000000000000000000,-53.8296703296703296701148000000000000000000,-35.8296703296703296701148000000000000000000,
VIC,Park Kilmore,8,1200,Good,3,2026-09-28,5195834,5469789,Open,BM 58,12,False,5333267,Paparazzo,10,11,59,True,J.B.Stanley,C.A.Weeding,False,3,,Australia,Kilmore,8,2026-09-28 07:00:00+00:00,10,Paparazzo,12,Dabble,16.000,4.200,TOP3,600.000,8.000,2.66535538071742899053,-97.5478730497399653287124000000000000000000,2.300306707561008134418000,-89.0657301925971081857124000000000000000000,-84.3782301925971081857124000000000000000000,-70.7727880157263598863178421768707482993200,
VIC,Park Kilmore,8,1200,Good,3,2026-09-28,5195834,5469789,Open,BM 58,12,False,5333267,Paparazzo,10,11,59,True,J.B.Stanley,C.A.Weeding,False,3,,Australia,Kilmore,8,2026-09-28 07:00:00+00:00,10,Paparazzo,12,Ladbrokes,16.000,4.400,TOP3,600.000,8.000,2.66535538071742899053,-97.5478730497399653287124000000000000000000,2.300306707561008134418000,-89.8774185042854198739624000000000000000000,-85.1899185042854198739624000000000000000000,-72.0184309009796347498838876033057851239675,
VIC,Park Kilmore,8,1200,Good,3,2026-09-28,5195834,5469789,Open,BM 58,12,False,5333267,Paparazzo,10,11,59,True,J.B.Stanley,C.A.Weeding,False,3,,Australia,Kilmore,8,2026-09-28 07:00:00+00:00,10,Paparazzo,12,UniBet,16.000,4.400,TOP3,600.000,8.000,2.66535538071742899053,-97.5478730497399653287124000000000000000000,2.300306707561008134418000,-89.8774185042854198739624000000000000000000,-85.1899185042854198739624000000000000000000,-72.0184309009796347498838876033057851239675,
VIC,Park Kilmore,8,1200,Good,3,2026-09-28,5195834,5469789,Open,BM 58,12,False,5333267,Paparazzo,10,11,59,True,J.B.Stanley,C.A.Weeding,False,3,,Australia,Kilmore,8,2026-09-28 07:00:00+00:00,10,Paparazzo,12,Surge ,16.000,4.200,TOP3,600.000,8.000,2.66535538071742899053,-97.5478730497399653287124000000000000000000,2.300306707561008134418000,-89.0657301925971081857124000000000000000000,-84.3782301925971081857124000000000000000000,-70.7727880157263598863178421768707482993200,
NSW,Wagga,1,1400,Good,4,2026-09-28,5194203,5468768,Paying,Maiden,11,False,5333498,Isotropic,8,4,56,False,A.Layt,W.A.Hudd,False,4,8,,,,,,,,,,,,,,,,,,,,
NSW,Wagga,2,2000,Good,4,2026-09-28,5194203,5468765,Paying,BM 64,6,False,5333588,Prophets Promise,6,3,56.5,False,G.Cahill,Keith Dryden & Libby Snowden,False,9,,,,,,,,,,,,,,,,,,,,,
VIC,Coleraine,5,900,Good,4,2026-09-28,5197871,5482220,Paying,Trial,6,True,5333653,Dukey,3,0,,False,C.N.Rawiller,S.M.Julian,False,2,,,,,,,,,,,,,,,,,,,,,
WA,Bunbury,3,1400,Soft,5,2026-09-28,5196062,5481878,Open,Maiden,11,False,5333654,Twisted Trickster,2,10,58,False,W.A.Pike,R.B.Rogers,False,4,8,Australia,Bunbury,3,2026-09-28 06:27:00+00:00,2,Twisted Trickster,11,Betr,3.500,1.500,TOP3,8.400,8.000,41.94711538461538461538,-61.4086538461538461538504000000000000000000,27.644230769230769230769000,-54.2657967032967032971004000000000000000000,-32.8372252747252747253504000000000000000000,-16.1705586080586080587670666666666666666675,
WA,Bunbury,3,1400,Soft,5,2026-09-28,5196062,5481878,Open,Maiden,11,False,5333654,Twisted Trickster,2,10,58,False,W.A.Pike,R.B.Rogers,False,4,8,Australia,Bunbury,3,2026-09-28 06:27:00+00:00,2,Twisted Trickster,11,Dabble,3.500,1.500,TOP3,8.400,8.000,41.94711538461538461538,-61.4086538461538461538504000000000000000000,27.644230769230769230769000,-54.2657967032967032971004000000000000000000,-32.8372252747252747253504000000000000000000,-16.1705586080586080587670666666666666666675,
WA,Bunbury,3,1400,Soft,5,2026-09-28,5196062,5481878,Open,Maiden,11,False,5333654,Twisted Trickster,2,10,58,False,W.A.Pike,R.B.Rogers,False,4,8,Australia,Bunbury,3,2026-09-28 06:27:00+00:00,2,Twisted Trickster,11,Ladbrokes,3.600,1.550,TOP3,8.400,8.000,43.14903846153846153846,-60.3028846153846153846168000000000000000000,28.750000000000000000000000,-53.5824545078577336646168000000000000000000,-32.7491211745244003311168000000000000000000,-15.5795061901331412259898489073881373569200,
WA,Bunbury,3,1400,Soft,5,2026-09-28,5196062,5481878,Open,Maiden,11,False,5333654,Twisted Trickster,2,10,58,False,W.A.Pike,R.B.Rogers,False,4,8,Australia,Bunbury,3,2026-09-28 06:27:00+00:00,2,Twisted Trickster,11,Sportsbet,3.400,1.500,TOP3,8.400,8.000,40.74519230769230769231,-62.5144230769230769230748000000000000000000,26.538461538461538461538000,-56.6320701357466063343248000000000000000000,-34.5732466063348416285748000000000000000000,-17.9065799396681749619914666666666666666675,
WA,Bunbury,3,1400,Soft,5,2026-09-28,5196062,5481878,Open,Maiden,11,False,5333654,Twisted Trickster,2,10,58,False,W.A.Pike,R.B.Rogers,False,4,8,Australia,Bunbury,3,2026-09-28 06:27:00+00:00,2,Twisted Trickster,11,UniBet,3.600,1.450,TOP3,8.400,8.000,43.14903846153846153846,-60.3028846153846153846168000000000000000000,28.750000000000000000000000,-50.2454133510167992928668000000000000000000,-29.4120800176834659593668000000000000000000,-13.3597613494313851032921864447086801426875,
WA,Bunbury,3,1400,Soft,5,2026-09-28,5196062,5481878,Open,Maiden,11,False,5333654,Twisted Trickster,2,10,58,False,W.A.Pike,R.B.Rogers,False,4,8,Australia,Bunbury,3,2026-09-28 06:27:00+00:00,2,Twisted Trickster,11,Surge ,3.500,1.500,TOP3,8.400,8.000,41.94711538461538461538,-61.4086538461538461538504000000000000000000,27.644230769230769230769000,-54.2657967032967032971004000000000000000000,-32.8372252747252747253504000000000000000000,-16.1705586080586080587670666666666666666675,
NSW,Wagga,1,1000,Good,0,2026-09-28,5197836,5482019,FinalFields,Trial,10,True,5333679,Kutina Bay,5,8,,False,,M.Travers,True,1,,,,,,,,,,,,,,,,,,,,,
NSW,Tamworth,7,1000,Good,4,2026-09-28,5196006,5468327,Open,BM 70,9,False,5333739,Zampano,2,2,60.5,False,A.Bullock,M.Dennett,False,2,,Australia,Tamworth,7,2026-09-28 07:15:00+00:00,2,Zampano,9,Dabble,2.250,1.240,TOP3,4.200,10.000,54.63414634146341463415,-50.8292682926829268292650000000000000000000,27.439024390243902439024000,-57.0120639916076580115150000000000000000000,-23.6787306582743246785150000000000000000000,-11.9721749870984661976916389177939646201875,
NSW,Tamworth,7,1000,Good,4,2026-09-28,5196006,5468327,Open,BM 70,9,False,5333739,Zampano,2,2,60.5,False,A.Bullock,M.Dennett,False,2,,Australia,Tamworth,7,2026-09-28 07:15:00+00:00,2,Zampano,9,Ladbrokes,2.300,1.240,TOP3,4.200,10.000,55.85365853658536585366,-49.7317073170731707317060000000000000000000,28.536585365853658536585000,-54.4652276536790613344560000000000000000000,-21.8565320015051482912060000000000000000000,-10.1499763303292898103826389177939646201875,
NSW,Tamworth,7,1000,Good,4,2026-09-28,5196006,5468327,Open,BM 70,9,False,5333739,Zampano,2,2,60.5,False,A.Bullock,M.Dennett,False,2,,Australia,Tamworth,7,2026-09-28 07:15:00+00:00,2,Zampano,9,Sportsbet,2.250,1.200,TOP3,4.200,10.000,54.63414634146341463415,-50.8292682926829268292650000000000000000000,27.439024390243902439024000,-54.9959349593495934955150000000000000000000,-21.6626016260162601625150000000000000000000,-11.2459349593495934956816666666666666666675,
NSW,Tamworth,7,1000,Good,4,2026-09-28,5196006,5468327,Open,BM 70,9,False,5333739,Zampano,2,2,60.5,False,A.Bullock,M.Dennett,False,2,,Australia,Tamworth,7,2026-09-28 07:15:00+00:00,2,Zampano,9,UniBet,2.250,1.220,TOP3,4.200,10.000,54.63414634146341463415,-50.8292682926829268292650000000000000000000,27.439024390243902439024000,-56.0205251232840197245150000000000000000000,-22.6871917899506863915150000000000000000000,-11.6014621473814845642143415748454716474075,
NSW,Tamworth,7,1000,Good,4,2026-09-28,5196006,5468327,Open,BM 70,9,False,5333739,Zampano,2,2,60.5,False,A.Bullock,M.Dennett,False,2,,Australia,Tamworth,7,2026-09-28 07:15:00+00:00,2,Zampano,9,Surge ,2.250,1.240,TOP3,4.200,10.000,54.63414634146341463415,-50.8292682926829268292650000000000000000000,27.439024390243902439024000,-57.0120639916076580115150000000000000000000,-23.6787306582743246785150000000000000000000,-11.9721749870984661976916389177939646201875,
NSW,Tamworth,7,1000,Good,4,2026-09-28,5196006,5468327,Open,BM 70,9,False,5333739,Zampano,2,2,60.5,False,A.Bullock,M.Dennett,False,2,,Australia,Tamworth,7,2026-09-28 07:15:00+00:00,2,Zampano,9,Betr,2.300,1.150,TOP3,4.200,10.000,55.85365853658536585366,-49.7317073170731707317060000000000000000000,28.536585365853658536585000,-49.7317073170731707309560000000000000000000,-17.1230116648992576877060000000000000000000,-8.6163954078104108070155463137996219281675,
VIC,Southside Cranbourne,15,1000,Good,4,2026-09-28,5197870,5482059,Nominations,Trial,8,True,5333783,Diggers Aim,0,,,False,,T.Rogers,False,1,,,,,,,,,,,,,,,,,,,,,
SA,Morphettville Parks,9,1000,Good,4,2026-09-28,5197445,5482079,Paying,Trial,6,True,5333790,Ronny Bee,5,0,,False,S.Metcalfe,M.W.Brown,False,1,7,,,,,,,,,,,,,,,,,,,,
NSW,Wagga,2,1000,Good,0,2026-09-28,5197836,5482018,FinalFields,Trial,8,True,5333811,Bon Holler,4,1,,False,B.Mcdougall,D.L.Scott,False,1,6,,,,,,,,,,,,,,,,,,,,
VIC,Southside Cranbourne,12,1000,Good,4,2026-09-28,5197870,5482056,Nominations,Trial,11,True,5333852,Welwal,0,,,False,,Mick Price & Michael Kent (Jnr),False,1,3,,,,,,,,,,,,,,,,,,,,
VIC,Southside Cranbourne,12,1000,Good,4,2026-09-28,5197870,5482056,Nominations,Trial,11,True,5333888,Small Town Hero,0,,,False,,B.M.Conlon,False,1,8,,,,,,,,,,,,,,,,,,,,
NSW,Wagga,7,1200,Good,4,2026-09-28,5194203,5468766,Open,BM 70,8,False,5334114,Bonnie Murringo,5,2,57,False,P.Boudvillain,D.S.Burnet,False,1,,Australia,Wagga,7,2026-09-28 06:55:00+00:00,5,Bonnie Murringo,8,Dabble,1.700,1.070,TOP3,2.420,10.000,72.84482758620689655172,-34.4396551724137931034520000000000000000000,27.155172413793103448276000,-52.5814913461356182814520000000000000000000,-8.4638442873120888699520000000000000000000,-3.8782909638777277905035765569045331470000,
NSW,Wagga,7,1200,Good,4,2026-09-28,5194203,5468766,Open,BM 70,8,False,5334114,Bonnie Murringo,5,2,57,False,P.Boudvillain,D.S.Burnet,False,1,,Australia,Wagga,7,2026-09-28 06:55:00+00:00,5,Bonnie Murringo,8,Ladbrokes,1.750,1.100,TOP3,2.420,10.000,75.00000000000000000000,-32.5000000000000000000000000000000000000000,29.094827586206896551724000,-50.0324675324675324672500000000000000000000,-7.1753246753246753245000000000000000000000,-0.9769775678866587956301652892561983471075,
NSW,Wagga,7,1200,Good,4,2026-09-28,5194203,5468766,Open,BM 70,8,False,5334114,Bonnie Murringo,5,2,57,False,P.Boudvillain,D.S.Burnet,False,1,,Australia,Wagga,7,2026-09-28 06:55:00+00:00,5,Bonnie Murringo,8,Sportsbet,1.750,1.130,TOP3,2.420,10.000,75.00000000000000000000,-32.5000000000000000000000000000000000000000,29.094827586206896551724000,-51.8426042983565107457500000000000000000000,-8.9854614412136536030000000000000000000000,-1.3497812783191434611942399561437857310675,
NSW,Wagga,7,1200,Good,4,2026-09-28,5194203,5468766,Open,BM 70,8,False,5334114,Bonnie Murringo,5,2,57,False,P.Boudvillain,D.S.Burnet,False,1,,Australia,Wagga,7,2026-09-28 06:55:00+00:00,5,Bonnie Murringo,8,UniBet,1.750,1.060,TOP3,2.420,10.000,75.00000000000000000000,-32.5000000000000000000000000000000000000000,29.094827586206896551724000,-47.4595687331536388140000000000000000000000,-4.6024258760107816712500000000000000000000,-0.5974418959467019273932894268422926308300,
NSW,Wagga,7,1200,Good,4,2026-09-28,5194203,5468766,Open,BM 70,8,False,5334114,Bonnie Murringo,5,2,57,False,P.Boudvillain,D.S.Burnet,False,1,,Australia,Wagga,7,2026-09-28 06:55:00+00:00,5,Bonnie Murringo,8,Surge ,1.750,1.070,TOP3,2.420,10.000,75.00000000000000000000,-32.5000000000000000000000000000000000000000,29.094827586206896551724000,-48.1208277703604806405000000000000000000000,-5.2636849132176234977500000000000000000000,-0.6781315897832624183015765569045331470000,
VIC,Park Kilmore,5,1100,Good,3,2026-09-28,5195834,5469784,Open,BM 58,9,False,5334169,Frosted In Time,4,12,59.5,False,C.J.Parish,A.K.Macpherson,False,3,,Australia,Kilmore,5,2026-09-28 05:30:00+00:00,4,Frosted In Time,9,Betr,4.200,1.500,TOP3,7.000,8.000,60.54913294797687861272,-44.2947976878612716762976000000000000000000,42.543352601156069364162000,-30.0090834021469859620476000000000000000000,-12.1519405450041288190476000000000000000000,4.5147261216625378475357333333333333333325,
VIC,Park Kilmore,5,1100,Good,3,2026-09-28,5195834,5469784,Open,BM 58,9,False,5334169,Frosted In Time,4,12,59.5,False,C.J.Parish,A.K.Macpherson,False,3,,Australia,Kilmore,5,2026-09-28 05:30:00+00:00,4,Frosted In Time,9,Dabble,4.000,1.550,TOP3,7.000,8.000,57.65895953757225433526,-46.9537572254335260115608000000000000000000,39.884393063583815028902000,-36.0666604512399776245608000000000000000000,-17.3166604512399776245608000000000000000000,-0.1470454668487185194338489073881373569200,
VIC,Park Kilmore,5,1100,Good,3,2026-09-28,5195834,5469784,Open,BM 58,9,False,5334169,Frosted In Time,4,12,59.5,False,C.J.Parish,A.K.Macpherson,False,3,,Australia,Kilmore,5,2026-09-28 05:30:00+00:00,4,Frosted In Time,9,Ladbrokes,4.200,1.600,TOP3,7.000,8.000,60.54913294797687861272,-44.2947976878612716762976000000000000000000,42.543352601156069364162000,-33.1340834021469859622976000000000000000000,-15.2769405450041288192976000000000000000000,2.3011844549958711807024000000000000000000,
VIC,Park Kilmore,5,1100,Good,3,2026-09-28,5195834,5469784,Open,BM 58,9,False,5334169,Frosted In Time,4,12,59.5,False,C.J.Parish,A.K.Macpherson,False,3,,Australia,Kilmore,5,2026-09-28 05:30:00+00:00,4,Frosted In Time,9,Sportsbet,4.200,1.530,TOP3,7.000,8.000,60.54913294797687861272,-44.2947976878612716762976000000000000000000,42.543352601156069364162000,-30.9894755590097310602976000000000000000000,-13.1323327018668739172976000000000000000000,3.8483157666708679768336315775983596052800,
VIC,Park Kilmore,5,1100,Good,3,2026-09-28,5195834,5469784,Open,BM 58,9,False,5334169,Frosted In Time,4,12,59.5,False,C.J.Parish,A.K.Macpherson,False,3,,Australia,Kilmore,5,2026-09-28 05:30:00+00:00,4,Frosted In Time,9,UniBet,4.000,1.450,TOP3,7.000,8.000,57.65895953757225433526,-46.9537572254335260115608000000000000000000,39.884393063583815028902000,-32.7296192943990432528108000000000000000000,-13.9796192943990432528108000000000000000000,2.0726993738530376032638135552913198573125,
VIC,Park Kilmore,5,1100,Good,3,2026-09-28,5195834,5469784,Open,BM 58,9,False,5334169,Frosted In Time,4,12,59.5,False,C.J.Parish,A.K.Macpherson,False,3,,Australia,Kilmore,5,2026-09-28 05:30:00+00:00,4,Frosted In Time,9,Surge ,4.200,1.550,TOP3,7.000,8.000,60.54913294797687861272,-44.2947976878612716762976000000000000000000,42.543352601156069364162000,-31.6219866279534375752976000000000000000000,-13.7648437708105804322976000000000000000000,3.4047712135806786728293510926118626430800,
NSW,Wagga,2,1000,Good,0,2026-09-28,5197836,5482018,FinalFields,Trial,8,True,5334234,Rubbadubdub,9,5,,False,P.Boudvillain,H.N.Maclean,False,1,,,,,,,,,,,,,,,,,,,,,
VIC,Southside Cranbourne,1,800,Good,4,2026-09-28,5197870,5482045,Nominations,Trial,8,True,5334259,Gentle Steel,0,,,False,,J.Sandhu,False,1,,,,,,,,,,,,,,,,,,,,,
VIC,Southside Cranbourne,17,1000,Good,4,2026-09-28,5197870,5482061,Nominations,Trial,8,True,5334507,Silver Lightning,0,,,False,,P.Foster,False,1,,,,,,,,,,,,,,,,,,,,,
WA,Bunbury,6,1400,Soft,5,2026-09-28,5196062,5481877,Open,Maiden,14,False,5334523,Diamond Choux,8,6,56,False,C.J.Parnham,R.W.Price,False,6,,Australia,Bunbury,6,2026-09-28 08:18:00+00:00,8,Diamond Choux,14,Betr,23.000,5.500,TOP3,280.000,8.000,8.21306087453558159474,-92.4439839954272649328392000000000000000000,7.230637324949985710203000,-85.3293594894984111778392000000000000000000,-82.0684899242810198735892000000000000000000,-70.9114651308925901216098611570247933884300,
WA,Bunbury,6,1400,Soft,5,2026-09-28,5196062,5481877,Open,Maiden,14,False,5334523,Diamond Choux,8,6,56,False,C.J.Parnham,R.W.Price,False,6,,Australia,Bunbury,6,2026-09-28 08:18:00+00:00,8,Diamond Choux,14,Dabble,23.000,4.600,TOP3,280.000,8.000,8.21306087453558159474,-92.4439839954272649328392000000000000000000,7.230637324949985710203000,-82.6613752997750910193392000000000000000000,-79.4005057345576997150892000000000000000000,-66.6405813489244293935806933837429111531200,
WA,Bunbury,6,1400,Soft,5,2026-09-28,5196062,5481877,Open,Maiden,14,False,5334523,Diamond Choux,8,6,56,False,C.J.Parnham,R.W.Price,False,6,,Australia,Bunbury,6,2026-09-28 08:18:00+00:00,8,Diamond Choux,14,Ladbrokes,23.000,5.500,TOP3,280.000,8.000,8.21306087453558159474,-92.4439839954272649328392000000000000000000,7.230637324949985710203000,-85.3293594894984111778392000000000000000000,-82.0684899242810198735892000000000000000000,-70.9114651308925901216098611570247933884300,
WA,Bunbury,6,1400,Soft,5,2026-09-28,5196062,5481877,Open,Maiden,14,False,5334523,Diamond Choux,8,6,56,False,C.J.Parnham,R.W.Price,False,6,,Australia,Bunbury,6,2026-09-28 08:18:00+00:00,8,Diamond Choux,14,Sportsbet,26.000,6.000,TOP3,280.000,8.000,9.28479565590168619606,-91.4579879965704486996248000000000000000000,8.216633323806801943412000,-84.7272187658012179303748000000000000000000,-81.8426033811858333148748000000000000000000,-71.4259367145191666480414666666666666666675,
WA,Bunbury,6,1400,Soft,5,2026-09-28,5196062,5481877,Open,Maiden,14,False,5334523,Diamond Choux,8,6,56,False,C.J.Parnham,R.W.Price,False,6,,Australia,Bunbury,6,2026-09-28 08:18:00+00:00,8,Diamond Choux,14,UniBet,23.000,5.500,TOP3,280.000,8.000,8.21306087453558159474,-92.4439839954272649328392000000000000000000,7.230637324949985710203000,-85.3293594894984111778392000000000000000000,-82.0684899242810198735892000000000000000000,-70.9114651308925901216098611570247933884300,
WA,Bunbury,6,1400,Soft,5,2026-09-28,5196062,5481877,Open,Maiden,14,False,5334523,Diamond Choux,8,6,56,False,C.J.Parnham,R.W.Price,False,6,,Australia,Bunbury,6,2026-09-28 08:18:00+00:00,8,Diamond Choux,14,Surge ,23.000,4.600,TOP3,280.000,8.000,8.21306087453558159474,-92.4439839954272649328392000000000000000000,7.230637324949985710203000,-82.6613752997750910193392000000000000000000,-79.4005057345576997150892000000000000000000,-66.6405813489244293935806933837429111531200,
NSW,Wagga,1,1400,Good,4,2026-09-28,5194203,5468768,Paying,Maiden,11,False,5334527,Ebony Eyes,7,2,56,False,S.Guymer,S.M.Bloomfield,False,4,,,,,,,,,,,,,,,,,,,,,
WA,Bunbury,3,1400,Soft,5,2026-09-28,5196062,5481878,Open,Maiden,11,False,5334626,Last Shout,3,11,58,False,J.R.Azzopardi,B.P.Fitz-Gerald,False,2,,Australia,Bunbury,3,2026-09-28 06:27:00+00:00,3,Last Shout,11,Betr,13.000,3.300,TOP3,600.000,8.000,2.16528870516068809175,-98.0079343912521669555900000000000000000000,1.840245366048806507534000,-86.8191232024409781450900000000000000000000,-81.0498924332102089140900000000000000000000,-65.2096720475352777847029476584022038567500,
WA,Bunbury,3,1400,Soft,5,2026-09-28,5196062,5481878,Open,Maiden,11,False,5334626,Last Shout,3,11,58,False,J.R.Azzopardi,B.P.Fitz-Gerald,False,2,,Australia,Bunbury,3,2026-09-28 06:27:00+00:00,3,Last Shout,11,Dabble,13.000,3.500,TOP3,600.000,8.000,2.16528870516068809175,-98.0079343912521669555900000000000000000000,1.840245366048806507534000,-88.1178245011422768458400000000000000000000,-82.3485937319115076148400000000000000000000,-67.0424712829319157779675510204081632653075,
WA,Bunbury,3,1400,Soft,5,2026-09-28,5196062,5481878,Open,Maiden,11,False,5334626,Last Shout,3,11,58,False,J.R.Azzopardi,B.P.Fitz-Gerald,False,2,,Australia,Bunbury,3,2026-09-28 06:27:00+00:00,3,Last Shout,11,Ladbrokes,13.000,3.500,TOP3,600.000,8.000,2.16528870516068809175,-98.0079343912521669555900000000000000000000,1.840245366048806507534000,-88.1178245011422768458400000000000000000000,-82.3485937319115076148400000000000000000000,-67.0424712829319157779675510204081632653075,
WA,Bunbury,3,1400,Soft,5,2026-09-28,5196062,5481878,Open,Maiden,11,False,5334626,Last Shout,3,11,58,False,J.R.Azzopardi,B.P.Fitz-Gerald,False,2,,Australia,Bunbury,3,2026-09-28 06:27:00+00:00,3,Last Shout,11,Sportsbet,13.000,3.400,TOP3,600.000,8.000,2.16528870516068809175,-98.0079343912521669555900000000000000000000,1.840245366048806507534000,-87.4875724003019407118400000000000000000000,-81.7183416310711714808400000000000000000000,-66.1474073750158081590951903114186851211075,
WA,Bunbury,3,1400,Soft,5,2026-09-28,5196062,5481878,Open,Maiden,11,False,5334626,Last Shout,3,11,58,False,J.R.Azzopardi,B.P.Fitz-Gerald,False,2,,Australia,Bunbury,3,2026-09-28 06:27:00+00:00,3,Last Shout,11,UniBet,13.000,3.700,TOP3,600.000,8.000,2.16528870516068809175,-98.0079343912521669555900000000000000000000,1.840245366048806507534000,-89.2761256594434351473400000000000000000000,-83.5068948902126659163400000000000000000000,-68.7150760443397659893953323593864134404675,
WA,Bunbury,3,1400,Soft,5,2026-09-28,5196062,5481878,Open,Maiden,11,False,5334626,Last Shout,3,11,58,False,J.R.Azzopardi,B.P.Fitz-Gerald,False,2,,Australia,Bunbury,3,2026-09-28 06:27:00+00:00,3,Last Shout,11,Surge ,14.000,3.600,TOP3,600.000,8.000,2.33197759701293505801,-97.8545806107480997466308000000000000000000,1.993599146552873716496000,-87.7355329917004806986308000000000000000000,-82.3783901345576235558808000000000000000000,-67.3320938382613272595104296296296296296300,
VIC,Southside Cranbourne,13,1000,Good,4,2026-09-28,5197870,5482057,Nominations,Trial,9,True,5334851,Samuel Langhorne,0,,,False,,E.V.Musgrove,False,10,7,,,,,,,,,,,,,,,,,,,,
WA,Bunbury,8,1200,Soft,5,2026-09-28,5196062,5466018,Open,BM 70,13,False,5335168,So Immaculate,12,1,55.5,False,C.L.Azzopardi,D.O'Connor,False,3,,Australia,Bunbury,8,2026-09-28 09:30:00+00:00,12,So Immaculate,13,Dabble,26.000,5.000,TOP3,630.000,8.000,4.12592075184150368301,-96.2041529083058166116308000000000000000000,3.651257302514605029210000,-86.9733836775365858426308000000000000000000,-84.0887682929212012271308000000000000000000,-72.0887682929212012271308000000000000000000,
WA,Bunbury,8,1200,Soft,5,2026-09-28,5196062,5466018,Open,BM 70,13,False,5335168,So Immaculate,12,1,55.5,False,C.L.Azzopardi,D.O'Connor,False,3,,Australia,Bunbury,8,2026-09-28 09:30:00+00:00,12,So Immaculate,13,Ladbrokes,26.000,6.000,TOP3,630.000,8.000,4.12592075184150368301,-96.2041529083058166116308000000000000000000,3.651257302514605029210000,-89.4733836775365858423808000000000000000000,-86.5887682929212012268808000000000000000000,-76.1721016262545345600474666666666666666675,
WA,Bunbury,8,1200,Soft,5,2026-09-28,5196062,5466018,Open,BM 70,13,False,5335168,So Immaculate,12,1,55.5,False,C.L.Azzopardi,D.O'Connor,False,3,,Australia,Bunbury,8,2026-09-28 09:30:00+00:00,12,So Immaculate,13,Sportsbet,27.000,6.250,TOP3,630.000,8.000,4.28467106934213868428,-96.0581026162052324104624000000000000000000,3.797307594615189230378000,-89.6136581717607879664624000000000000000000,-86.8358803939830101884624000000000000000000,-76.7558803939830101884624000000000000000000,
WA,Bunbury,8,1200,Soft,5,2026-09-28,5196062,5466018,Open,BM 70,13,False,5335168,So Immaculate,12,1,55.5,False,C.L.Azzopardi,D.O'Connor,False,3,,Australia,Bunbury,8,2026-09-28 09:30:00+00:00,12,So Immaculate,13,UniBet,26.000,5.750,TOP3,630.000,8.000,4.12592075184150368301,-96.2041529083058166116308000000000000000000,3.651257302514605029210000,-88.9299054166670206248808000000000000000000,-86.0452900320516360093808000000000000000000,-75.2702427730724299599975296786389413988675,
WA,Bunbury,8,1200,Soft,5,2026-09-28,5196062,5466018,Open,BM 70,13,False,5335168,So Immaculate,12,1,55.5,False,C.L.Azzopardi,D.O'Connor,False,3,,Australia,Bunbury,8,2026-09-28 09:30:00+00:00,12,So Immaculate,13,Surge ,26.000,5.000,TOP3,630.000,8.000,4.12592075184150368301,-96.2041529083058166116308000000000000000000,3.651257302514605029210000,-86.9733836775365858426308000000000000000000,-84.0887682929212012271308000000000000000000,-72.0887682929212012271308000000000000000000,
SA,Morphettville Parks,17,1250,Good,4,2026-09-28,5197445,5475297,Paying,Trial,8,True,5335214,Time Quest,9,0,,False,C.P.Murtagh,Ron Daniel & Trish Stanbury,False,7,17,,,,,,,,,,,,,,,,,,,,
NSW,Tamworth,1,2100,Good,4,2026-09-28,5196006,5468325,Paying,BM 64,6,False,5335517,Ritas Pearl,9,10,55,True,,D.S.Wagstaff,False,17,10,,,,,,,,,,,,,,,,,,,,
NSW,Tamworth,1,2100,Good,4,2026-09-28,5196006,5468325,Paying,BM 64,6,False,5335785,Farraige,8,3,55,True,,D.S.Wagstaff,False,59,24,,,,,,,,,,,,,,,,,,,,
SA,Morphettville Parks,11,1000,Good,4,2026-09-28,5197445,5482081,Paying,Trial,9,True,5336165,Causeweluvadelaide,7,0,,False,S.R.Wright,S.Rutten,False,1,,,,,,,,,,,,,,,,,,,,,
VIC,Park Kilmore,4,1100,Good,3,2026-09-28,5195834,5469790,Open,Maiden,10,False,5336224,Silver Snow,5,12,59.5,True,A.Mccabe,Dja.Williams,False,4,,,,,,,,,,,,,,,,,,,,,
SA,Morphettville Parks,15,1000,Good,4,2026-09-28,5197445,5482074,Paying,Trial,8,True,5336344,Little Rocket,8,0,,False,R.L.Milnes,D.L.Hewitt,False,1,,,,,,,,,,,,,,,,,,,,,
SA,Morphettville Parks,6,800,Good,4,2026-09-28,5197445,5475291,Paying,Trial,9,True,5336559,Hood Rat,8,0,,False,I.Sit,J.Virgin,False,1,11,,,,,,,,,,,,,,,,,,,,
WA,Bunbury,4,2025,Soft,5,2026-09-28,5196062,5466015,Open,Maiden,11,False,5336655,Lead Cinga,12,3,56,True,K.A.Holroyd,C.L.Martin,False,6,11,,,,,,,,,,,,,,,,,,,,
VIC,Coleraine,5,900,Good,4,2026-09-28,5197871,5482220,Paying,Trial,6,True,5337279,Chardy Lass,2,0,,False,P.C.Bell,Maddie Raymond & Patrick Bell,True,1,,,,,,,,,,,,,,,,,,,,,
VIC,Park Kilmore,2,1450,Good,4,2026-09-28,5195834,5469787,Paying,Maiden,10,False,5337371,Girt By Sea,5,6,58,False,L.J.Neindorf,M.W.Walker,True,1,,,,,,,,,,,,,,,,,,,,,
VIC,Southside Cranbourne,6,800,Good,4,2026-09-28,5197870,5482050,Nominations,Trial,8,True,5337409,Galagacisco,0,,,False,,N.G.Eades,False,6,,,,,,,,,,,,,,,,,,,,,
NSW,Warwick Farm,4,795,Soft,5,2026-09-28,5197463,5481986,Paying,Trial,9,True,5337482,Runranirun,6,0,,False,Z.T.Lloyd,M.C.Smith,False,1,,,,,,,,,,,,,,,,,,,,,
VIC,Park Kilmore,2,1450,Good,4,2026-09-28,5195834,5469787,Paying,Maiden,10,False,5337907,Roll With It,15,13,58,False,R.J.Hurdle,B.R.Crofts,False,4,,,,,,,,,,,,,,,,,,,,,
VIC,Park Kilmore,7,1600,Good,3,2026-09-28,5195834,5469786,Open,BM 0-57,14,False,5337989,Egerton Reef,6,2,61,False,J.M.Allen,W.Morrissey,False,7,,Australia,Kilmore,7,2026-09-28 06:30:00+00:00,6,Egerton Reef,14,Betr,8.000,2.650,TOP3,17.000,8.000,47.22222222222222222222,-56.5555555555555555555576000000000000000000,38.061465721040189125296000,-47.0036687631027253668076000000000000000000,-37.6286687631027253668076000000000000000000,-20.0067392508207744945937338554645781416875,
VIC,Park Kilmore,7,1600,Good,3,2026-09-28,5195834,5469786,Open,BM 0-57,14,False,5337989,Egerton Reef,6,2,61,False,J.M.Allen,W.Morrissey,False,7,,Australia,Kilmore,7,2026-09-28 06:30:00+00:00,6,Egerton Reef,14,Dabble,7.500,2.650,TOP3,17.000,8.000,44.26713947990543735225,-59.2742316784869976359300000000000000000000,35.342789598108747044917000,-50.9723448860341674466800000000000000000000,-40.9723448860341674469300000000000000000000,-23.3504153737522165747161338554645781416875,
VIC,Park Kilmore,7,1600,Good,3,2026-09-28,5195834,5469786,Open,BM 0-57,14,False,5337989,Egerton Reef,6,2,61,False,J.M.Allen,W.Morrissey,False,7,,Australia,Kilmore,7,2026-09-28 06:30:00+00:00,6,Egerton Reef,14,Ladbrokes,8.000,2.700,TOP3,17.000,8.000,47.22222222222222222222,-56.5555555555555555555576000000000000000000,38.061465721040189125296000,-47.5277777777777777778076000000000000000000,-38.1527777777777777778076000000000000000000,-20.6630658436213991769917563786008230452675,
VIC,Park Kilmore,7,1600,Good,3,2026-09-28,5195834,5469786,Open,BM 0-57,14,False,5337989,Egerton Reef,6,2,61,False,J.M.Allen,W.Morrissey,False,7,,Australia,Kilmore,7,2026-09-28 06:30:00+00:00,6,Egerton Reef,14,Sportsbet,8.000,2.500,TOP3,17.000,8.000,47.22222222222222222222,-56.5555555555555555555576000000000000000000,38.061465721040189125296000,-45.3055555555555555555576000000000000000000,-35.9305555555555555555576000000000000000000,-17.9305555555555555555576000000000000000000,
VIC,Park Kilmore,7,1600,Good,3,2026-09-28,5195834,5469786,Open,BM 0-57,14,False,5337989,Egerton Reef,6,2,61,False,J.M.Allen,W.Morrissey,False,7,,Australia,Kilmore,7,2026-09-28 06:30:00+00:00,6,Egerton Reef,14,UniBet,8.000,2.750,TOP3,17.000,8.000,47.22222222222222222222,-56.5555555555555555555576000000000000000000,38.061465721040189125296000,-48.0328282828282828285576000000000000000000,-38.6578282828282828285576000000000000000000,-21.3024563820018365476402446280991735537200,
VIC,Park Kilmore,7,1600,Good,3,2026-09-28,5195834,5469786,Open,BM 0-57,14,False,5337989,Egerton Reef,6,2,61,False,J.M.Allen,W.Morrissey,False,7,,Australia,Kilmore,7,2026-09-28 06:30:00+00:00,6,Egerton Reef,14,Surge ,8.000,2.700,TOP3,17.000,8.000,47.22222222222222222222,-56.5555555555555555555576000000000000000000,38.061465721040189125296000,-47.5277777777777777778076000000000000000000,-38.1527777777777777778076000000000000000000,-20.6630658436213991769917563786008230452675,
VIC,Coleraine,4,900,Good,4,2026-09-28,5197871,5482218,Paying,Trial,5,True,5338239,Icy Pole,5,0,,False,D.Yendall,M.J.Williams,False,1,,,,,,,,,,,,,,,,,,,,,
SA,Morphettville Parks,9,1000,Good,4,2026-09-28,5197445,5482079,Paying,Trial,6,True,5338829,Spicy Ambition,8,0,,True,C.Munro,Darren & Aimee Magro,False,1,,,,,,,,,,,,,,,,,,,,,
VIC,Coleraine,4,900,Good,4,2026-09-28,5197871,5482218,Paying,Trial,5,True,5338937,The Swordsman,4,0,,False,C.N.Rawiller,S.W.Wilde,True,1,,,,,,,,,,,,,,,,,,,,,
SA,Morphettville Parks,17,1250,Good,4,2026-09-28,5197445,5475297,Paying,Trial,8,True,5338952,Monarchs Brae,4,0,,False,M.Cox,John Dunn & Krystal Bishop,False,1,3,,,,,,,,,,,,,,,,,,,,
VIC,Southside Cranbourne,8,800,Good,4,2026-09-28,5197870,5482052,Nominations,Trial,8,True,5339041,In All Honesty,0,,,False,,R.D.Griffiths,True,1,,,,,,,,,,,,,,,,,,,,,
SA,Morphettville Parks,2,800,Good,4,2026-09-28,5197445,5482083,Paying,Trial,5,True,5339095,Bonavena,5,0,,False,C.Tootell,Lewis & Eliza Grantham,False,1,,,,,,,,,,,,,,,,,,,,,
VIC,Park Kilmore,3,1200,Good,3,2026-09-28,5195834,5469788,Open,Maiden,11,False,5339922,Amarillo Sky,1,4,59.5,True,B.Allen,M.Jenkins,False,2,,,,,,,,,,,,,,,,,,,,,
NSW,Wagga,5,1600,Good,4,2026-09-28,5194203,5468769,Open,Maiden,10,False,5339932,Thegirlfromprague,11,8,57,False,J.Richards,M.A.Collins,False,4,,Australia,Wagga,5,2026-09-28 05:45:00+00:00,11,Thegirlfromprague,10,Dabble,126.000,13.000,TOP3,1000.000,10.000,12.60026002600260026003,-88.6597659765976597659730000000000000000000,11.251125112511251125113000,-84.0810113978430810114730000000000000000000,-83.4857733026049857732230000000000000000000,-78.1603295156227372523176745562130177514800,
NSW,Wagga,5,1600,Good,4,2026-09-28,5194203,5468769,Open,Maiden,10,False,5339932,Thegirlfromprague,11,8,57,False,J.Richards,M.A.Collins,False,4,,Australia,Wagga,5,2026-09-28 05:45:00+00:00,11,Thegirlfromprague,10,Ladbrokes,151.000,12.000,TOP3,1000.000,10.000,15.10051005100510051005,-86.4095409540954095409550000000000000000000,13.501350135013501350135000,-81.1529184375391181507050000000000000000000,-80.6562296958172638459550000000000000000000,-74.9270630291505971794966666666666666666675,
NSW,Wagga,5,1600,Good,4,2026-09-28,5194203,5468769,Open,Maiden,10,False,5339932,Thegirlfromprague,11,8,57,False,J.Richards,M.A.Collins,False,4,,Australia,Wagga,5,2026-09-28 05:45:00+00:00,11,Thegirlfromprague,10,Sportsbet,201.000,24.000,TOP3,1000.000,10.000,20.10101010101010101010,-81.9090909090909090909100000000000000000000,18.001800180018001800180000,-79.5303595658073270016600000000000000000000,-79.1572252374491180461600000000000000000000,-76.1624335707824513792641666666666666666675,
NSW,Wagga,5,1600,Good,4,2026-09-28,5194203,5468769,Open,Maiden,10,False,5339932,Thegirlfromprague,11,8,57,False,J.Richards,M.A.Collins,False,4,,Australia,Wagga,5,2026-09-28 05:45:00+00:00,11,Thegirlfromprague,10,UniBet,151.000,13.000,TOP3,1000.000,10.000,15.10051005100510051005,-86.4095409540954095409550000000000000000000,13.501350135013501350135000,-81.6336876683083489194550000000000000000000,-81.1369989265864946147050000000000000000000,-75.8115551396042460937996745562130177514800,
NSW,Wagga,5,1600,Good,4,2026-09-28,5194203,5468769,Open,Maiden,10,False,5339932,Thegirlfromprague,11,8,57,False,J.Richards,M.A.Collins,False,4,,Australia,Wagga,5,2026-09-28 05:45:00+00:00,11,Thegirlfromprague,10,Surge ,126.000,13.000,TOP3,1000.000,10.000,12.60026002600260026003,-88.6597659765976597659730000000000000000000,11.251125112511251125113000,-84.0810113978430810114730000000000000000000,-83.4857733026049857732230000000000000000000,-78.1603295156227372523176745562130177514800,
WA,Bunbury,4,2025,Soft,5,2026-09-28,5196062,5466015,Open,Maiden,11,False,5339935,Boutique Belle,10,14,56,False,W.A.Pike,M.P.Grantham,False,4,,Australia,Bunbury,4,2026-09-28 07:04:00+00:00,10,Boutique Belle,11,Betr,2.900,1.270,TOP3,5.300,8.000,55.36398467432950191571,-49.0651340996168582375468000000000000000000,33.486590038314176245211000,-41.7341539204151205230468000000000000000000,-15.8720849548978791440468000000000000000000,-3.3170598448476590436405441874883749767500,
WA,Bunbury,4,2025,Soft,5,2026-09-28,5196062,5466015,Open,Maiden,11,False,5339935,Boutique Belle,10,14,56,False,W.A.Pike,M.P.Grantham,False,4,,Australia,Bunbury,4,2026-09-28 07:04:00+00:00,10,Boutique Belle,11,Dabble,2.800,1.320,TOP3,5.300,8.000,53.44827586206896551724,-50.8275862068965517241392000000000000000000,31.724137931034482758621000,-47.5808329601433049711392000000000000000000,-20.7951186744290192566392000000000000000000,-7.0210139912334269702314865013774104683200,
WA,Bunbury,4,2025,Soft,5,2026-09-28,5196062,5466015,Open,Maiden,11,False,5339935,Boutique Belle,10,14,56,False,W.A.Pike,M.P.Grantham,False,4,,Australia,Bunbury,4,2026-09-28 07:04:00+00:00,10,Boutique Belle,11,Ladbrokes,2.900,1.350,TOP3,5.300,8.000,55.36398467432950191571,-49.0651340996168582375468000000000000000000,33.486590038314176245211000,-45.2337164750957854400468000000000000000000,-19.3716475095785440610468000000000000000000,-4.9683553285085852132834255144032921810700,
WA,Bunbury,4,2025,Soft,5,2026-09-28,5196062,5466015,Open,Maiden,11,False,5339935,Boutique Belle,10,14,56,False,W.A.Pike,M.P.Grantham,False,4,,Australia,Bunbury,4,2026-09-28 07:04:00+00:00,10,Boutique Belle,11,Sportsbet,2.900,1.300,TOP3,5.300,8.000,55.36398467432950191571,-49.0651340996168582375468000000000000000000,33.486590038314176245211000,-43.0969643383436486877968000000000000000000,-17.2348953728264073087968000000000000000000,-3.9212859053707860070527171597633136094675,
WA,Bunbury,4,2025,Soft,5,2026-09-28,5196062,5466015,Open,Maiden,11,False,5339935,Boutique Belle,10,14,56,False,W.A.Pike,M.P.Grantham,False,4,,Australia,Bunbury,4,2026-09-28 07:04:00+00:00,10,Boutique Belle,11,UniBet,2.900,1.320,TOP3,5.300,8.000,55.36398467432950191571,-49.0651340996168582375468000000000000000000,33.486590038314176245211000,-43.9710902124695228135468000000000000000000,-18.1090212469522814345468000000000000000000,-4.3349165637566891481390865013774104683200,
WA,Bunbury,4,2025,Soft,5,2026-09-28,5196062,5466015,Open,Maiden,11,False,5339935,Boutique Belle,10,14,56,False,W.A.Pike,M.P.Grantham,False,4,,Australia,Bunbury,4,2026-09-28 07:04:00+00:00,10,Boutique Belle,11,Surge ,2.900,1.300,TOP3,5.300,8.000,55.36398467432950191571,-49.0651340996168582375468000000000000000000,33.486590038314176245211000,-43.0969643383436486877968000000000000000000,-17.2348953728264073087968000000000000000000,-3.9212859053707860070527171597633136094675,
SA,Morphettville Parks,17,1250,Good,4,2026-09-28,5197445,5475297,Paying,Trial,8,True,5339949,Triple Oh,1,0,,False,S.M.Lacy,S.M.Lacy,False,9,2,,,,,,,,,,,,,,,,,,,,
NSW,Tamworth,3,1400,Good,4,2026-09-28,5196006,5468329,Open,Maiden,9,False,5339971,Usain Boss,6,10,59,False,H.E.Van Der Hoven,Annabel & Rob Archibald,False,4,,Australia,Tamworth,3,2026-09-28 04:50:00+00:00,6,Usain Boss,9,Dabble,6.000,1.650,TOP3,7.400,10.000,82.05479452054794520548,-26.1506849315068493150680000000000000000000,61.643835616438356164384000,-5.6961394769613947698180000000000000000000,6.8038605230386052304320000000000000000000,24.7101966111928752028211184573002754820925,
NSW,Tamworth,3,1400,Good,4,2026-09-28,5196006,5468329,Open,Maiden,9,False,5339971,Usain Boss,6,10,59,False,H.E.Van Der Hoven,Annabel & Rob Archibald,False,4,,Australia,Tamworth,3,2026-09-28 04:50:00+00:00,6,Usain Boss,9,Ladbrokes,6.000,1.400,TOP3,7.400,10.000,82.05479452054794520548,-26.1506849315068493150680000000000000000000,61.643835616438356164384000,2.4207436399217221126820000000000000000000,14.9207436399217221129320000000000000000000,30.2268660889013139498044489795918367346925,
NSW,Tamworth,3,1400,Good,4,2026-09-28,5196006,5468329,Open,Maiden,9,False,5339971,Usain Boss,6,10,59,False,H.E.Van Der Hoven,Annabel & Rob Archibald,False,4,,Australia,Tamworth,3,2026-09-28 04:50:00+00:00,6,Usain Boss,9,Sportsbet,6.500,1.500,TOP3,7.400,10.000,88.90410958904109589041,-19.9863013698630136986310000000000000000000,67.808219178082191780822000,6.9367755532139093791190000000000000000000,18.4752370916754478403690000000000000000000,35.1419037583421145069523333333333333333325,
NSW,Tamworth,3,1400,Good,4,2026-09-28,5196006,5468329,Open,Maiden,9,False,5339971,Usain Boss,6,10,59,False,H.E.Van Der Hoven,Annabel & Rob Archibald,False,4,,Australia,Tamworth,3,2026-09-28 04:50:00+00:00,6,Usain Boss,9,UniBet,6.000,1.550,TOP3,7.400,10.000,82.05479452054794520548,-26.1506849315068493150680000000000000000000,61.643835616438356164384000,-2.7635881573133009285680000000000000000000,9.7364118426866990716820000000000000000000,26.9060268270779581768089510926118626430800,
NSW,Tamworth,3,1400,Good,4,2026-09-28,5196006,5468329,Open,Maiden,9,False,5339971,Usain Boss,6,10,59,False,H.E.Van Der Hoven,Annabel & Rob Archibald,False,4,,Australia,Tamworth,3,2026-09-28 04:50:00+00:00,6,Usain Boss,9,Surge ,6.000,1.650,TOP3,7.400,10.000,82.05479452054794520548,-26.1506849315068493150680000000000000000000,61.643835616438356164384000,-5.6961394769613947698180000000000000000000,6.8038605230386052304320000000000000000000,24.7101966111928752028211184573002754820925,
NSW,Warwick Farm,4,795,Soft,5,2026-09-28,5197463,5481986,Paying,Trial,9,True,5339991,Agent Zero,1,0,,False,S.S.Llewellyn,C.Maher,False,1,7,,,,,,,,,,,,,,,,,,,,
WA,Bunbury,6,1400,Soft,5,2026-09-28,5196062,5481877,Open,Maiden,14,False,5339996,Momotaro,10,5,56,False,B.M.Gaerth,J.S.Humphries,False,6,,Australia,Bunbury,6,2026-09-28 08:18:00+00:00,10,Momotaro,14,Betr,61.000,11.000,TOP3,690.000,8.000,8.84015538033395176252,-91.8670570500927643784816000000000000000000,8.000927643784786641929000,-87.5078916253535691472316000000000000000000,-86.2783834286322576719816000000000000000000,-80.0800363211942411431117652892561983471075,
WA,Bunbury,6,1400,Soft,5,2026-09-28,5196062,5481877,Open,Maiden,14,False,5339996,Momotaro,10,5,56,False,B.M.Gaerth,J.S.Humphries,False,6,,Australia,Bunbury,6,2026-09-28 08:18:00+00:00,10,Momotaro,14,Dabble,51.000,8.000,TOP3,690.000,8.000,7.39071196660482374768,-93.2005449907235621521344000000000000000000,6.667439703153988868275000,-86.7667214613117974461344000000000000000000,-85.2961332260176797991344000000000000000000,-77.0930082260176797991344000000000000000000,
WA,Bunbury,6,1400,Soft,5,2026-09-28,5196062,5481877,Open,Maiden,14,False,5339996,Momotaro,10,5,56,False,B.M.Gaerth,J.S.Humphries,False,6,,Australia,Bunbury,6,2026-09-28 08:18:00+00:00,10,Momotaro,14,Ladbrokes,61.000,11.000,TOP3,690.000,8.000,8.84015538033395176252,-91.8670570500927643784816000000000000000000,8.000927643784786641929000,-87.5078916253535691472316000000000000000000,-86.2783834286322576719816000000000000000000,-80.0800363211942411431117652892561983471075,
WA,Bunbury,6,1400,Soft,5,2026-09-28,5196062,5481877,Open,Maiden,14,False,5339996,Momotaro,10,5,56,False,B.M.Gaerth,J.S.Humphries,False,6,,Australia,Bunbury,6,2026-09-28 08:18:00+00:00,10,Momotaro,14,Sportsbet,61.000,12.250,TOP3,690.000,8.000,8.84015538033395176252,-91.8670570500927643784816000000000000000000,8.000927643784786641929000,-88.2036244639435505939816000000000000000000,-86.9741162672222391187316000000000000000000,-81.3514590410664706886545487713452728030000,
WA,Bunbury,6,1400,Soft,5,2026-09-28,5196062,5481877,Open,Maiden,14,False,5339996,Momotaro,10,5,56,False,B.M.Gaerth,J.S.Humphries,False,6,,Australia,Bunbury,6,2026-09-28 08:18:00+00:00,10,Momotaro,14,UniBet,51.000,7.500,TOP3,690.000,8.000,7.39071196660482374768,-93.2005449907235621521344000000000000000000,6.667439703153988868275000,-86.1417214613117974463844000000000000000000,-84.6711332260176797993844000000000000000000,-76.0044665593510131329010666666666666666675,
WA,Bunbury,6,1400,Soft,5,2026-09-28,5196062,5481877,Open,Maiden,14,False,5339996,Momotaro,10,5,56,False,B.M.Gaerth,J.S.Humphries,False,6,,Australia,Bunbury,6,2026-09-28 08:18:00+00:00,10,Momotaro,14,Surge ,61.000,8.500,TOP3,690.000,8.000,8.84015538033395176252,-91.8670570500927643784816000000000000000000,8.000927643784786641929000,-85.5025440317706814469816000000000000000000,-84.2730358350493699717316000000000000000000,-76.4875687070216883111018422145328719723200,
NSW,Tamworth,1,2100,Good,4,2026-09-28,5196006,5468325,Paying,BM 64,6,False,5340020,Backhander,7,2,55,True,H.E.Van Der Hoven,Annabel & Rob Archibald,False,6,,,,,,,,,,,,,,,,,,,,,
NSW,Warwick Farm,9,792,Soft,5,2026-09-28,5197463,5477884,Paying,Trial,7,True,5340064,Eight Aces,3,0,,False,A.J.Calder,B.Heys,True,1,,,,,,,,,,,,,,,,,,,,,
VIC,Park Kilmore,8,1200,Good,3,2026-09-28,5195834,5469789,Open,BM 58,12,False,5340111,Bancoora,2,16,61,False,A.Kelly,D.J.Cannon,False,12,17,Australia,Kilmore,8,2026-09-28 07:00:00+00:00,2,Bancoora,12,Dabble,17.000,3.900,TOP3,600.000,8.000,2.83204427256967595679,-97.3945192692358981197532000000000000000000,2.453660488065075343379000,-86.9872794502313732322532000000000000000000,-82.5755147443490202912532000000000000000000,-68.2757119830077974114376181459566074950700,
VIC,Park Kilmore,8,1200,Good,3,2026-09-28,5195834,5469789,Open,BM 58,12,False,5340111,Bancoora,2,16,61,False,A.Kelly,D.J.Cannon,False,12,17,Australia,Kilmore,8,2026-09-28 07:00:00+00:00,2,Bancoora,12,Ladbrokes,17.000,3.900,TOP3,600.000,8.000,2.83204427256967595679,-97.3945192692358981197532000000000000000000,2.453660488065075343379000,-86.9872794502313732322532000000000000000000,-82.5755147443490202912532000000000000000000,-68.2757119830077974114376181459566074950700,
VIC,Park Kilmore,8,1200,Good,3,2026-09-28,5195834,5469789,Open,BM 58,12,False,5340111,Bancoora,2,16,61,False,A.Kelly,D.J.Cannon,False,12,17,Australia,Kilmore,8,2026-09-28 07:00:00+00:00,2,Bancoora,12,Sportsbet,17.000,4.000,TOP3,600.000,8.000,2.83204427256967595679,-97.3945192692358981197532000000000000000000,2.453660488065075343379000,-87.4680486810006040017532000000000000000000,-83.0562839751182510607532000000000000000000,-68.9937839751182510607532000000000000000000,
VIC,Park Kilmore,8,1200,Good,3,2026-09-28,5195834,5469789,Open,BM 58,12,False,5340111,Bancoora,2,16,61,False,A.Kelly,D.J.Cannon,False,12,17,Australia,Kilmore,8,2026-09-28 07:00:00+00:00,2,Bancoora,12,UniBet,17.000,4.200,TOP3,600.000,8.000,2.83204427256967595679,-97.3945192692358981197532000000000000000000,2.453660488065075343379000,-88.3609058238577468587532000000000000000000,-83.9491411179753939177532000000000000000000,-70.3436989411046456183586421768707482993200,
VIC,Park Kilmore,8,1200,Good,3,2026-09-28,5195834,5469789,Open,BM 58,12,False,5340111,Bancoora,2,16,61,False,A.Kelly,D.J.Cannon,False,12,17,Australia,Kilmore,8,2026-09-28 07:00:00+00:00,2,Bancoora,12,Surge ,17.000,3.900,TOP3,600.000,8.000,2.83204427256967595679,-97.3945192692358981197532000000000000000000,2.453660488065075343379000,-86.9872794502313732322532000000000000000000,-82.5755147443490202912532000000000000000000,-68.2757119830077974114376181459566074950700,
VIC,Park Kilmore,3,1200,Good,3,2026-09-28,5195834,5469788,Open,Maiden,11,False,5340169,Shes Loaded,7,1,57.5,False,J.M.Allen,M.Freedman,False,4,,Australia,Kilmore,3,2026-09-28 04:30:00+00:00,7,Shes Loaded,11,Betr,14.000,2.750,TOP3,25.000,8.000,56.13964686998394863563,-48.3515248796147672552204000000000000000000,47.993579454253611556982000,-31.7930833211732088137204000000000000000000,-26.4359404640303516709704000000000000000000,-9.0805685632039053900530446280991735537200,
VIC,Park Kilmore,3,1200,Good,3,2026-09-28,5195834,5469788,Open,Maiden,11,False,5340169,Shes Loaded,7,1,57.5,False,J.M.Allen,M.Freedman,False,4,,Australia,Kilmore,3,2026-09-28 04:30:00+00:00,7,Shes Loaded,11,Dabble,14.000,3.000,TOP3,25.000,8.000,56.13964686998394863563,-48.3515248796147672552204000000000000000000,47.993579454253611556982000,-34.0658105939004815409704000000000000000000,-28.7086677367576243982204000000000000000000,-12.0420010700909577316370666666666666666675,
VIC,Park Kilmore,3,1200,Good,3,2026-09-28,5195834,5469788,Open,Maiden,11,False,5340169,Shes Loaded,7,1,57.5,False,J.M.Allen,M.Freedman,False,4,,Australia,Kilmore,3,2026-09-28 04:30:00+00:00,7,Shes Loaded,11,Ladbrokes,15.000,2.900,TOP3,25.000,8.000,60.15248796147672552167,-44.6597110754414125200636000000000000000000,51.685393258426966292135000,-28.7976421099241711415636000000000000000000,-23.7976421099241711413136000000000000000000,-6.8535279601025302377238259215219976218800,
VIC,Park Kilmore,3,1200,Good,3,2026-09-28,5195834,5469788,Open,Maiden,11,False,5340169,Shes Loaded,7,1,57.5,False,J.M.Allen,M.Freedman,False,4,,Australia,Kilmore,3,2026-09-28 04:30:00+00:00,7,Shes Loaded,11,Sportsbet,14.000,3.000,TOP3,25.000,8.000,56.13964686998394863563,-48.3515248796147672552204000000000000000000,47.993579454253611556982000,-34.0658105939004815409704000000000000000000,-28.7086677367576243982204000000000000000000,-12.0420010700909577316370666666666666666675,
VIC,Park Kilmore,3,1200,Good,3,2026-09-28,5195834,5469788,Open,Maiden,11,False,5340169,Shes Loaded,7,1,57.5,False,J.M.Allen,M.Freedman,False,4,,Australia,Kilmore,3,2026-09-28 04:30:00+00:00,7,Shes Loaded,11,UniBet,14.000,3.100,TOP3,25.000,8.000,56.13964686998394863563,-48.3515248796147672552204000000000000000000,47.993579454253611556982000,-34.8722622068037073472204000000000000000000,-29.5151193496608502044704000000000000000000,-13.1259414100146483314386622268470343392300,
VIC,Park Kilmore,3,1200,Good,3,2026-09-28,5195834,5469788,Open,Maiden,11,False,5340169,Shes Loaded,7,1,57.5,False,J.M.Allen,M.Freedman,False,4,,Australia,Kilmore,3,2026-09-28 04:30:00+00:00,7,Shes Loaded,11,Surge ,14.000,3.100,TOP3,25.000,8.000,56.13964686998394863563,-48.3515248796147672552204000000000000000000,47.993579454253611556982000,-34.8722622068037073472204000000000000000000,-29.5151193496608502044704000000000000000000,-13.1259414100146483314386622268470343392300,
VIC,Southside Cranbourne,8,800,Good,4,2026-09-28,5197870,5482052,Nominations,Trial,8,True,5340245,Anders Sky,0,,,False,,R.D.Griffiths,True,1,,,,,,,,,,,,,,,,,,,,,
VIC,Park Kilmore,8,1200,Good,3,2026-09-28,5195834,5469789,Open,BM 58,12,False,5340341,Bajaria,13,10,57.5,False,B.Allen,P.Gelagotis,False,2,9,Australia,Kilmore,8,2026-09-28 07:00:00+00:00,13,Bajaria,12,Dabble,2.300,1.320,TOP3,3.500,8.000,66.95906432748538011696,-38.3976608187134502923968000000000000000000,34.970760233918128654971000,-46.7968703048794581968968000000000000000000,-14.1881746527055451536468000000000000000000,-0.4140699695099528672390865013774104683200,
VIC,Park Kilmore,8,1200,Good,3,2026-09-28,5195834,5469789,Open,BM 58,12,False,5340341,Bajaria,13,10,57.5,False,B.Allen,P.Gelagotis,False,2,9,Australia,Kilmore,8,2026-09-28 07:00:00+00:00,13,Bajaria,12,Ladbrokes,2.350,1.300,TOP3,3.500,8.000,68.42105263157894736842,-37.0526315789473684210536000000000000000000,36.315789473684210526316000,-43.1901111206822293053036000000000000000000,-11.2752175036609527093036000000000000000000,2.0383919637946685924404828402366863905325,
VIC,Park Kilmore,8,1200,Good,3,2026-09-28,5195834,5469789,Open,BM 58,12,False,5340341,Bajaria,13,10,57.5,False,B.Allen,P.Gelagotis,False,2,9,Australia,Kilmore,8,2026-09-28 07:00:00+00:00,13,Bajaria,12,Sportsbet,2.350,1.250,TOP3,3.500,8.000,68.42105263157894736842,-37.0526315789473684210536000000000000000000,36.315789473684210526316000,-40.8824188129899216130536000000000000000000,-8.9675251959686450170536000000000000000000,3.0324748040313549829464000000000000000000,
VIC,Park Kilmore,8,1200,Good,3,2026-09-28,5195834,5469789,Open,BM 58,12,False,5340341,Bajaria,13,10,57.5,False,B.Allen,P.Gelagotis,False,2,9,Australia,Kilmore,8,2026-09-28 07:00:00+00:00,13,Bajaria,12,UniBet,2.350,1.280,TOP3,3.500,8.000,68.42105263157894736842,-37.0526315789473684210536000000000000000000,36.315789473684210526316000,-42.2886688129899216130536000000000000000000,-10.3737751959686450170536000000000000000000,2.4436076165313549829464000000000000000000,
VIC,Park Kilmore,8,1200,Good,3,2026-09-28,5195834,5469789,Open,BM 58,12,False,5340341,Bajaria,13,10,57.5,False,B.Allen,P.Gelagotis,False,2,9,Australia,Kilmore,8,2026-09-28 07:00:00+00:00,13,Bajaria,12,Surge ,2.350,1.300,TOP3,3.500,8.000,68.42105263157894736842,-37.0526315789473684210536000000000000000000,36.315789473684210526316000,-43.1901111206822293053036000000000000000000,-11.2752175036609527093036000000000000000000,2.0383919637946685924404828402366863905325,
SA,Morphettville Parks,3,800,Good,4,2026-09-28,5197445,5482084,Paying,Trial,6,True,5340357,Imamanzor,5,0,,False,C.P.Murtagh,S.Rutten,False,1,20,,,,,,,,,,,,,,,,,,,,
NSW,Wagga,5,1600,Good,4,2026-09-28,5194203,5468769,Open,Maiden,10,False,5340854,Sunday Vendetta,6,6,59,False,D.Cole,"Ben, Will & Jd Hayes",False,4,,Australia,Wagga,5,2026-09-28 05:45:00+00:00,6,Sunday Vendetta,10,Dabble,3.300,1.340,TOP3,8.200,10.000,40.61728395061728395062,-63.4444444444444444444420000000000000000000,25.555555555555555555556000,-52.9288406452585557056920000000000000000000,-30.2015679179858284331920000000000000000000,-16.0001867640539950628135749610158164401875,
NSW,Wagga,5,1600,Good,4,2026-09-28,5194203,5468769,Open,Maiden,10,False,5340854,Sunday Vendetta,6,6,59,False,D.Cole,"Ben, Will & Jd Hayes",False,4,,Australia,Wagga,5,2026-09-28 05:45:00+00:00,6,Sunday Vendetta,10,Ladbrokes,3.300,1.350,TOP3,8.200,10.000,40.61728395061728395062,-63.4444444444444444444420000000000000000000,25.555555555555555555556000,-53.3434343434343434339420000000000000000000,-30.6161616161616161614420000000000000000000,-16.2128694350916573136786255144032921810700,
NSW,Wagga,5,1600,Good,4,2026-09-28,5194203,5468769,Open,Maiden,10,False,5340854,Sunday Vendetta,6,6,59,False,D.Cole,"Ben, Will & Jd Hayes",False,4,,Australia,Wagga,5,2026-09-28 05:45:00+00:00,6,Sunday Vendetta,10,Sportsbet,3.300,1.300,TOP3,8.200,10.000,40.61728395061728395062,-63.4444444444444444444420000000000000000000,25.555555555555555555556000,-51.2066822066822066816920000000000000000000,-28.4794094794094794091920000000000000000000,-15.1658000119538581074479171597633136094675,
NSW,Wagga,5,1600,Good,4,2026-09-28,5194203,5468769,Open,Maiden,10,False,5340854,Sunday Vendetta,6,6,59,False,D.Cole,"Ben, Will & Jd Hayes",False,4,,Australia,Wagga,5,2026-09-28 05:45:00+00:00,6,Sunday Vendetta,10,UniBet,3.400,1.320,TOP3,8.200,10.000,41.85185185185185185185,-62.3333333333333333333350000000000000000000,26.666666666666666666667000,-49.6327985739750445628350000000000000000000,-27.5739750445632798570850000000000000000000,-13.7998703613676875706772865013774104683200,
NSW,Wagga,5,1600,Good,4,2026-09-28,5194203,5468769,Open,Maiden,10,False,5340854,Sunday Vendetta,6,6,59,False,D.Cole,"Ben, Will & Jd Hayes",False,4,,Australia,Wagga,5,2026-09-28 05:45:00+00:00,6,Sunday Vendetta,10,Surge ,3.300,1.300,TOP3,8.200,10.000,40.61728395061728395062,-63.4444444444444444444420000000000000000000,25.555555555555555555556000,-51.2066822066822066816920000000000000000000,-28.4794094794094794091920000000000000000000,-15.1658000119538581074479171597633136094675,
VIC,Southside Cranbourne,8,800,Good,4,2026-09-28,5197870,5482052,Nominations,Trial,8,True,5340981,Plucky Enuff,0,,,False,,R.D.Griffiths,True,1,,,,,,,,,,,,,,,,,,,,,
VIC,Southside Cranbourne,15,1000,Good,4,2026-09-28,5197870,5482059,Nominations,Trial,8,True,5340983,Dihheri,0,,,False,,L.M.Kennewell,False,1,,,,,,,,,,,,,,,,,,,,,
NSW,Tamworth,3,1400,Good,4,2026-09-28,5196006,5468329,Open,Maiden,9,False,5340995,Shes Ourvalentine,9,3,57,False,M.Weir,S.A.Torrens,False,3,,Australia,Tamworth,3,2026-09-28 04:50:00+00:00,9,Shes Ourvalentine,9,Dabble,34.000,4.200,TOP3,880.000,10.000,3.86293897033753835663,-96.5233549266962154790330000000000000000000,3.375383566314353903853000,-83.0779767754357112770330000000000000000000,-80.8720944224945348065330000000000000000000,-67.2666522456237865071384421768707482993200,
NSW,Tamworth,3,1400,Good,4,2026-09-28,5196006,5468329,Open,Maiden,9,False,5340995,Shes Ourvalentine,9,3,57,False,M.Weir,S.A.Torrens,False,3,,Australia,Tamworth,3,2026-09-28 04:50:00+00:00,9,Shes Ourvalentine,9,Ladbrokes,34.000,4.400,TOP3,880.000,10.000,3.86293897033753835663,-96.5233549266962154790330000000000000000000,3.375383566314353903853000,-83.8896650871240229652830000000000000000000,-81.6837827341828464947830000000000000000000,-68.5122951308770613707044876033057851239675,
NSW,Tamworth,3,1400,Good,4,2026-09-28,5196006,5468329,Open,Maiden,9,False,5340995,Shes Ourvalentine,9,3,57,False,M.Weir,S.A.Torrens,False,3,,Australia,Tamworth,3,2026-09-28 04:50:00+00:00,9,Shes Ourvalentine,9,Sportsbet,35.000,6.000,TOP3,880.000,10.000,3.97658824866462097966,-96.4210705762018411183060000000000000000000,3.477667916808728264576000,-88.2067848619161268325560000000000000000000,-86.0639277190589839753060000000000000000000,-75.6472610523923173084726666666666666666675,
NSW,Tamworth,3,1400,Good,4,2026-09-28,5196006,5468329,Open,Maiden,9,False,5340995,Shes Ourvalentine,9,3,57,False,M.Weir,S.A.Torrens,False,3,,Australia,Tamworth,3,2026-09-28 04:50:00+00:00,9,Shes Ourvalentine,9,UniBet,34.000,4.600,TOP3,880.000,10.000,3.86293897033753835663,-96.5233549266962154790330000000000000000000,3.375383566314353903853000,-84.6307718064916118980330000000000000000000,-82.4248894535504354275330000000000000000000,-69.6649650679171651060244933837429111531200,
NSW,Tamworth,3,1400,Good,4,2026-09-28,5196006,5468329,Open,Maiden,9,False,5340995,Shes Ourvalentine,9,3,57,False,M.Weir,S.A.Torrens,False,3,,Australia,Tamworth,3,2026-09-28 04:50:00+00:00,9,Shes Ourvalentine,9,Surge ,34.000,4.200,TOP3,880.000,10.000,3.86293897033753835663,-96.5233549266962154790330000000000000000000,3.375383566314353903853000,-83.0779767754357112770330000000000000000000,-80.8720944224945348065330000000000000000000,-67.2666522456237865071384421768707482993200,
VIC,Park Kilmore,4,1100,Good,3,2026-09-28,5195834,5469790,Open,Maiden,10,False,5341055,Zukuro,10,8,57.5,True,T.Atkinson,P.B.Payne,False,4,,,,,,,,,,,,,,,,,,,,,
VIC,Park Kilmore,8,1200,Good,3,2026-09-28,5195834,5469789,Open,BM 58,12,False,5341131,The Flying Popov,7,15,60,True,J.Mcneil,C.J.Waller,False,2,3,,,,,,,,,,,,,,,,,,,,
NSW,Tamworth,2,1200,Good,4,2026-09-28,5196006,5468330,Interim,Maiden,9,False,5341298,Rapid Ready,11,6,55,False,B.Looker,C.Clegg,False,1,,,,,,,,,,,,,,,,,,,,,
WA,Bunbury,2,1100,Soft,5,2026-09-28,5196062,5466013,Open,Maiden,11,False,5341327,Three Virgos,7,6,56,True,W.A.Pike,Grant & Alana Williams,False,1,,,,,,,,,,,,,,,,,,,,,
VIC,Southside Cranbourne,1,800,Good,4,2026-09-28,5197870,5482045,Nominations,Trial,8,True,5341331,Naifah,0,,,False,,Mick Price & Michael Kent (Jnr),False,1,5,,,,,,,,,,,,,,,,,,,,
NSW,Warwick Farm,9,792,Soft,5,2026-09-28,5197463,5477884,Paying,Trial,7,True,5341428,Ligularia,6,0,,False,C.Schofield,J.J.W.Pride,False,1,,,,,,,,,,,,,,,,,,,,,
WA,Bunbury,7,1695,Soft,5,2026-09-28,5196062,5466017,Open,BM 58,12,False,5341642,Good Show,4,6,58.5,True,J.J.Lyon,D.M.Bairstow,False,8,,,,,,,,,,,,,,,,,,,,,
NSW,Wagga,5,1600,Good,4,2026-09-28,5194203,5468769,Open,Maiden,10,False,5341769,Akari Spirit,1,2,59,False,J.Van Overmeire,"Ben, Will & Jd Hayes",False,2,,Australia,Wagga,5,2026-09-28 05:45:00+00:00,1,Akari Spirit,10,Dabble,2.750,1.280,TOP3,6.200,10.000,44.91803278688524590164,-59.5737704918032786885240000000000000000000,25.819672131147540983607000,-55.5254750372578241425240000000000000000000,-28.2527477645305514155240000000000000000000,-15.4353649520305514155240000000000000000000,
NSW,Wagga,5,1600,Good,4,2026-09-28,5194203,5468769,Open,Maiden,10,False,5341769,Akari Spirit,1,2,59,False,J.Van Overmeire,"Ben, Will & Jd Hayes",False,2,,Australia,Wagga,5,2026-09-28 05:45:00+00:00,1,Akari Spirit,10,Ladbrokes,2.900,1.300,TOP3,6.200,10.000,47.37704918032786885246,-57.3606557377049180327860000000000000000000,28.032786885245901639344000,-51.3924859764317084830360000000000000000000,-25.5304170109144671040360000000000000000000,-12.2168075434588458022919171597633136094675,
NSW,Wagga,5,1600,Good,4,2026-09-28,5194203,5468769,Open,Maiden,10,False,5341769,Akari Spirit,1,2,59,False,J.Van Overmeire,"Ben, Will & Jd Hayes",False,2,,Australia,Wagga,5,2026-09-28 05:45:00+00:00,1,Akari Spirit,10,Sportsbet,2.700,1.250,TOP3,6.200,10.000,44.09836065573770491803,-60.3114754098360655737730000000000000000000,25.081967213114754098361000,-55.8670309653916211292730000000000000000000,-28.0892531876138433515230000000000000000000,-16.0892531876138433515230000000000000000000,
NSW,Wagga,5,1600,Good,4,2026-09-28,5194203,5468769,Open,Maiden,10,False,5341769,Akari Spirit,1,2,59,False,J.Van Overmeire,"Ben, Will & Jd Hayes",False,2,,Australia,Wagga,5,2026-09-28 05:45:00+00:00,1,Akari Spirit,10,UniBet,2.750,1.260,TOP3,6.200,10.000,44.91803278688524590164,-59.5737704918032786885240000000000000000000,25.819672131147540983607000,-54.5954155134483003332740000000000000000000,-27.3226882407210276062740000000000000000000,-15.0399973866016020581162146636432350718075,
NSW,Wagga,5,1600,Good,4,2026-09-28,5194203,5468769,Open,Maiden,10,False,5341769,Akari Spirit,1,2,59,False,J.Van Overmeire,"Ben, Will & Jd Hayes",False,2,,Australia,Wagga,5,2026-09-28 05:45:00+00:00,1,Akari Spirit,10,Surge ,2.700,1.260,TOP3,6.200,10.000,44.09836065573770491803,-60.3114754098360655737730000000000000000000,25.081967213114754098361000,-56.3432214415820973200230000000000000000000,-28.5654436638043195422730000000000000000000,-16.2827528096848939941152146636432350718075,
NSW,Warwick Farm,1,1200,Soft,5,2026-09-28,5197463,5477873,Paying,Trial,9,True,5341904,Autumn Surf,3,0,,False,A.J.Calder,C.E.Conners,False,1,,,,,,,,,,,,,,,,,,,,,
VIC,Park Kilmore,4,1100,Good,3,2026-09-28,5195834,5469790,Open,Maiden,10,False,5341980,Emerald Evie,7,3,57.5,False,D.J.Dunn,E.A.Cummings,False,1,,Australia,Kilmore,4,2026-09-28 05:00:00+00:00,7,Emerald Evie,10,Betr,67.000,9.000,TOP3,280.000,8.000,23.93183766790511574736,-77.9827093455272935124288000000000000000000,21.691911974849957130609000,-71.8881819823432139106788000000000000000000,-70.7687789972685870449288000000000000000000,-63.3613715898611796375862074074074074074075,
VIC,Park Kilmore,4,1100,Good,3,2026-09-28,5195834,5469790,Open,Maiden,10,False,5341980,Emerald Evie,7,3,57.5,False,D.J.Dunn,E.A.Cummings,False,1,,Australia,Kilmore,4,2026-09-28 05:00:00+00:00,7,Emerald Evie,10,Dabble,71.000,7.500,TOP3,280.000,8.000,25.36081737639325521578,-76.6680480137182052014824000000000000000000,23.006573306659045441555000,-68.7807240700562333712324000000000000000000,-67.7243860418872192864824000000000000000000,-59.0577193752205526199990666666666666666675,
VIC,Park Kilmore,4,1100,Good,3,2026-09-28,5195834,5469790,Open,Maiden,10,False,5341980,Emerald Evie,7,3,57.5,False,D.J.Dunn,E.A.Cummings,False,1,,Australia,Kilmore,4,2026-09-28 05:00:00+00:00,7,Emerald Evie,10,Ladbrokes,81.000,8.500,TOP3,280.000,8.000,28.93326664761360388682,-73.3813946841954844241256000000000000000000,26.293226636181766218920000,-66.4097171242826303936256000000000000000000,-65.4837911983567044678756000000000000000000,-57.6983240703290228072458422145328719723200,
VIC,Park Kilmore,4,1100,Good,3,2026-09-28,5195834,5469790,Open,Maiden,10,False,5341980,Emerald Evie,7,3,57.5,False,D.J.Dunn,E.A.Cummings,False,1,,Australia,Kilmore,4,2026-09-28 05:00:00+00:00,7,Emerald Evie,10,Sportsbet,71.000,13.750,TOP3,280.000,8.000,25.36081737639325521578,-76.6680480137182052014824000000000000000000,23.006573306659045441555000,-73.3261786155107788257324000000000000000000,-72.2698405873417647409824000000000000000000,-67.2119893476723432535538876033057851239675,
VIC,Park Kilmore,4,1100,Good,3,2026-09-28,5195834,5469790,Open,Maiden,10,False,5341980,Emerald Evie,7,3,57.5,False,D.J.Dunn,E.A.Cummings,False,1,,Australia,Kilmore,4,2026-09-28 05:00:00+00:00,7,Emerald Evie,10,UniBet,71.000,7.500,TOP3,280.000,8.000,25.36081737639325521578,-76.6680480137182052014824000000000000000000,23.006573306659045441555000,-68.7807240700562333712324000000000000000000,-67.7243860418872192864824000000000000000000,-59.0577193752205526199990666666666666666675,
VIC,Park Kilmore,4,1100,Good,3,2026-09-28,5195834,5469790,Open,Maiden,10,False,5341980,Emerald Evie,7,3,57.5,False,D.J.Dunn,E.A.Cummings,False,1,,Australia,Kilmore,4,2026-09-28 05:00:00+00:00,7,Emerald Evie,10,Surge ,81.000,8.000,TOP3,280.000,8.000,28.93326664761360388682,-73.3813946841954844241256000000000000000000,26.293226636181766218920000,-65.8582465360473362756256000000000000000000,-64.9323206101214103498756000000000000000000,-56.7291956101214103498756000000000000000000,
WA,Bunbury,6,1400,Soft,5,2026-09-28,5196062,5481877,Open,Maiden,14,False,5342027,Zalis Gift,7,12,56,False,L.F.Fiore,B.P.Fiore,False,3,,Australia,Bunbury,6,2026-09-28 08:18:00+00:00,7,Zalis Gift,14,Betr,8.500,2.750,TOP3,34.000,8.000,25.02948113207547169811,-76.9728773584905660377388000000000000000000,20.341981132075471698113000,-67.3472089092927050747388000000000000000000,-58.5236794975279991927388000000000000000000,-41.1683075967015529118214446280991735537200,
WA,Bunbury,6,1400,Soft,5,2026-09-28,5196062,5481877,Open,Maiden,14,False,5342027,Zalis Gift,7,12,56,False,L.F.Fiore,B.P.Fiore,False,3,,Australia,Bunbury,6,2026-09-28 08:18:00+00:00,7,Zalis Gift,14,Dabble,8.500,2.900,TOP3,34.000,8.000,25.02948113207547169811,-76.9728773584905660377388000000000000000000,20.341981132075471698113000,-68.7578672165027364227388000000000000000000,-59.9343378047380305407388000000000000000000,-42.9902236549163896371490259215219976218800,
WA,Bunbury,6,1400,Soft,5,2026-09-28,5196062,5481877,Open,Maiden,14,False,5342027,Zalis Gift,7,12,56,False,L.F.Fiore,B.P.Fiore,False,3,,Australia,Bunbury,6,2026-09-28 08:18:00+00:00,7,Zalis Gift,14,Ladbrokes,8.500,2.800,TOP3,34.000,8.000,25.02948113207547169811,-76.9728773584905660377388000000000000000000,20.341981132075471698113000,-67.8342218963056920872388000000000000000000,-59.0106924845409862052388000000000000000000,-41.7913047294389453888510448979591836734700,
WA,Bunbury,6,1400,Soft,5,2026-09-28,5196062,5481877,Open,Maiden,14,False,5342027,Zalis Gift,7,12,56,False,L.F.Fiore,B.P.Fiore,False,3,,Australia,Bunbury,6,2026-09-28 08:18:00+00:00,7,Zalis Gift,14,Sportsbet,9.500,2.800,TOP3,34.000,8.000,27.97759433962264150943,-74.2606132075471698113244000000000000000000,23.054245283018867924528000,-63.2643726060434104133244000000000000000000,-55.3696357639381472550744000000000000000000,-38.1502480088361064386866448979591836734700,
WA,Bunbury,6,1400,Soft,5,2026-09-28,5196062,5481877,Open,Maiden,14,False,5342027,Zalis Gift,7,12,56,False,L.F.Fiore,B.P.Fiore,False,3,,Australia,Bunbury,6,2026-09-28 08:18:00+00:00,7,Zalis Gift,14,UniBet,8.500,2.900,TOP3,34.000,8.000,25.02948113207547169811,-76.9728773584905660377388000000000000000000,20.341981132075471698113000,-68.7578672165027364227388000000000000000000,-59.9343378047380305407388000000000000000000,-42.9902236549163896371490259215219976218800,
WA,Bunbury,6,1400,Soft,5,2026-09-28,5196062,5481877,Open,Maiden,14,False,5342027,Zalis Gift,7,12,56,False,L.F.Fiore,B.P.Fiore,False,3,,Australia,Bunbury,6,2026-09-28 08:18:00+00:00,7,Zalis Gift,14,Surge ,8.500,2.900,TOP3,34.000,8.000,25.02948113207547169811,-76.9728773584905660377388000000000000000000,20.341981132075471698113000,-68.7578672165027364227388000000000000000000,-59.9343378047380305407388000000000000000000,-42.9902236549163896371490259215219976218800,
VIC,Park Kilmore,4,1100,Good,3,2026-09-28,5195834,5469790,Open,Maiden,10,False,5342091,Beast Fighter,1,15,59.5,True,C.G.Gaudray,"Ben, Will & Jd Hayes",False,1,,,,,,,,,,,,,,,,,,,,,
VIC,Park Kilmore,7,1600,Good,3,2026-09-28,5195834,5469786,Open,BM 0-57,14,False,5342169,Determinato,5,10,61,False,D.G.Thornton,C.L.Wilson,False,8,,Australia,Kilmore,7,2026-09-28 06:30:00+00:00,5,Determinato,14,Betr,17.000,4.500,TOP3,600.000,8.000,2.83204427256967595679,-97.3945192692358981197532000000000000000000,2.453660488065075343379000,-89.5513820143339373352532000000000000000000,-85.1396173084515843942532000000000000000000,-72.1766543454886214313828296296296296296300,
VIC,Park Kilmore,7,1600,Good,3,2026-09-28,5195834,5469786,Open,BM 0-57,14,False,5342169,Determinato,5,10,61,False,D.G.Thornton,C.L.Wilson,False,8,,Australia,Kilmore,7,2026-09-28 06:30:00+00:00,5,Determinato,14,Dabble,15.000,4.000,TOP3,600.000,8.000,2.49866648886518202427,-97.7012268302440325376716000000000000000000,2.146952927056940925457000,-88.9512268302440325381716000000000000000000,-83.9512268302440325379216000000000000000000,-69.8887268302440325379216000000000000000000,
VIC,Park Kilmore,7,1600,Good,3,2026-09-28,5195834,5469786,Open,BM 0-57,14,False,5342169,Determinato,5,10,61,False,D.G.Thornton,C.L.Wilson,False,8,,Australia,Kilmore,7,2026-09-28 06:30:00+00:00,5,Determinato,14,Ladbrokes,17.000,4.500,TOP3,600.000,8.000,2.83204427256967595679,-97.3945192692358981197532000000000000000000,2.453660488065075343379000,-89.5513820143339373352532000000000000000000,-85.1396173084515843942532000000000000000000,-72.1766543454886214313828296296296296296300,
VIC,Park Kilmore,7,1600,Good,3,2026-09-28,5195834,5469786,Open,BM 0-57,14,False,5342169,Determinato,5,10,61,False,D.G.Thornton,C.L.Wilson,False,8,,Australia,Kilmore,7,2026-09-28 06:30:00+00:00,5,Determinato,14,Sportsbet,16.000,4.000,TOP3,600.000,8.000,2.66535538071742899053,-97.5478730497399653287124000000000000000000,2.300306707561008134418000,-88.1728730497399653287124000000000000000000,-83.4853730497399653287124000000000000000000,-69.4228730497399653287124000000000000000000,
VIC,Park Kilmore,7,1600,Good,3,2026-09-28,5195834,5469786,Open,BM 0-57,14,False,5342169,Determinato,5,10,61,False,D.G.Thornton,C.L.Wilson,False,8,,Australia,Kilmore,7,2026-09-28 06:30:00+00:00,5,Determinato,14,UniBet,16.000,4.400,TOP3,600.000,8.000,2.66535538071742899053,-97.5478730497399653287124000000000000000000,2.300306707561008134418000,-89.8774185042854198739624000000000000000000,-85.1899185042854198739624000000000000000000,-72.0184309009796347498838876033057851239675,
VIC,Park Kilmore,7,1600,Good,3,2026-09-28,5195834,5469786,Open,BM 0-57,14,False,5342169,Determinato,5,10,61,False,D.G.Thornton,C.L.Wilson,False,8,,Australia,Kilmore,7,2026-09-28 06:30:00+00:00,5,Determinato,14,Surge ,16.000,4.000,TOP3,600.000,8.000,2.66535538071742899053,-97.5478730497399653287124000000000000000000,2.300306707561008134418000,-88.1728730497399653287124000000000000000000,-83.4853730497399653287124000000000000000000,-69.4228730497399653287124000000000000000000,
VIC,Park Kilmore,2,1450,Good,4,2026-09-28,5195834,5469787,Paying,Maiden,10,False,5342186,Cool Aza Breeze,2,14,58,True,B.Allen,C.Maher,False,5,,,,,,,,,,,,,,,,,,,,,
NSW,Tamworth,1,2100,Good,4,2026-09-28,5196006,5468325,Paying,BM 64,6,False,5342429,Joika,3,4,58.5,False,A.Bullock,Paul Messara & Leah Gavranich,False,7,,,,,,,,,,,,,,,,,,,,,
SA,Morphettville Parks,6,800,Good,4,2026-09-28,5197445,5475291,Paying,Trial,9,True,5342564,Machrimore,1,0,,False,A.Webb,M.J.Hickmott,False,1,,,,,,,,,,,,,,,,,,,,,
VIC,Park Kilmore,8,1200,Good,3,2026-09-28,5195834,5469789,Open,BM 58,12,False,5342708,Winter Nights,8,13,59.5,False,W.Gordon,"Ben, Will & Jd Hayes",False,1,,Australia,Kilmore,8,2026-09-28 07:00:00+00:00,8,Winter Nights,12,Dabble,18.000,4.000,TOP3,600.000,8.000,2.99873316442192292306,-97.2411654887318309107848000000000000000000,2.607014268569142552340000,-86.8244988220651642447848000000000000000000,-82.6578321553984975777848000000000000000000,-68.5953321553984975777848000000000000000000,
VIC,Park Kilmore,8,1200,Good,3,2026-09-28,5195834,5469789,Open,BM 58,12,False,5342708,Winter Nights,8,13,59.5,False,W.Gordon,"Ben, Will & Jd Hayes",False,1,,Australia,Kilmore,8,2026-09-28 07:00:00+00:00,8,Winter Nights,12,Ladbrokes,18.000,4.000,TOP3,600.000,8.000,2.99873316442192292306,-97.2411654887318309107848000000000000000000,2.607014268569142552340000,-86.8244988220651642447848000000000000000000,-82.6578321553984975777848000000000000000000,-68.5953321553984975777848000000000000000000,
VIC,Park Kilmore,8,1200,Good,3,2026-09-28,5195834,5469789,Open,BM 58,12,False,5342708,Winter Nights,8,13,59.5,False,W.Gordon,"Ben, Will & Jd Hayes",False,1,,Australia,Kilmore,8,2026-09-28 07:00:00+00:00,8,Winter Nights,12,Sportsbet,18.000,4.000,TOP3,600.000,8.000,2.99873316442192292306,-97.2411654887318309107848000000000000000000,2.607014268569142552340000,-86.8244988220651642447848000000000000000000,-82.6578321553984975777848000000000000000000,-68.5953321553984975777848000000000000000000,
VIC,Park Kilmore,8,1200,Good,3,2026-09-28,5195834,5469789,Open,BM 58,12,False,5342708,Winter Nights,8,13,59.5,False,W.Gordon,"Ben, Will & Jd Hayes",False,1,,Australia,Kilmore,8,2026-09-28 07:00:00+00:00,8,Winter Nights,12,UniBet,18.000,4.250,TOP3,600.000,8.000,2.99873316442192292306,-97.2411654887318309107848000000000000000000,2.607014268569142552340000,-87.9274399985357524800348000000000000000000,-83.7607733318690858130348000000000000000000,-70.2659636432877709341187100346020761245675,
VIC,Park Kilmore,8,1200,Good,3,2026-09-28,5195834,5469789,Open,BM 58,12,False,5342708,Winter Nights,8,13,59.5,False,W.Gordon,"Ben, Will & Jd Hayes",False,1,,Australia,Kilmore,8,2026-09-28 07:00:00+00:00,8,Winter Nights,12,Surge ,18.000,4.000,TOP3,600.000,8.000,2.99873316442192292306,-97.2411654887318309107848000000000000000000,2.607014268569142552340000,-86.8244988220651642447848000000000000000000,-82.6578321553984975777848000000000000000000,-68.5953321553984975777848000000000000000000,
VIC,Park Kilmore,8,1200,Good,3,2026-09-28,5195834,5469789,Open,BM 58,12,False,5342737,So You Excel,17,1,56,True,V.L.Boeuf,T.Hughes,False,2,,Australia,Kilmore,8,2026-09-28 07:00:00+00:00,17,So You Excel,12,Dabble,19.000,4.600,TOP3,600.000,8.000,3.16542205627416988932,-97.0878117082277637018256000000000000000000,2.760368049073209761302000,-88.6782007242460703373256000000000000000000,-84.7308323031934387585756000000000000000000,-71.9709079175601684370670933837429111531200,
VIC,Park Kilmore,8,1200,Good,3,2026-09-28,5195834,5469789,Open,BM 58,12,False,5342737,So You Excel,17,1,56,True,V.L.Boeuf,T.Hughes,False,2,,Australia,Kilmore,8,2026-09-28 07:00:00+00:00,17,So You Excel,12,Ladbrokes,20.000,5.000,TOP3,600.000,8.000,3.33211094812641685558,-96.9344579277236964928664000000000000000000,2.913721829577276970263000,-89.4344579277236964928664000000000000000000,-85.6844579277236964928664000000000000000000,-73.6844579277236964928664000000000000000000,
VIC,Park Kilmore,8,1200,Good,3,2026-09-28,5195834,5469789,Open,BM 58,12,False,5342737,So You Excel,17,1,56,True,V.L.Boeuf,T.Hughes,False,2,,Australia,Kilmore,8,2026-09-28 07:00:00+00:00,17,So You Excel,12,UniBet,20.000,4.800,TOP3,600.000,8.000,3.33211094812641685558,-96.9344579277236964928664000000000000000000,2.913721829577276970263000,-88.8094579277236964931164000000000000000000,-85.0594579277236964931164000000000000000000,-72.6896662610570298265955666666666666666675,
VIC,Park Kilmore,8,1200,Good,3,2026-09-28,5195834,5469789,Open,BM 58,12,False,5342737,So You Excel,17,1,56,True,V.L.Boeuf,T.Hughes,False,2,,Australia,Kilmore,8,2026-09-28 07:00:00+00:00,17,So You Excel,12,Surge ,20.000,4.600,TOP3,600.000,8.000,3.33211094812641685558,-96.9344579277236964928664000000000000000000,2.913721829577276970263000,-88.1301101016367399708664000000000000000000,-84.3801101016367399708664000000000000000000,-71.6201857160034696493578933837429111531200,
VIC,Park Kilmore,8,1200,Good,3,2026-09-28,5195834,5469789,Open,BM 58,12,False,5342801,Hells Diamond,12,2,58.5,False,D.W.Stackhouse,"Ben, Will & Jd Hayes",False,2,,Australia,Kilmore,8,2026-09-28 07:00:00+00:00,12,Hells Diamond,12,Dabble,3.600,1.550,TOP3,5.500,8.000,66.23616236162361623616,-39.0627306273062730627328000000000000000000,44.132841328413284132841000,-32.3423005197793913427328000000000000000000,-11.5089671864460580092328000000000000000000,5.6606477979452010958941510926118626430800,
VIC,Park Kilmore,8,1200,Good,3,2026-09-28,5195834,5469789,Open,BM 58,12,False,5342801,Hells Diamond,12,2,58.5,False,D.W.Stackhouse,"Ben, Will & Jd Hayes",False,2,,Australia,Kilmore,8,2026-09-28 07:00:00+00:00,12,Hells Diamond,12,Ladbrokes,3.600,1.550,TOP3,5.500,8.000,66.23616236162361623616,-39.0627306273062730627328000000000000000000,44.132841328413284132841000,-32.3423005197793913427328000000000000000000,-11.5089671864460580092328000000000000000000,5.6606477979452010958941510926118626430800,
VIC,Park Kilmore,8,1200,Good,3,2026-09-28,5195834,5469789,Open,BM 58,12,False,5342801,Hells Diamond,12,2,58.5,False,D.W.Stackhouse,"Ben, Will & Jd Hayes",False,2,,Australia,Kilmore,8,2026-09-28 07:00:00+00:00,12,Hells Diamond,12,Sportsbet,3.600,1.500,TOP3,5.500,8.000,66.23616236162361623616,-39.0627306273062730627328000000000000000000,44.132841328413284132841000,-30.7293972939729397294828000000000000000000,-9.8960639606396063959828000000000000000000,6.7706027060270602706005333333333333333325,
VIC,Park Kilmore,8,1200,Good,3,2026-09-28,5195834,5469789,Open,BM 58,12,False,5342801,Hells Diamond,12,2,58.5,False,D.W.Stackhouse,"Ben, Will & Jd Hayes",False,2,,Australia,Kilmore,8,2026-09-28 07:00:00+00:00,12,Hells Diamond,12,UniBet,3.700,1.500,TOP3,5.500,8.000,68.08118081180811808118,-37.3653136531365313653144000000000000000000,45.830258302583025830258000,-27.9058541936770719055644000000000000000000,-7.6355839234068016353144000000000000000000,9.0310827432598650312689333333333333333325,
VIC,Park Kilmore,8,1200,Good,3,2026-09-28,5195834,5469789,Open,BM 58,12,False,5342801,Hells Diamond,12,2,58.5,False,D.W.Stackhouse,"Ben, Will & Jd Hayes",False,2,,Australia,Kilmore,8,2026-09-28 07:00:00+00:00,12,Hells Diamond,12,Surge ,3.600,1.550,TOP3,5.500,8.000,66.23616236162361623616,-39.0627306273062730627328000000000000000000,44.132841328413284132841000,-32.3423005197793913427328000000000000000000,-11.5089671864460580092328000000000000000000,5.6606477979452010958941510926118626430800,
VIC,Southside Cranbourne,6,800,Good,4,2026-09-28,5197870,5482050,Nominations,Trial,8,True,5342892,Hellica,0,,,False,,G.L.Rielly,False,1,,,,,,,,,,,,,,,,,,,,,
WA,Bunbury,6,1400,Soft,5,2026-09-28,5196062,5481877,Open,Maiden,14,False,5343194,Suzano,6,9,58,False,N.J.Riordan,F.M.Martin,True,1,,Australia,Bunbury,6,2026-09-28 08:18:00+00:00,6,Suzano,14,Betr,61.000,11.000,TOP3,480.000,8.000,12.70836806134355725954,-88.3083013835639273212232000000000000000000,11.501916986164360726788000,-83.9491359588247320899732000000000000000000,-82.7196277621034206147232000000000000000000,-76.5212806546654040858533652892561983471075,
WA,Bunbury,6,1400,Soft,5,2026-09-28,5196062,5481877,Open,Maiden,14,False,5343194,Suzano,6,9,58,False,N.J.Riordan,F.M.Martin,True,1,,Australia,Bunbury,6,2026-09-28 08:18:00+00:00,6,Suzano,14,Dabble,61.000,9.000,TOP3,480.000,8.000,12.70836806134355725954,-88.3083013835639273212232000000000000000000,11.501916986164360726788000,-82.4339844436732169384732000000000000000000,-81.2044762469519054632232000000000000000000,-73.7970688395444980558806074074074074074075,
WA,Bunbury,6,1400,Soft,5,2026-09-28,5196062,5481877,Open,Maiden,14,False,5343194,Suzano,6,9,58,False,N.J.Riordan,F.M.Martin,True,1,,Australia,Bunbury,6,2026-09-28 08:18:00+00:00,6,Suzano,14,Ladbrokes,67.000,11.000,TOP3,480.000,8.000,13.95857642940490081680,-87.1581096849474912485440000000000000000000,12.652108684780796799467000,-82.5787338369149267982940000000000000000000,-81.4593308518402999325440000000000000000000,-75.2609837444022834036741652892561983471075,
WA,Bunbury,6,1400,Soft,5,2026-09-28,5196062,5481877,Open,Maiden,14,False,5343194,Suzano,6,9,58,False,N.J.Riordan,F.M.Martin,True,1,,Australia,Bunbury,6,2026-09-28 08:18:00+00:00,6,Suzano,14,Sportsbet,67.000,13.250,TOP3,480.000,8.000,13.95857642940490081680,-87.1581096849474912485440000000000000000000,12.652108684780796799467000,-83.7365382966061789422940000000000000000000,-82.6171353115315520765440000000000000000000,-77.3839562442478212114554453542185831256675,
WA,Bunbury,6,1400,Soft,5,2026-09-28,5196062,5481877,Open,Maiden,14,False,5343194,Suzano,6,9,58,False,N.J.Riordan,F.M.Martin,True,1,,Australia,Bunbury,6,2026-09-28 08:18:00+00:00,6,Suzano,14,UniBet,61.000,8.500,TOP3,480.000,8.000,12.70836806134355725954,-88.3083013835639273212232000000000000000000,11.501916986164360726788000,-81.9437883652418443897232000000000000000000,-80.7142801685205329144732000000000000000000,-72.9288130404928512538434422145328719723200,
WA,Bunbury,6,1400,Soft,5,2026-09-28,5196062,5481877,Open,Maiden,14,False,5343194,Suzano,6,9,58,False,N.J.Riordan,F.M.Martin,True,1,,Australia,Bunbury,6,2026-09-28 08:18:00+00:00,6,Suzano,14,Surge ,71.000,10.000,TOP3,480.000,8.000,14.79204867477912985498,-86.3913152192032005334184000000000000000000,13.418903150525087514586000,-81.0039912755412287029184000000000000000000,-79.9476532473722146181684000000000000000000,-73.1976532473722146181684000000000000000000,
SA,Morphettville Parks,6,800,Good,4,2026-09-28,5197445,5475291,Paying,Trial,9,True,5343196,Kyrell,4,0,,False,T.J.Pannell,M.J.Hickmott,True,1,,,,,,,,,,,,,,,,,,,,,
NSW,Tamworth,5,1600,Good,4,2026-09-28,5196006,5468328,Open,BM 58,8,False,5343203,Famahan,6,6,57,False,D.Dillon,H.L.Williams,False,5,,Australia,Tamworth,5,2026-09-28 06:05:00+00:00,6,Famahan,8,Betr,6.000,1.920,TOP3,16.500,10.000,36.52439024390243902439,-67.1280487804878048780490000000000000000000,27.439024390243902439024000,-53.0655487804878048787990000000000000000000,-40.5655487804878048785490000000000000000000,-21.8481008638211382118719166666666666666675,
NSW,Tamworth,5,1600,Good,4,2026-09-28,5196006,5468328,Open,BM 58,8,False,5343203,Famahan,6,6,57,False,D.Dillon,H.L.Williams,False,5,,Australia,Tamworth,5,2026-09-28 06:05:00+00:00,6,Famahan,8,Dabble,5.500,1.950,TOP3,16.500,10.000,33.47560975609756097561,-69.8719512195121951219510000000000000000000,24.695121951219512195122000,-58.6831400307010063107010000000000000000000,-45.0467763943373699472010000000000000000000,-26.3091038105109399669194418145956607495075,
NSW,Tamworth,5,1600,Good,4,2026-09-28,5196006,5468328,Open,BM 58,8,False,5343203,Famahan,6,6,57,False,D.Dillon,H.L.Williams,False,5,,Australia,Tamworth,5,2026-09-28 06:05:00+00:00,6,Famahan,8,Ladbrokes,5.500,1.900,TOP3,16.500,10.000,33.47560975609756097561,-69.8719512195121951219510000000000000000000,24.695121951219512195122000,-57.6709942817131520592010000000000000000000,-44.0346306453495156957010000000000000000000,-25.3365697035212608480701135734072022160675,
NSW,Tamworth,5,1600,Good,4,2026-09-28,5196006,5468328,Open,BM 58,8,False,5343203,Famahan,6,6,57,False,D.Dillon,H.L.Williams,False,5,,Australia,Tamworth,5,2026-09-28 06:05:00+00:00,6,Famahan,8,Sportsbet,5.500,1.880,TOP3,16.500,10.000,33.47560975609756097561,-69.8719512195121951219510000000000000000000,24.695121951219512195122000,-57.2510614709628721039510000000000000000000,-43.6146978345992357404510000000000000000000,-24.9410898671931696472165047532820280670000,
NSW,Tamworth,5,1600,Good,4,2026-09-28,5196006,5468328,Open,BM 58,8,False,5343203,Famahan,6,6,57,False,D.Dillon,H.L.Williams,False,5,,Australia,Tamworth,5,2026-09-28 06:05:00+00:00,6,Famahan,8,UniBet,5.500,1.900,TOP3,16.500,10.000,33.47560975609756097561,-69.8719512195121951219510000000000000000000,24.695121951219512195122000,-57.6709942817131520592010000000000000000000,-44.0346306453495156957010000000000000000000,-25.3365697035212608480701135734072022160675,
NSW,Tamworth,5,1600,Good,4,2026-09-28,5196006,5468328,Open,BM 58,8,False,5343203,Famahan,6,6,57,False,D.Dillon,H.L.Williams,False,5,,Australia,Tamworth,5,2026-09-28 06:05:00+00:00,6,Famahan,8,Surge ,5.500,1.950,TOP3,16.500,10.000,33.47560975609756097561,-69.8719512195121951219510000000000000000000,24.695121951219512195122000,-58.6831400307010063107010000000000000000000,-45.0467763943373699472010000000000000000000,-26.3091038105109399669194418145956607495075,
VIC,Park Kilmore,7,1600,Good,3,2026-09-28,5195834,5469786,Open,BM 0-57,14,False,5343269,Frostration,12,3,58.5,False,C.E.Hollowood,D.E.Dean,False,21,13,Australia,Kilmore,7,2026-09-28 06:30:00+00:00,12,Frostration,14,Betr,3.900,1.720,TOP3,5.100,8.000,77.49003984063745019920,-28.7091633466135458167360000000000000000000,53.147410358565737051793000,-23.5660506453613096809860000000000000000000,-4.3352814145920789114860000000000000000000,13.9178283744830968591469096809085992428325,
VIC,Park Kilmore,7,1600,Good,3,2026-09-28,5195834,5469786,Open,BM 0-57,14,False,5343269,Frostration,12,3,58.5,False,C.E.Hollowood,D.E.Dean,False,21,13,Australia,Kilmore,7,2026-09-28 06:30:00+00:00,12,Frostration,14,Dabble,3.800,1.700,TOP3,5.100,8.000,75.49800796812749003984,-30.5418326693227091633472000000000000000000,51.314741035856573705179000,-25.8978698210254955408472000000000000000000,-6.1610277157623376463472000000000000000000,12.0050622496355862291320387543252595155700,
VIC,Park Kilmore,7,1600,Good,3,2026-09-28,5195834,5469786,Open,BM 0-57,14,False,5343269,Frostration,12,3,58.5,False,C.E.Hollowood,D.E.Dean,False,21,13,Australia,Kilmore,7,2026-09-28 06:30:00+00:00,12,Frostration,14,Ladbrokes,3.900,1.750,TOP3,5.100,8.000,77.49003984063745019920,-28.7091633466135458167360000000000000000000,53.147410358565737051793000,-24.3135589510091502129860000000000000000000,-5.0827897202399194434860000000000000000000,13.2845572185355907606109387755102040816325,
VIC,Park Kilmore,7,1600,Good,3,2026-09-28,5195834,5469786,Open,BM 0-57,14,False,5343269,Frostration,12,3,58.5,False,C.E.Hollowood,D.E.Dean,False,21,13,Australia,Kilmore,7,2026-09-28 06:30:00+00:00,12,Frostration,14,Sportsbet,3.900,1.700,TOP3,5.100,8.000,77.49003984063745019920,-28.7091633466135458167360000000000000000000,53.147410358565737051793000,-23.0530547493284779442360000000000000000000,-3.8222855185592471747360000000000000000000,14.3438044468386767007432387543252595155700,
VIC,Park Kilmore,7,1600,Good,3,2026-09-28,5195834,5469786,Open,BM 0-57,14,False,5343269,Frostration,12,3,58.5,False,C.E.Hollowood,D.E.Dean,False,21,13,Australia,Kilmore,7,2026-09-28 06:30:00+00:00,12,Frostration,14,UniBet,3.900,1.700,TOP3,5.100,8.000,77.49003984063745019920,-28.7091633466135458167360000000000000000000,53.147410358565737051793000,-23.0530547493284779442360000000000000000000,-3.8222855185592471747360000000000000000000,14.3438044468386767007432387543252595155700,
VIC,Park Kilmore,7,1600,Good,3,2026-09-28,5195834,5469786,Open,BM 0-57,14,False,5343269,Frostration,12,3,58.5,False,C.E.Hollowood,D.E.Dean,False,21,13,Australia,Kilmore,7,2026-09-28 06:30:00+00:00,12,Frostration,14,Surge ,3.900,1.750,TOP3,5.100,8.000,77.49003984063745019920,-28.7091633466135458167360000000000000000000,53.147410358565737051793000,-24.3135589510091502129860000000000000000000,-5.0827897202399194434860000000000000000000,13.2845572185355907606109387755102040816325,
NSW,Warwick Farm,6,792,Soft,5,2026-09-28,5197463,5481981,Paying,Trial,8,True,5343279,Navy Rose,4,0,,False,J.Ford,D.A.Pfieffer,True,1,,,,,,,,,,,,,,,,,,,,,
VIC,Park Kilmore,2,1450,Good,4,2026-09-28,5195834,5469787,Paying,Maiden,10,False,5343536,Skydream,8,1,58,False,J.M.Allen,M.Freedman,False,3,8,,,,,,,,,,,,,,,,,,,,
VIC,Park Kilmore,3,1200,Good,3,2026-09-28,5195834,5469788,Open,Maiden,11,False,5343558,Princess Geisha,17,2,57.5,True,J.Martin,P.B.Payne,False,1,,,,,,,,,,,,,,,,,,,,,
SA,Morphettville Parks,14,1000,Good,4,2026-09-28,5197445,5482073,Paying,Trial,8,True,5343618,Confucious Flyer,2,0,,False,M.Sanders,S.P.Gower,True,1,,,,,,,,,,,,,,,,,,,,,
NSW,Tamworth,3,1400,Good,4,2026-09-28,5196006,5468329,Open,Maiden,9,False,5343658,Bradford,1,9,59,False,A.Bullock,C.G.Morgan,False,6,,Australia,Tamworth,3,2026-09-28 04:50:00+00:00,1,Bradford,9,Dabble,1.450,1.030,TOP3,1.670,10.000,91.71974522292993630573,-17.4522292993630573248430000000000000000000,25.796178343949044585987000,-48.0849711808494985705930000000000000000000,3.6391667501849841881570000000000000000000,5.7600075457359314971348254312376284286925,
NSW,Tamworth,3,1400,Good,4,2026-09-28,5196006,5468329,Open,Maiden,9,False,5343658,Bradford,1,9,59,False,A.Bullock,C.G.Morgan,False,6,,Australia,Tamworth,3,2026-09-28 04:50:00+00:00,1,Bradford,9,Ladbrokes,1.500,1.060,TOP3,1.670,10.000,94.90445859872611464968,-14.5859872611464968152880000000000000000000,28.662420382165605095541000,-43.8312702800144213442880000000000000000000,6.1687297199855786559620000000000000000000,10.1737137000496583998187105731577073691700,
NSW,Tamworth,3,1400,Good,4,2026-09-28,5196006,5468329,Open,Maiden,9,False,5343658,Bradford,1,9,59,False,A.Bullock,C.G.Morgan,False,6,,Australia,Tamworth,3,2026-09-28 04:50:00+00:00,1,Bradford,9,Sportsbet,1.450,1.040,TOP3,1.670,10.000,91.71974522292993630573,-17.4522292993630573248430000000000000000000,25.796178343949044585987000,-48.7851205460474074578430000000000000000000,2.9390173849870753009070000000000000000000,5.7126860240403297388833313609467455621300,
NSW,Tamworth,3,1400,Good,4,2026-09-28,5196006,5468329,Open,Maiden,9,False,5343658,Bradford,1,9,59,False,A.Bullock,C.G.Morgan,False,6,,Australia,Tamworth,3,2026-09-28 04:50:00+00:00,1,Bradford,9,UniBet,1.500,1.030,TOP3,1.670,10.000,94.90445859872611464968,-14.5859872611464968152880000000000000000000,28.662420382165605095541000,-41.7704532805639725440380000000000000000000,8.2295467194360274562120000000000000000000,10.3503875149869747651898254312376284286925,
NSW,Tamworth,3,1400,Good,4,2026-09-28,5196006,5468329,Open,Maiden,9,False,5343658,Bradford,1,9,59,False,A.Bullock,C.G.Morgan,False,6,,Australia,Tamworth,3,2026-09-28 04:50:00+00:00,1,Bradford,9,Surge ,1.500,1.040,TOP3,1.670,10.000,94.90445859872611464968,-14.5859872611464968152880000000000000000000,28.662420382165605095541000,-42.4706026457618814312880000000000000000000,7.5293973542381185689620000000000000000000,10.3030659932913730069383313609467455621300,
NSW,Tamworth,4,1400,Good,4,2026-09-28,5196006,5468326,Open,BM 64,7,False,5343699,Dunquin,1,6,59,False,A.Bullock,L.Ruddy,False,3,,Australia,Tamworth,4,2026-09-28 05:25:00+00:00,1,Dunquin,7,Betr,2.400,1.420,TOP2,3.300,10.000,74.68750000000000000000,-32.7812500000000000000000000000000000000000,39.375000000000000000000000,-11.2143485915492957747500000000000000000000,4.4075518250347153340965582225748859353300,10.39475904678442956977289466800720503299235144577802625493370616793119668077054800,
NSW,Tamworth,4,1400,Good,4,2026-09-28,5196006,5468326,Open,BM 64,7,False,5343699,Dunquin,1,6,59,False,A.Bullock,L.Ruddy,False,3,,Australia,Tamworth,4,2026-09-28 05:25:00+00:00,1,Dunquin,7,Dabble,2.400,1.600,TOP2,3.300,10.000,74.68750000000000000000,-32.7812500000000000000000000000000000000000,39.375000000000000000000000,-17.1562500000000000002500000000000000000000,0.4218749999999999997500000000000000000000,9.48559570312499999975000000000000000000000000000000000000000000000000000000000000,
NSW,Tamworth,4,1400,Good,4,2026-09-28,5196006,5468326,Open,BM 64,7,False,5343699,Dunquin,1,6,59,False,A.Bullock,L.Ruddy,False,3,,Australia,Tamworth,4,2026-09-28 05:25:00+00:00,1,Dunquin,7,Ladbrokes,2.400,1.500,TOP2,3.300,10.000,74.68750000000000000000,-32.7812500000000000000000000000000000000000,39.375000000000000000000000,-14.0312500000000000000000000000000000000000,2.6354166666666666665833333333333333333325,10.04282407407407407386111111111111111111055555555555555555555925925925925925925925,
NSW,Tamworth,4,1400,Good,4,2026-09-28,5196006,5468326,Open,BM 64,7,False,5343699,Dunquin,1,6,59,False,A.Bullock,L.Ruddy,False,3,,Australia,Tamworth,4,2026-09-28 05:25:00+00:00,1,Dunquin,7,Sportsbet,2.450,1.500,TOP2,3.300,10.000,76.25000000000000000000,-31.3750000000000000000000000000000000000000,40.781250000000000000000000,-11.9872448979591836732500000000000000000000,4.6794217687074829933333333333333333333325,12.08682917611489040061111111111111111111055555555555555555555925925925925925925925,
NSW,Tamworth,4,1400,Good,4,2026-09-28,5196006,5468326,Open,BM 64,7,False,5343699,Dunquin,1,6,59,False,A.Bullock,L.Ruddy,False,3,,Australia,Tamworth,4,2026-09-28 05:25:00+00:00,1,Dunquin,7,UniBet,2.450,1.360,TOP2,3.300,10.000,76.25000000000000000000,-31.3750000000000000000000000000000000000000,40.781250000000000000000000,-6.8401860744297719087500000000000000000000,7.7575647906221312054160899653979238754325,12.64452809925109877043952868140946588283185173489302091689515213359514373630583925,
NSW,Tamworth,4,1400,Good,4,2026-09-28,5196006,5468326,Open,BM 64,7,False,5343699,Dunquin,1,6,59,False,A.Bullock,L.Ruddy,False,3,,Australia,Tamworth,4,2026-09-28 05:25:00+00:00,1,Dunquin,7,Surge ,2.400,1.440,TOP2,3.300,10.000,74.68750000000000000000,-32.7812500000000000000000000000000000000000,39.375000000000000000000000,-11.9479166666666666672500000000000000000000,3.9664351851851851847314814814814814814800,10.31498449645633287579792524005486968449848422496570644718792062185642432556012800,
VIC,Southside Cranbourne,15,1000,Good,4,2026-09-28,5197870,5482059,Nominations,Trial,8,True,5343758,Alexander Thegreat,0,,,False,,S.W.Mathrick,False,1,,,,,,,,,,,,,,,,,,,,,
SA,Morphettville Parks,1,800,Good,4,2026-09-28,5197445,5482082,Paying,Trial,3,True,5343806,Bayou Music,5,0,,True,,Will Clarken & Charlotte Sorby,False,2,,,,,,,,,,,,,,,,,,,,,
VIC,Park Kilmore,5,1100,Good,3,2026-09-28,5195834,5469784,Open,BM 58,9,False,5343965,Our Yonglee,6,3,58,False,D.W.Stackhouse,C.I.Brown,False,1,,Australia,Kilmore,5,2026-09-28 05:30:00+00:00,6,Our Yonglee,9,Betr,5.500,1.750,TOP3,9.400,8.000,58.90557939914163090129,-45.8068669527896995708132000000000000000000,44.420600858369098712446000,-30.2224513683741151550632000000000000000000,-16.5860877320104787915632000000000000000000,1.7812592067650314125337387755102040816325,
VIC,Park Kilmore,5,1100,Good,3,2026-09-28,5195834,5469784,Open,BM 58,9,False,5343965,Our Yonglee,6,3,58,False,D.W.Stackhouse,C.I.Brown,False,1,,Australia,Kilmore,5,2026-09-28 05:30:00+00:00,6,Our Yonglee,9,Dabble,5.500,1.950,TOP3,9.400,8.000,58.90557939914163090129,-45.8068669527896995708132000000000000000000,44.420600858369098712446000,-34.6180557639785107595632000000000000000000,-20.9816921276148743960632000000000000000000,-2.2440195437884444157816418145956607495075,
VIC,Park Kilmore,5,1100,Good,3,2026-09-28,5195834,5469784,Open,BM 58,9,False,5343965,Our Yonglee,6,3,58,False,D.W.Stackhouse,C.I.Brown,False,1,,Australia,Kilmore,5,2026-09-28 05:30:00+00:00,6,Our Yonglee,9,Ladbrokes,5.500,1.800,TOP3,9.400,8.000,58.90557939914163090129,-45.8068669527896995708132000000000000000000,44.420600858369098712446000,-31.4129275588503056308132000000000000000000,-17.7765639224866692673132000000000000000000,0.7419545960318492511682814814814814814800,
VIC,Park Kilmore,5,1100,Good,3,2026-09-28,5195834,5469784,Open,BM 58,9,False,5343965,Our Yonglee,6,3,58,False,D.W.Stackhouse,C.I.Brown,False,1,,Australia,Kilmore,5,2026-09-28 05:30:00+00:00,6,Our Yonglee,9,Sportsbet,6.000,1.800,TOP3,9.400,8.000,64.27038626609442060086,-40.8712446351931330472088000000000000000000,49.356223175965665236052000,-24.2045779685264663807088000000000000000000,-11.7045779685264663804588000000000000000000,6.8139405499920521380226814814814814814800,
VIC,Park Kilmore,5,1100,Good,3,2026-09-28,5195834,5469784,Open,BM 58,9,False,5343965,Our Yonglee,6,3,58,False,D.W.Stackhouse,C.I.Brown,False,1,,Australia,Kilmore,5,2026-09-28 05:30:00+00:00,6,Our Yonglee,9,UniBet,5.500,1.900,TOP3,9.400,8.000,58.90557939914163090129,-45.8068669527896995708132000000000000000000,44.420600858369098712446000,-33.6059100149906565080632000000000000000000,-19.9695463786270201445632000000000000000000,-1.2714854367987652969323135734072022160675,
VIC,Park Kilmore,5,1100,Good,3,2026-09-28,5195834,5469784,Open,BM 58,9,False,5343965,Our Yonglee,6,3,58,False,D.W.Stackhouse,C.I.Brown,False,1,,Australia,Kilmore,5,2026-09-28 05:30:00+00:00,6,Our Yonglee,9,Surge ,5.500,1.900,TOP3,9.400,8.000,58.90557939914163090129,-45.8068669527896995708132000000000000000000,44.420600858369098712446000,-33.6059100149906565080632000000000000000000,-19.9695463786270201445632000000000000000000,-1.2714854367987652969323135734072022160675,
VIC,Park Kilmore,6,2000,Good,3,2026-09-28,5195834,5469785,Open,BM 0-57,12,False,5344026,Razanne,8,4,60,False,L.J.Neindorf,Mick Price & Michael Kent (Jnr),False,5,,Australia,Kilmore,6,2026-09-28 06:00:00+00:00,8,Razanne,12,Dabble,4.000,1.750,TOP3,6.800,8.000,59.37500000000000000000,-45.3750000000000000000000000000000000000000,41.071428571428571428571000,-40.0178571428571428572500000000000000000000,-21.2678571428571428572500000000000000000000,-2.9005102040816326531530612244897959183675,
VIC,Park Kilmore,6,2000,Good,3,2026-09-28,5195834,5469785,Open,BM 0-57,12,False,5344026,Razanne,8,4,60,False,L.J.Neindorf,Mick Price & Michael Kent (Jnr),False,5,,Australia,Kilmore,6,2026-09-28 06:00:00+00:00,8,Razanne,12,Ladbrokes,4.000,1.700,TOP3,6.800,8.000,59.37500000000000000000,-45.3750000000000000000000000000000000000000,41.071428571428571428571000,-38.7573529411764705885000000000000000000000,-20.0073529411764705885000000000000000000000,-1.8412629757785467130207612456747404844300,
VIC,Park Kilmore,6,2000,Good,3,2026-09-28,5195834,5469785,Open,BM 0-57,12,False,5344026,Razanne,8,4,60,False,L.J.Neindorf,Mick Price & Michael Kent (Jnr),False,5,,Australia,Kilmore,6,2026-09-28 06:00:00+00:00,8,Razanne,12,Sportsbet,4.200,1.670,TOP3,6.800,8.000,62.35119047619047619048,-42.6369047619047619047584000000000000000000,43.809523809523809523810000,-33.4410108354719133167584000000000000000000,-15.5838679783290561737584000000000000000000,2.4339885242346786321287239556814514683200,
VIC,Park Kilmore,6,2000,Good,3,2026-09-28,5195834,5469785,Open,BM 0-57,12,False,5344026,Razanne,8,4,60,False,L.J.Neindorf,Mick Price & Michael Kent (Jnr),False,5,,Australia,Kilmore,6,2026-09-28 06:00:00+00:00,8,Razanne,12,UniBet,4.200,1.750,TOP3,6.800,8.000,62.35119047619047619048,-42.6369047619047619047584000000000000000000,43.809523809523809523810000,-35.4940476190476190480084000000000000000000,-17.6369047619047619050084000000000000000000,0.7304421768707482990885387755102040816325,
VIC,Park Kilmore,6,2000,Good,3,2026-09-28,5195834,5469785,Open,BM 0-57,12,False,5344026,Razanne,8,4,60,False,L.J.Neindorf,Mick Price & Michael Kent (Jnr),False,5,,Australia,Kilmore,6,2026-09-28 06:00:00+00:00,8,Razanne,12,Surge ,4.200,1.800,TOP3,6.800,8.000,62.35119047619047619048,-42.6369047619047619047584000000000000000000,43.809523809523809523810000,-36.6845238095238095237584000000000000000000,-18.8273809523809523807584000000000000000000,-0.3088624338624338622769185185185185185200,
VIC,Park Kilmore,6,2000,Good,3,2026-09-28,5195834,5469785,Open,BM 0-57,12,False,5344026,Razanne,8,4,60,False,L.J.Neindorf,Mick Price & Michael Kent (Jnr),False,5,,Australia,Kilmore,6,2026-09-28 06:00:00+00:00,8,Razanne,12,Betr,4.200,1.700,TOP3,6.800,8.000,62.35119047619047619048,-42.6369047619047619047584000000000000000000,43.809523809523809523810000,-34.2335434173669467792584000000000000000000,-16.3764005602240896362584000000000000000000,1.7896894051738342392208387543252595155700,
VIC,Southside Cranbourne,13,1000,Good,4,2026-09-28,5197870,5482057,Nominations,Trial,9,True,5344053,Fireball Miss,0,,,False,,C.Maher,False,1,,,,,,,,,,,,,,,,,,,,,
WA,Bunbury,4,2025,Soft,5,2026-09-28,5196062,5466015,Open,Maiden,11,False,5344214,Saisoku,1,13,58,False,T.W.Dyson,S.V.Vahala,False,6,,Australia,Bunbury,4,2026-09-28 07:04:00+00:00,1,Saisoku,11,Betr,7.000,2.050,TOP3,17.000,8.000,41.31205673758865248227,-61.9929078014184397163116000000000000000000,32.624113475177304964539000,-46.8361133763313317023116000000000000000000,-36.1218276620456174168116000000000000000000,-17.3829817370010011169989884592504461630000,
WA,Bunbury,4,2025,Soft,5,2026-09-28,5196062,5466015,Open,Maiden,11,False,5344214,Saisoku,1,13,58,False,T.W.Dyson,S.V.Vahala,False,6,,Australia,Bunbury,4,2026-09-28 07:04:00+00:00,1,Saisoku,11,Dabble,7.000,2.250,TOP3,17.000,8.000,41.31205673758865248227,-61.9929078014184397163116000000000000000000,32.624113475177304964539000,-50.0881458966565349543116000000000000000000,-39.3738601823708206688116000000000000000000,-20.8553416638523021503301185185185185185200,
WA,Bunbury,4,2025,Soft,5,2026-09-28,5196062,5466015,Open,Maiden,11,False,5344214,Saisoku,1,13,58,False,T.W.Dyson,S.V.Vahala,False,6,,Australia,Bunbury,4,2026-09-28 07:04:00+00:00,1,Saisoku,11,Ladbrokes,7.000,2.100,TOP3,17.000,8.000,41.31205673758865248227,-61.9929078014184397163116000000000000000000,32.624113475177304964539000,-47.7071935157041540013116000000000000000000,-36.9929078014184397158116000000000000000000,-18.2854248082211608042333687074829931972800,
WA,Bunbury,4,2025,Soft,5,2026-09-28,5196062,5466015,Open,Maiden,11,False,5344214,Saisoku,1,13,58,False,T.W.Dyson,S.V.Vahala,False,6,,Australia,Bunbury,4,2026-09-28 07:04:00+00:00,1,Saisoku,11,Sportsbet,7.000,1.910,TOP3,17.000,8.000,41.31205673758865248227,-61.9929078014184397163116000000000000000000,32.624113475177304964539000,-44.1544635231835855650616000000000000000000,-33.4401778088978712795616000000000000000000,-14.7318090690058727049487261752693182752675,
WA,Bunbury,4,2025,Soft,5,2026-09-28,5196062,5466015,Open,Maiden,11,False,5344214,Saisoku,1,13,58,False,T.W.Dyson,S.V.Vahala,False,6,,Australia,Bunbury,4,2026-09-28 07:04:00+00:00,1,Saisoku,11,UniBet,7.000,2.200,TOP3,17.000,8.000,41.31205673758865248227,-61.9929078014184397163116000000000000000000,32.624113475177304964539000,-49.3305701390807773785616000000000000000000,-38.6162844247950630930616000000000000000000,-20.0212431024810135063157322314049586776875,
WA,Bunbury,4,2025,Soft,5,2026-09-28,5196062,5466015,Open,Maiden,11,False,5344214,Saisoku,1,13,58,False,T.W.Dyson,S.V.Vahala,False,6,,Australia,Bunbury,4,2026-09-28 07:04:00+00:00,1,Saisoku,11,Surge ,7.000,2.200,TOP3,17.000,8.000,41.31205673758865248227,-61.9929078014184397163116000000000000000000,32.624113475177304964539000,-49.3305701390807773785616000000000000000000,-38.6162844247950630930616000000000000000000,-20.0212431024810135063157322314049586776875,
NSW,Warwick Farm,4,795,Soft,5,2026-09-28,5197463,5481986,Paying,Trial,9,True,5344281,Scenic Point,7,0,,False,J.Ford,J.J.W.Pride,False,2,,,,,,,,,,,,,,,,,,,,,
WA,Bunbury,8,1200,Soft,5,2026-09-28,5196062,5466018,Open,BM 70,13,False,5344292,Yamashitas Gold,1,11,60,False,J.K.Tsang,D.M.Bairstow,False,12,5,Australia,Bunbury,8,2026-09-28 09:30:00+00:00,1,Yamashitas Gold,13,Dabble,5.000,2.000,TOP3,6.400,8.000,78.95569620253164556962,-27.3607594936708860759496000000000000000000,58.227848101265822784810000,-19.8607594936708860759496000000000000000000,-4.8607594936708860759496000000000000000000,13.8892405063291139240504000000000000000000,
WA,Bunbury,8,1200,Soft,5,2026-09-28,5196062,5466018,Open,BM 70,13,False,5344292,Yamashitas Gold,1,11,60,False,J.K.Tsang,D.M.Bairstow,False,12,5,Australia,Bunbury,8,2026-09-28 09:30:00+00:00,1,Yamashitas Gold,13,Ladbrokes,5.500,2.100,TOP3,6.400,8.000,86.86708860759493670886,-20.0822784810126582278488000000000000000000,65.506329113924050632911000,-11.6407200394542166688488000000000000000000,1.9956435969094196946512000000000000000000,20.7031265901066986062294312925170068027200,
WA,Bunbury,8,1200,Soft,5,2026-09-28,5196062,5466018,Open,BM 70,13,False,5344292,Yamashitas Gold,1,11,60,False,J.K.Tsang,D.M.Bairstow,False,12,5,Australia,Bunbury,8,2026-09-28 09:30:00+00:00,1,Yamashitas Gold,13,Sportsbet,5.000,1.910,TOP3,6.400,8.000,78.95569620253164556962,-27.3607594936708860759496000000000000000000,58.227848101265822784810000,-18.0937437868646033536996000000000000000000,-3.0937437868646033536996000000000000000000,15.6146249530273952209132738247306817247325,
WA,Bunbury,8,1200,Soft,5,2026-09-28,5196062,5466018,Open,BM 70,13,False,5344292,Yamashitas Gold,1,11,60,False,J.K.Tsang,D.M.Bairstow,False,12,5,Australia,Bunbury,8,2026-09-28 09:30:00+00:00,1,Yamashitas Gold,13,UniBet,6.000,2.250,TOP3,6.400,8.000,94.77848101265822784810,-12.8037974683544303797480000000000000000000,72.784810126582278481013000,-4.4704641350210970472480000000000000000000,8.0295358649789029530020000000000000000000,26.5480543834974214714834814814814814814800,
WA,Bunbury,8,1200,Soft,5,2026-09-28,5196062,5466018,Open,BM 70,13,False,5344292,Yamashitas Gold,1,11,60,False,J.K.Tsang,D.M.Bairstow,False,12,5,Australia,Bunbury,8,2026-09-28 09:30:00+00:00,1,Yamashitas Gold,13,Surge ,5.500,2.150,TOP3,6.400,8.000,86.86708860759493670886,-20.0822784810126582278488000000000000000000,65.506329113924050632911000,-12.4712848235073728153488000000000000000000,1.1650788128562635481512000000000000000000,19.8238132639108876692953319632233639805300,
SA,Morphettville Parks,14,1000,Good,4,2026-09-28,5197445,5482073,Paying,Trial,8,True,5344300,Dunartdeel,1,0,,False,I.Sit,K.Mooney,False,1,,,,,,,,,,,,,,,,,,,,,
NSW,Warwick Farm,3,795,Soft,5,2026-09-28,5197463,5481985,Paying,Trial,8,True,5344365,Confidentiality,2,0,,False,A.Adkins,J.J.W.Pride,False,1,,,,,,,,,,,,,,,,,,,,,
VIC,Park Kilmore,3,1200,Good,3,2026-09-28,5195834,5469788,Open,Maiden,11,False,5344492,Angelista,16,8,57.5,False,L.J.Neindorf,Mick Price & Michael Kent (Jnr),False,1,,Australia,Kilmore,3,2026-09-28 04:30:00+00:00,16,Angelista,11,Betr,9.000,2.050,TOP3,14.000,8.000,64.58333333333333333333,-40.5833333333333333333364000000000000000000,52.873563218390804597701000,-20.6646341463414634148364000000000000000000,-12.3313008130081300815864000000000000000000,6.4075451120364862182262115407495538370000,
VIC,Park Kilmore,3,1200,Good,3,2026-09-28,5195834,5469788,Open,Maiden,11,False,5344492,Angelista,16,8,57.5,False,L.J.Neindorf,Mick Price & Michael Kent (Jnr),False,1,,Australia,Kilmore,3,2026-09-28 04:30:00+00:00,16,Angelista,11,Dabble,9.000,2.400,TOP3,14.000,8.000,64.58333333333333333333,-40.5833333333333333333364000000000000000000,52.873563218390804597701000,-25.9999999999999999995864000000000000000000,-17.6666666666666666663364000000000000000000,0.5625000000000000003719333333333333333325,
VIC,Park Kilmore,3,1200,Good,3,2026-09-28,5195834,5469788,Open,Maiden,11,False,5344492,Angelista,16,8,57.5,False,L.J.Neindorf,Mick Price & Michael Kent (Jnr),False,1,,Australia,Kilmore,3,2026-09-28 04:30:00+00:00,16,Angelista,11,Ladbrokes,9.000,2.150,TOP3,14.000,8.000,64.58333333333333333333,-40.5833333333333333333364000000000000000000,52.873563218390804597701000,-22.3662790697674418603364000000000000000000,-14.0329457364341085270864000000000000000000,4.6257887146205155940577319632233639805300,
VIC,Park Kilmore,3,1200,Good,3,2026-09-28,5195834,5469788,Open,Maiden,11,False,5344492,Angelista,16,8,57.5,False,L.J.Neindorf,Mick Price & Michael Kent (Jnr),False,1,,Australia,Kilmore,3,2026-09-28 04:30:00+00:00,16,Angelista,11,Sportsbet,9.000,1.950,TOP3,14.000,8.000,64.58333333333333333333,-40.5833333333333333333364000000000000000000,52.873563218390804597701000,-18.7884615384615384615864000000000000000000,-10.4551282051282051283364000000000000000000,8.2825443786982248519451581854043392504925,
VIC,Park Kilmore,3,1200,Good,3,2026-09-28,5195834,5469788,Open,Maiden,11,False,5344492,Angelista,16,8,57.5,False,L.J.Neindorf,Mick Price & Michael Kent (Jnr),False,1,,Australia,Kilmore,3,2026-09-28 04:30:00+00:00,16,Angelista,11,UniBet,9.000,2.350,TOP3,14.000,8.000,64.58333333333333333333,-40.5833333333333333333364000000000000000000,52.873563218390804597701000,-25.3351063829787234038364000000000000000000,-17.0017730496453900705864000000000000000000,1.3323147728987475482836769578995020371200,
VIC,Park Kilmore,3,1200,Good,3,2026-09-28,5195834,5469788,Open,Maiden,11,False,5344492,Angelista,16,8,57.5,False,L.J.Neindorf,Mick Price & Michael Kent (Jnr),False,1,,Australia,Kilmore,3,2026-09-28 04:30:00+00:00,16,Angelista,11,Surge ,9.000,2.400,TOP3,14.000,8.000,64.58333333333333333333,-40.5833333333333333333364000000000000000000,52.873563218390804597701000,-25.9999999999999999995864000000000000000000,-17.6666666666666666663364000000000000000000,0.5625000000000000003719333333333333333325,
SA,Morphettville Parks,15,1000,Good,4,2026-09-28,5197445,5482074,Paying,Trial,8,True,5344530,Shogun Chikara,4,0,,False,J.B.Murphy,Aaron Bain & Ned Taylor,True,1,,,,,,,,,,,,,,,,,,,,,
SA,Morphettville Parks,2,800,Good,4,2026-09-28,5197445,5482083,Paying,Trial,5,True,5344543,Gift Of Silence,7,0,,False,R.L.Milnes,Will Clarken & Charlotte Sorby,False,2,,,,,,,,,,,,,,,,,,,,,
SA,Morphettville Parks,8,1000,Good,4,2026-09-28,5197445,5482078,Paying,Trial,9,True,5344658,Kalmana,4,0,,False,C.Jones,Richard & Chantelle Jolly,False,1,,,,,,,,,,,,,,,,,,,,,
SA,Morphettville Parks,11,1000,Good,4,2026-09-28,5197445,5482081,Paying,Trial,9,True,5344675,Veloce Girl,1,0,,False,R.L.Milnes,D.B.Aldridge,False,1,,,,,,,,,,,,,,,,,,,,,
NSW,Wagga,1,1400,Good,4,2026-09-28,5194203,5468768,Paying,Maiden,11,False,5344759,Gold Decree,3,6,57,False,B.A.Button,P.Mcvicar,False,8,,,,,,,,,,,,,,,,,,,,,
NSW,Wagga,6,1200,Good,4,2026-09-28,5194203,5468767,Open,Maiden,8,False,5344811,Coco Mojo,5,4,57,False,B.Vale,S.N.Meyervale,False,2,,,,,,,,,,,,,,,,,,,,,
NSW,Wagga,6,1200,Good,4,2026-09-28,5194203,5468767,Open,Maiden,8,False,5344901,Choc Chip,4,9,57,False,P.Boudvillain,D.S.Burnet,False,1,,Australia,Wagga,6,2026-09-28 06:20:00+00:00,4,Choc Chip,8,Dabble,2.400,1.220,TOP3,3.400,10.000,72.42424242424242424242,-34.8181818181818181818220000000000000000000,38.181818181818181818182000,-35.8427719821162444115720000000000000000000,-4.5927719821162444113220000000000000000000,6.4929576604529574159786584251545283525925,
NSW,Wagga,6,1200,Good,4,2026-09-28,5194203,5468767,Open,Maiden,8,False,5344901,Choc Chip,4,9,57,False,P.Boudvillain,D.S.Burnet,False,1,,Australia,Wagga,6,2026-09-28 06:20:00+00:00,4,Choc Chip,8,Ladbrokes,2.400,1.120,TOP3,3.400,10.000,72.42424242424242424242,-34.8181818181818181818220000000000000000000,38.181818181818181818182000,-30.3538961038961038968220000000000000000000,0.8961038961038961034280000000000000000000,8.0708487940630797770657551020408163265300,
NSW,Wagga,6,1200,Good,4,2026-09-28,5194203,5468767,Open,Maiden,8,False,5344901,Choc Chip,4,9,57,False,P.Boudvillain,D.S.Burnet,False,1,,Australia,Wagga,6,2026-09-28 06:20:00+00:00,4,Choc Chip,8,Sportsbet,2.400,1.200,TOP3,3.400,10.000,72.42424242424242424242,-34.8181818181818181818220000000000000000000,38.181818181818181818182000,-34.8181818181818181825720000000000000000000,-3.5681818181818181823220000000000000000000,6.8484848484848484845113333333333333333325,
NSW,Wagga,6,1200,Good,4,2026-09-28,5194203,5468767,Open,Maiden,8,False,5344901,Choc Chip,4,9,57,False,P.Boudvillain,D.S.Burnet,False,1,,Australia,Wagga,6,2026-09-28 06:20:00+00:00,4,Choc Chip,8,UniBet,2.450,1.220,TOP3,3.400,10.000,73.93939393939393939394,-33.4545454545454545454540000000000000000000,39.545454545454545454545000,-33.2036254143982481217040000000000000000000,-2.5913805164390644482040000000000000000000,8.4943491261301373790966584251545283525925,
NSW,Wagga,6,1200,Good,4,2026-09-28,5194203,5468767,Open,Maiden,8,False,5344901,Choc Chip,4,9,57,False,P.Boudvillain,D.S.Burnet,False,1,,Australia,Wagga,6,2026-09-28 06:20:00+00:00,4,Choc Chip,8,Surge ,2.350,1.200,TOP3,3.400,10.000,70.90909090909090909091,-36.1818181818181818181810000000000000000000,36.818181818181818181818000,-37.5116054158607350104310000000000000000000,-5.5967117988394584144310000000000000000000,4.8199548678272082524023333333333333333325,
VIC,Park Kilmore,3,1200,Good,3,2026-09-28,5195834,5469788,Open,Maiden,11,False,5344916,Mardyke,18,13,57.5,True,T.M.Nugent,E.A.Cummings,False,1,,,,,,,,,,,,,,,,,,,,,
SA,Morphettville Parks,2,800,Good,4,2026-09-28,5197445,5482083,Paying,Trial,5,True,5344964,Captain Happy,6,0,,False,L.K.Stojakovic,Shane & Cassie Oxlade,False,1,,,,,,,,,,,,,,,,,,,,,
SA,Morphettville Parks,1,800,Good,4,2026-09-28,5197445,5482082,Paying,Trial,3,True,5345178,Itsanotherbattle,1,0,,True,L.K.Stojakovic,Shane & Cassie Oxlade,False,1,,,,,,,,,,,,,,,,,,,,,
SA,Morphettville Parks,15,1000,Good,4,2026-09-28,5197445,5482074,Paying,Trial,8,True,5345184,Mizzen Jib,6,0,,False,A.Webb,S.Rutten,False,1,,,,,,,,,,,,,,,,,,,,,
SA,Morphettville Parks,16,1000,Good,4,2026-09-28,5197445,5482075,Paying,Trial,8,True,5345273,Velocity Rose,7,0,,False,A.Stone,L.G.O'Connor,False,3,,,,,,,,,,,,,,,,,,,,,
VIC,Park Kilmore,3,1200,Good,3,2026-09-28,5195834,5469788,Open,Maiden,11,False,5345318,Celestra,6,18,57.5,True,L.J.Neindorf,M.W.Walker,False,1,,,,,,,,,,,,,,,,,,,,,
VIC,Southside Cranbourne,17,1000,Good,4,2026-09-28,5197870,5482061,Nominations,Trial,8,True,5345318,Celestra,0,,,False,,M.W.Walker,False,1,,,,,,,,,,,,,,,,,,,,,
VIC,Southside Cranbourne,4,800,Good,4,2026-09-28,5197870,5482048,Nominations,Trial,9,True,5345318,Celestra,0,,,False,,M.W.Walker,False,1,,,,,,,,,,,,,,,,,,,,,
SA,Morphettville Parks,6,800,Good,4,2026-09-28,5197445,5475291,Paying,Trial,9,True,5345392,Gartmorns Girl,3,0,,False,M.Cox,Lewis & Eliza Grantham,False,1,,,,,,,,,,,,,,,,,,,,,
VIC,Park Kilmore,6,2000,Good,3,2026-09-28,5195834,5469785,Open,BM 0-57,12,False,5345443,Fierce Fiasco,4,12,62,False,W.J.Egan,A.Noblet,False,6,,Australia,Kilmore,6,2026-09-28 06:00:00+00:00,4,Fierce Fiasco,12,Dabble,8.000,2.750,TOP3,21.000,8.000,38.19311663479923518164,-64.8623326959847036328912000000000000000000,30.783938814531548757170000,-56.3396054232574309058912000000000000000000,-46.9646054232574309058912000000000000000000,-29.6092335224309846249738446280991735537200,
VIC,Park Kilmore,6,2000,Good,3,2026-09-28,5195834,5469785,Open,BM 0-57,12,False,5345443,Fierce Fiasco,4,12,62,False,W.J.Egan,A.Noblet,False,6,,Australia,Kilmore,6,2026-09-28 06:00:00+00:00,4,Fierce Fiasco,12,Ladbrokes,8.500,2.700,TOP3,21.000,8.000,40.58317399617590822180,-62.6634799235181644359440000000000000000000,32.982791586998087954111000,-52.5327609692697984221940000000000000000000,-43.7092315575050925401940000000000000000000,-26.2195196233487139393781563786008230452675,
VIC,Park Kilmore,6,2000,Good,3,2026-09-28,5195834,5469785,Open,BM 0-57,12,False,5345443,Fierce Fiasco,4,12,62,False,W.J.Egan,A.Noblet,False,6,,Australia,Kilmore,6,2026-09-28 06:00:00+00:00,4,Fierce Fiasco,12,Sportsbet,9.000,2.750,TOP3,21.000,8.000,42.97323135755258126195,-60.4646271510516252390060000000000000000000,35.181644359464627151052000,-49.8585665449910191785060000000000000000000,-41.5252332116576858452560000000000000000000,-24.1698613108312395643386446280991735537200,
VIC,Park Kilmore,6,2000,Good,3,2026-09-28,5195834,5469785,Open,BM 0-57,12,False,5345443,Fierce Fiasco,4,12,62,False,W.J.Egan,A.Noblet,False,6,,Australia,Kilmore,6,2026-09-28 06:00:00+00:00,4,Fierce Fiasco,12,UniBet,8.500,2.750,TOP3,21.000,8.000,40.58317399617590822180,-62.6634799235181644359440000000000000000000,32.982791586998087954111000,-53.0378114743203034729440000000000000000000,-44.2142820625555975909440000000000000000000,-26.8589101617291513100266446280991735537200,
VIC,Park Kilmore,6,2000,Good,3,2026-09-28,5195834,5469785,Open,BM 0-57,12,False,5345443,Fierce Fiasco,4,12,62,False,W.J.Egan,A.Noblet,False,6,,Australia,Kilmore,6,2026-09-28 06:00:00+00:00,4,Fierce Fiasco,12,Surge ,8.500,2.800,TOP3,21.000,8.000,40.58317399617590822180,-62.6634799235181644359440000000000000000000,32.982791586998087954111000,-53.5248244613332904854440000000000000000000,-44.7012950495685846034440000000000000000000,-27.4819072944665437870562448979591836734700,
VIC,Park Kilmore,6,2000,Good,3,2026-09-28,5195834,5469785,Open,BM 0-57,12,False,5345443,Fierce Fiasco,4,12,62,False,W.J.Egan,A.Noblet,False,6,,Australia,Kilmore,6,2026-09-28 06:00:00+00:00,4,Fierce Fiasco,12,Betr,8.500,2.650,TOP3,21.000,8.000,40.58317399617590822180,-62.6634799235181644359440000000000000000000,32.982791586998087954111000,-52.0086519545947460111940000000000000000000,-43.1851225428300401291940000000000000000000,-25.5631930305480892569801338554645781416875,
NSW,Wagga,6,1200,Good,4,2026-09-28,5194203,5468767,Open,Maiden,8,False,5345449,Pure Warrior,9,10,57,False,B.A.Button,C.D.Widdison,False,1,4,Australia,Wagga,6,2026-09-28 06:20:00+00:00,9,Pure Warrior,8,Dabble,13.000,2.900,TOP3,42.000,10.000,31.00238663484486873508,-72.0978520286396181384280000000000000000000,25.775656324582338902148000,-57.7742446015839152214280000000000000000000,-52.0050138323531459904280000000000000000000,-35.0608996825315050868382259215219976218800,
NSW,Wagga,6,1200,Good,4,2026-09-28,5194203,5468767,Open,Maiden,8,False,5345449,Pure Warrior,9,10,57,False,B.A.Button,C.D.Widdison,False,1,4,Australia,Wagga,6,2026-09-28 06:20:00+00:00,9,Pure Warrior,8,Ladbrokes,13.000,2.600,TOP3,42.000,10.000,31.00238663484486873508,-72.0978520286396181384280000000000000000000,25.775656324582338902148000,-54.7901597209473104469280000000000000000000,-49.0209289517165412159280000000000000000000,-31.2694496617757128136410177514792899408300,
NSW,Wagga,6,1200,Good,4,2026-09-28,5194203,5468767,Open,Maiden,8,False,5345449,Pure Warrior,9,10,57,False,B.A.Button,C.D.Widdison,False,1,4,Australia,Wagga,6,2026-09-28 06:20:00+00:00,9,Pure Warrior,8,Sportsbet,13.000,3.100,TOP3,42.000,10.000,31.00238663484486873508,-72.0978520286396181384280000000000000000000,25.775656324582338902148000,-59.4427651800043824069280000000000000000000,-53.6735344107736131759280000000000000000000,-37.2843564711274113028962622268470343392300,
NSW,Wagga,6,1200,Good,4,2026-09-28,5194203,5468767,Open,Maiden,8,False,5345449,Pure Warrior,9,10,57,False,B.A.Button,C.D.Widdison,False,1,4,Australia,Wagga,6,2026-09-28 06:20:00+00:00,9,Pure Warrior,8,UniBet,13.000,3.000,TOP3,42.000,10.000,31.00238663484486873508,-72.0978520286396181384280000000000000000000,25.775656324582338902148000,-58.6363135671011566006780000000000000000000,-52.8670827978703873696780000000000000000000,-36.2004161312037207030946666666666666666675,
NSW,Wagga,6,1200,Good,4,2026-09-28,5194203,5468767,Open,Maiden,8,False,5345449,Pure Warrior,9,10,57,False,B.A.Button,C.D.Widdison,False,1,4,Australia,Wagga,6,2026-09-28 06:20:00+00:00,9,Pure Warrior,8,Surge ,13.000,2.900,TOP3,42.000,10.000,31.00238663484486873508,-72.0978520286396181384280000000000000000000,25.775656324582338902148000,-57.7742446015839152214280000000000000000000,-52.0050138323531459904280000000000000000000,-35.0608996825315050868382259215219976218800,
VIC,Park Kilmore,5,1100,Good,3,2026-09-28,5195834,5469784,Open,BM 58,9,False,5345481,Royal Rendezvous,2,7,60,False,L.J.Neindorf,M.W.Walker,False,2,,Australia,Kilmore,5,2026-09-28 05:30:00+00:00,2,Royal Rendezvous,9,Betr,3.300,1.320,TOP3,4.900,8.000,68.25726141078838174274,-37.2033195020746887966792000000000000000000,43.900414937759336099585000,-25.8396831384383251596792000000000000000000,-3.1124104111655978871792000000000000000000,10.6616942720299943992285134986225895316800,
VIC,Park Kilmore,5,1100,Good,3,2026-09-28,5195834,5469784,Open,BM 58,9,False,5345481,Royal Rendezvous,2,7,60,False,L.J.Neindorf,M.W.Walker,False,2,,Australia,Kilmore,5,2026-09-28 05:30:00+00:00,2,Royal Rendezvous,9,Dabble,3.200,1.340,TOP3,4.900,8.000,66.18257261410788381743,-39.1120331950207468879644000000000000000000,41.991701244813278008299000,-30.0168839412894036042144000000000000000000,-6.5793839412894036042144000000000000000000,7.6219972126424297661640250389841835598125,
VIC,Park Kilmore,5,1100,Good,3,2026-09-28,5195834,5469784,Open,BM 58,9,False,5345481,Royal Rendezvous,2,7,60,False,L.J.Neindorf,M.W.Walker,False,2,,Australia,Kilmore,5,2026-09-28 05:30:00+00:00,2,Royal Rendezvous,9,Ladbrokes,3.300,1.400,TOP3,4.900,8.000,68.25726141078838174274,-37.2033195020746887966792000000000000000000,43.900414937759336099585000,-29.0864363851915719134292000000000000000000,-6.3591636579188446409292000000000000000000,8.9469587910607471959432489795918367346925,
VIC,Park Kilmore,5,1100,Good,3,2026-09-28,5195834,5469784,Open,BM 58,9,False,5345481,Royal Rendezvous,2,7,60,False,L.J.Neindorf,M.W.Walker,False,2,,Australia,Kilmore,5,2026-09-28 05:30:00+00:00,2,Royal Rendezvous,9,Sportsbet,3.300,1.330,TOP3,4.900,8.000,68.25726141078838174274,-37.2033195020746887966792000000000000000000,43.900414937759336099585000,-26.2668875130111207854292000000000000000000,-3.5396147857383935129292000000000000000000,10.4521314972623414071486025891797162078125,
VIC,Park Kilmore,5,1100,Good,3,2026-09-28,5195834,5469784,Open,BM 58,9,False,5345481,Royal Rendezvous,2,7,60,False,L.J.Neindorf,M.W.Walker,False,2,,Australia,Kilmore,5,2026-09-28 05:30:00+00:00,2,Royal Rendezvous,9,UniBet,3.400,1.360,TOP3,4.900,8.000,70.33195020746887966805,-35.2946058091286307053940000000000000000000,45.809128630705394190871000,-24.2651940444227483521440000000000000000000,-2.2063705150109836463940000000000000000000,12.3913803500409194677720899653979238754325,
VIC,Park Kilmore,5,1100,Good,3,2026-09-28,5195834,5469784,Open,BM 58,9,False,5345481,Royal Rendezvous,2,7,60,False,L.J.Neindorf,M.W.Walker,False,2,,Australia,Kilmore,5,2026-09-28 05:30:00+00:00,2,Royal Rendezvous,9,Surge ,3.300,1.350,TOP3,4.900,8.000,68.25726141078838174274,-37.2033195020746887966792000000000000000000,43.900414937759336099585000,-27.1023094010645877861792000000000000000000,-4.3750366737918605136792000000000000000000,10.0282555072780983340841744855967078189300,
VIC,Coleraine,6,900,Good,4,2026-09-28,5197871,5482221,Paying,Trial,5,True,5345565,Positive Image,5,0,,False,L.Meech,T.Dabernig,False,1,5,,,,,,,,,,,,,,,,,,,,
VIC,Park Kilmore,6,2000,Good,3,2026-09-28,5195834,5469785,Open,BM 0-57,12,False,5345581,Charlecote Mill,15,16,56.5,True,C.B.Thompson,P.Koumis,False,12,6,,,,,,,,,,,,,,,,,,,,
VIC,Park Kilmore,3,1200,Good,3,2026-09-28,5195834,5469788,Open,Maiden,11,False,5345645,Troublen Paradise,5,20,59.5,True,J.Mcneil,"Ben, Will & Jd Hayes",False,2,,,,,,,,,,,,,,,,,,,,,
NSW,Tamworth,3,1400,Good,4,2026-09-28,5196006,5468329,Open,Maiden,9,False,5345674,Glaze,7,2,57,False,N.Palmer,Brett & Georgie Cavanough,True,1,,Australia,Tamworth,3,2026-09-28 04:50:00+00:00,7,Glaze,9,Dabble,19.000,3.400,TOP3,150.000,10.000,12.66844563042028018679,-88.5983989326217478318890000000000000000000,10.807204803202134756504000,-74.4343122453152462836390000000000000000000,-70.4869438242626147048890000000000000000000,-54.9160095682072513831441903114186851211075,
NSW,Tamworth,3,1400,Good,4,2026-09-28,5196006,5468329,Open,Maiden,9,False,5345674,Glaze,7,2,57,False,N.Palmer,Brett & Georgie Cavanough,True,1,,Australia,Tamworth,3,2026-09-28 04:50:00+00:00,7,Glaze,9,Ladbrokes,18.000,3.000,TOP3,150.000,10.000,12.00133422281521014009,-89.1987991994663108739190000000000000000000,10.206804536357571714476000,-72.5321325327996442081690000000000000000000,-68.3654658661329775411690000000000000000000,-51.6987991994663108745856666666666666666675,
NSW,Tamworth,3,1400,Good,4,2026-09-28,5196006,5468329,Open,Maiden,9,False,5345674,Glaze,7,2,57,False,N.Palmer,Brett & Georgie Cavanough,True,1,,Australia,Tamworth,3,2026-09-28 04:50:00+00:00,7,Glaze,9,Sportsbet,21.000,3.750,TOP3,150.000,10.000,14.00266844563042028019,-87.3975983989326217478290000000000000000000,12.008005336891260840560000,-74.5404555417897646050790000000000000000000,-70.9690269703611931763290000000000000000000,-56.3023603036945265095456666666666666666675,
NSW,Tamworth,3,1400,Good,4,2026-09-28,5196006,5468329,Open,Maiden,9,False,5345674,Glaze,7,2,57,False,N.Palmer,Brett & Georgie Cavanough,True,1,,Australia,Tamworth,3,2026-09-28 04:50:00+00:00,7,Glaze,9,UniBet,19.000,3.400,TOP3,150.000,10.000,12.66844563042028018679,-88.5983989326217478318890000000000000000000,10.807204803202134756504000,-74.4343122453152462836390000000000000000000,-70.4869438242626147048890000000000000000000,-54.9160095682072513831441903114186851211075,
NSW,Tamworth,3,1400,Good,4,2026-09-28,5196006,5468329,Open,Maiden,9,False,5345674,Glaze,7,2,57,False,N.Palmer,Brett & Georgie Cavanough,True,1,,Australia,Tamworth,3,2026-09-28 04:50:00+00:00,7,Glaze,9,Surge ,19.000,3.400,TOP3,150.000,10.000,12.66844563042028018679,-88.5983989326217478318890000000000000000000,10.807204803202134756504000,-74.4343122453152462836390000000000000000000,-70.4869438242626147048890000000000000000000,-54.9160095682072513831441903114186851211075,
NSW,Wagga,7,1200,Good,4,2026-09-28,5194203,5468766,Open,BM 70,8,False,5345726,Hip Hip Ole,3,5,58.5,False,C.Keatings,N.J.Olive,False,1,,Australia,Wagga,7,2026-09-28 06:55:00+00:00,3,Hip Hip Ole,8,Dabble,4.400,1.380,TOP3,9.800,10.000,45.25773195876288659794,-59.2680412371134020618540000000000000000000,31.546391752577319587629000,-39.0111242410659712318540000000000000000000,-21.9656696956114257771040000000000000000000,-7.0003262803625284867848443604284814114700,
NSW,Wagga,7,1200,Good,4,2026-09-28,5194203,5468766,Open,BM 70,8,False,5345726,Hip Hip Ole,3,5,58.5,False,C.Keatings,N.J.Olive,False,1,,Australia,Wagga,7,2026-09-28 06:55:00+00:00,3,Hip Hip Ole,8,Ladbrokes,4.400,1.500,TOP3,9.800,10.000,45.25773195876288659794,-59.2680412371134020618540000000000000000000,31.546391752577319587629000,-43.3589503280224929711040000000000000000000,-26.3134957825679475163540000000000000000000,-9.6468291159012808497706666666666666666675,
NSW,Wagga,7,1200,Good,4,2026-09-28,5194203,5468766,Open,BM 70,8,False,5345726,Hip Hip Ole,3,5,58.5,False,C.Keatings,N.J.Olive,False,1,,Australia,Wagga,7,2026-09-28 06:55:00+00:00,3,Hip Hip Ole,8,Sportsbet,4.500,1.400,TOP3,9.800,10.000,46.28865979381443298969,-58.3402061855670103092790000000000000000000,32.474226804123711340206000,-38.1021109474717722140290000000000000000000,-21.4354442808051055475290000000000000000000,-6.1293218318255137106565510204081632653075,
NSW,Wagga,7,1200,Good,4,2026-09-28,5194203,5468766,Open,BM 70,8,False,5345726,Hip Hip Ole,3,5,58.5,False,C.Keatings,N.J.Olive,False,1,,Australia,Wagga,7,2026-09-28 06:55:00+00:00,3,Hip Hip Ole,8,UniBet,4.600,1.380,TOP3,9.800,10.000,47.31958762886597938144,-57.4123711340206185567040000000000000000000,33.402061855670103092784000,-35.6732406992380098612040000000000000000000,-19.3688928731510533392040000000000000000000,-4.4035494579021560488848443604284814114700,
NSW,Wagga,7,1200,Good,4,2026-09-28,5194203,5468766,Open,BM 70,8,False,5345726,Hip Hip Ole,3,5,58.5,False,C.Keatings,N.J.Olive,False,1,,Australia,Wagga,7,2026-09-28 06:55:00+00:00,3,Hip Hip Ole,8,Surge ,4.400,1.350,TOP3,9.800,10.000,45.25773195876288659794,-59.2680412371134020618540000000000000000000,31.546391752577319587629000,-37.8033947724669374158540000000000000000000,-20.7579402270123919611040000000000000000000,-6.3546480459424331133406255144032921810700,
VIC,Southside Cranbourne,13,1000,Good,4,2026-09-28,5197870,5482057,Nominations,Trial,9,True,5345758,Decalogue,0,,,False,,C.Maher,False,10,,,,,,,,,,,,,,,,,,,,,
WA,Bunbury,7,1695,Soft,5,2026-09-28,5196062,5466017,Open,BM 58,12,False,5345778,Sweet Issy,9,5,57,False,H.M.Watson,J.Krispyn,False,4,,Australia,Bunbury,7,2026-09-28 08:54:00+00:00,9,Sweet Issy,12,Betr,13.000,2.650,TOP3,70.000,8.000,18.57837528604118993135,-82.9078947368421052631580000000000000000000,15.789473684210526315789000,-66.1444694828508135364080000000000000000000,-60.3752387136200443054080000000000000000000,-42.7533092013380934331941338554645781416875,
WA,Bunbury,7,1695,Soft,5,2026-09-28,5196062,5466017,Open,BM 58,12,False,5345778,Sweet Issy,9,5,57,False,H.M.Watson,J.Krispyn,False,4,,Australia,Bunbury,7,2026-09-28 08:54:00+00:00,9,Sweet Issy,12,Dabble,12.000,2.750,TOP3,70.000,8.000,17.14816933638443935927,-84.2236842105263157894716000000000000000000,14.473684210526315789474000,-69.4509569377990430619716000000000000000000,-63.2009569377990430622216000000000000000000,-45.8455850369725967813042446280991735537200,
WA,Bunbury,7,1695,Soft,5,2026-09-28,5196062,5466017,Open,BM 58,12,False,5345778,Sweet Issy,9,5,57,False,H.M.Watson,J.Krispyn,False,4,,Australia,Bunbury,7,2026-09-28 08:54:00+00:00,9,Sweet Issy,12,Ladbrokes,13.000,2.400,TOP3,70.000,8.000,18.57837528604118993135,-82.9078947368421052631580000000000000000000,15.789473684210526315789000,-63.1963562753036437249080000000000000000000,-57.4271255060728744939080000000000000000000,-39.1979588394062078271996666666666666666675,
WA,Bunbury,7,1695,Soft,5,2026-09-28,5196062,5466017,Open,BM 58,12,False,5345778,Sweet Issy,9,5,57,False,H.M.Watson,J.Krispyn,False,4,,Australia,Bunbury,7,2026-09-28 08:54:00+00:00,9,Sweet Issy,12,Sportsbet,12.000,2.380,TOP3,70.000,8.000,17.14816933638443935927,-84.2236842105263157894716000000000000000000,14.473684210526315789474000,-65.2110791685095090664716000000000000000000,-58.9610791685095090667216000000000000000000,-40.6890644802812765972934169620789492267500,
WA,Bunbury,7,1695,Soft,5,2026-09-28,5196062,5466017,Open,BM 58,12,False,5345778,Sweet Issy,9,5,57,False,H.M.Watson,J.Krispyn,False,4,,Australia,Bunbury,7,2026-09-28 08:54:00+00:00,9,Sweet Issy,12,UniBet,12.000,2.700,TOP3,70.000,8.000,17.14816933638443935927,-84.2236842105263157894716000000000000000000,14.473684210526315789474000,-68.9459064327485380112216000000000000000000,-62.6959064327485380114716000000000000000000,-45.2061944985921594106557563786008230452675,
WA,Bunbury,7,1695,Soft,5,2026-09-28,5196062,5466017,Open,BM 58,12,False,5345778,Sweet Issy,9,5,57,False,H.M.Watson,J.Krispyn,False,4,,Australia,Bunbury,7,2026-09-28 08:54:00+00:00,9,Sweet Issy,12,Surge ,12.000,2.700,TOP3,70.000,8.000,17.14816933638443935927,-84.2236842105263157894716000000000000000000,14.473684210526315789474000,-68.9459064327485380112216000000000000000000,-62.6959064327485380114716000000000000000000,-45.2061944985921594106557563786008230452675,
SA,Morphettville Parks,15,1000,Good,4,2026-09-28,5197445,5482074,Paying,Trial,8,True,5345793,Olympia Fields,5,0,,False,M.Cox,G.B.Kluske,False,1,,,,,,,,,,,,,,,,,,,,,
NSW,Wagga,1,1000,Good,0,2026-09-28,5197836,5482019,FinalFields,Trial,10,True,5345819,No Doubt Sandy,8,3,,False,,D.L.Scott,True,1,,,,,,,,,,,,,,,,,,,,,
NSW,Tamworth,3,1400,Good,4,2026-09-28,5196006,5468329,Open,Maiden,9,False,5345911,Kenisis,8,6,57,False,B.Looker,L.Mary,False,2,,Australia,Tamworth,3,2026-09-28 04:50:00+00:00,8,Kenisis,9,Dabble,4.800,1.400,TOP3,8.200,10.000,59.13580246913580246914,-46.7777777777777777777740000000000000000000,42.222222222222222222222000,-24.4563492063492063490240000000000000000000,-8.8313492063492063492740000000000000000000,6.4747732426303854875984489795918367346925,
NSW,Tamworth,3,1400,Good,4,2026-09-28,5196006,5468329,Open,Maiden,9,False,5345911,Kenisis,8,6,57,False,B.Looker,L.Mary,False,2,,Australia,Tamworth,3,2026-09-28 04:50:00+00:00,8,Kenisis,9,Ladbrokes,4.800,1.280,TOP3,8.200,10.000,59.13580246913580246914,-46.7777777777777777777740000000000000000000,42.222222222222222222222000,-19.4340277777777777772740000000000000000000,-3.8090277777777777775240000000000000000000,9.0083550347222222224760000000000000000000,
NSW,Tamworth,3,1400,Good,4,2026-09-28,5196006,5468329,Open,Maiden,9,False,5345911,Kenisis,8,6,57,False,B.Looker,L.Mary,False,2,,Australia,Tamworth,3,2026-09-28 04:50:00+00:00,8,Kenisis,9,Sportsbet,5.000,1.330,TOP3,8.200,10.000,61.60493827160493827160,-44.5555555555555555555600000000000000000000,44.444444444444444444444000,-18.1645781119465329993100000000000000000000,-3.1645781119465329993100000000000000000000,10.8271681710542019207678025891797162078125,
NSW,Tamworth,3,1400,Good,4,2026-09-28,5196006,5468329,Open,Maiden,9,False,5345911,Kenisis,8,6,57,False,B.Looker,L.Mary,False,2,,Australia,Tamworth,3,2026-09-28 04:50:00+00:00,8,Kenisis,9,UniBet,4.800,1.360,TOP3,8.200,10.000,59.13580246913580246914,-46.7777777777777777777740000000000000000000,42.222222222222222222222000,-22.8807189542483660125240000000000000000000,-7.2557189542483660127740000000000000000000,7.3420319108035371013920899653979238754325,
NSW,Tamworth,3,1400,Good,4,2026-09-28,5196006,5468329,Open,Maiden,9,False,5345911,Kenisis,8,6,57,False,B.Looker,L.Mary,False,2,,Australia,Tamworth,3,2026-09-28 04:50:00+00:00,8,Kenisis,9,Surge ,4.800,1.400,TOP3,8.200,10.000,59.13580246913580246914,-46.7777777777777777777740000000000000000000,42.222222222222222222222000,-24.4563492063492063490240000000000000000000,-8.8313492063492063492740000000000000000000,6.4747732426303854875984489795918367346925,
NSW,Tamworth,4,1400,Good,4,2026-09-28,5196006,5468326,Open,BM 64,7,False,5345926,Hinto,3,4,56.5,False,M.Weir,T.G.O'Neile,False,7,3,Australia,Tamworth,4,2026-09-28 05:25:00+00:00,3,Hinto,7,Betr,5.500,2.450,TOP2,15.000,10.000,36.84563758389261744966,-66.8389261744966442953060000000000000000000,27.181208053691275167785000,-49.8630449129010969853060000000000000000000,-31.7455938508436209336552294877134527280300,-14.67700813556914745227444166867165059123465864303034918291195132848471265530241200,
NSW,Tamworth,4,1400,Good,4,2026-09-28,5196006,5468326,Open,BM 64,7,False,5345926,Hinto,3,4,56.5,False,M.Weir,T.G.O'Neile,False,7,3,Australia,Tamworth,4,2026-09-28 05:25:00+00:00,3,Hinto,7,Dabble,5.000,2.600,TOP2,15.000,10.000,33.48993288590604026846,-69.8590604026845637583860000000000000000000,24.161073825503355704698000,-56.0129065565307176048860000000000000000000,-38.2614272665898892025990177514792899408300,-20.61498631564279351256883673540842407479092748853331465985086370925387766534785200,
NSW,Tamworth,4,1400,Good,4,2026-09-28,5196006,5468326,Open,BM 64,7,False,5345926,Hinto,3,4,56.5,False,M.Weir,T.G.O'Neile,False,7,3,Australia,Tamworth,4,2026-09-28 05:25:00+00:00,3,Hinto,7,Ladbrokes,5.500,2.600,TOP2,15.000,10.000,36.84563758389261744966,-66.8389261744966442953060000000000000000000,27.181208053691275167785000,-51.6291359647064345053060000000000000000000,-33.8776566747656061030190177514792899408300,-16.23121572381851041298883673540842407479092748853331465985086370925387766534785200,
NSW,Tamworth,4,1400,Good,4,2026-09-28,5196006,5468326,Open,BM 64,7,False,5345926,Hinto,3,4,56.5,False,M.Weir,T.G.O'Neile,False,7,3,Australia,Tamworth,4,2026-09-28 05:25:00+00:00,3,Hinto,7,Sportsbet,5.000,2.380,TOP2,15.000,10.000,33.48993288590604026846,-69.8590604026845637583860000000000000000000,24.161073825503355704698000,-53.3464553606677570358860000000000000000000,-35.0744406724395245664578169620789492267500,-18.33659909799586722623952992723859421269777505871438079545654801663205897220750000,
NSW,Tamworth,4,1400,Good,4,2026-09-28,5196006,5468326,Open,BM 64,7,False,5345926,Hinto,3,4,56.5,False,M.Weir,T.G.O'Neile,False,7,3,Australia,Tamworth,4,2026-09-28 05:25:00+00:00,3,Hinto,7,UniBet,5.500,2.500,TOP2,15.000,10.000,36.84563758389261744966,-66.8389261744966442953060000000000000000000,27.181208053691275167785000,-50.4752898108602806588060000000000000000000,-32.4752898108602806588060000000000000000000,-15.19528981086028065880600000000000000000000000000000000000000000000000000000000000,
NSW,Tamworth,4,1400,Good,4,2026-09-28,5196006,5468326,Open,BM 64,7,False,5345926,Hinto,3,4,56.5,False,M.Weir,T.G.O'Neile,False,7,3,Australia,Tamworth,4,2026-09-28 05:25:00+00:00,3,Hinto,7,Surge ,5.500,2.500,TOP2,15.000,10.000,36.84563758389261744966,-66.8389261744966442953060000000000000000000,27.181208053691275167785000,-50.4752898108602806588060000000000000000000,-32.4752898108602806588060000000000000000000,-15.19528981086028065880600000000000000000000000000000000000000000000000000000000000,
VIC,Park Kilmore,2,1450,Good,4,2026-09-28,5195834,5469787,Paying,Maiden,10,False,5345968,Galactic Girl,4,3,58,False,W.J.Egan,R.D.Griffiths,False,6,,,,,,,,,,,,,,,,,,,,,
SA,Morphettville Parks,11,1000,Good,4,2026-09-28,5197445,5482081,Paying,Trial,9,True,5346090,More Than Hope,5,0,,False,C.P.Murtagh,C.J.Reardon,False,1,,,,,,,,,,,,,,,,,,,,,
VIC,Park Kilmore,3,1200,Good,3,2026-09-28,5195834,5469788,Open,Maiden,11,False,5346192,Whollstoplorraine,15,17,57.5,False,N.Daniels,Pat Carey & Harris Walker,False,1,,Australia,Kilmore,3,2026-09-28 04:30:00+00:00,15,Whollstoplorraine,11,Betr,101.000,9.500,TOP3,920.000,8.000,10.97812853291590573093,-89.9001217497173667275444000000000000000000,10.000869640838333768154000,-83.4905334224635887177944000000000000000000,-82.7479591650378461435444000000000000000000,-75.6842472536805054230423224376731301939075,
VIC,Park Kilmore,3,1200,Good,3,2026-09-28,5195834,5469788,Open,Maiden,11,False,5346192,Whollstoplorraine,15,17,57.5,False,N.Daniels,Pat Carey & Harris Walker,False,1,,Australia,Kilmore,3,2026-09-28 04:30:00+00:00,15,Whollstoplorraine,11,Dabble,101.000,9.000,TOP3,920.000,8.000,10.97812853291590573093,-89.9001217497173667275444000000000000000000,10.000869640838333768154000,-83.0519369312355185427944000000000000000000,-82.3093626738097759685444000000000000000000,-74.9019552664023685612018074074074074074075,
VIC,Park Kilmore,3,1200,Good,3,2026-09-28,5195834,5469788,Open,Maiden,11,False,5346192,Whollstoplorraine,15,17,57.5,False,N.Daniels,Pat Carey & Harris Walker,False,1,,Australia,Kilmore,3,2026-09-28 04:30:00+00:00,15,Whollstoplorraine,11,Ladbrokes,101.000,10.000,TOP3,920.000,8.000,10.97812853291590573093,-89.9001217497173667275444000000000000000000,10.000869640838333768154000,-83.8852702645688518760444000000000000000000,-83.1426960071431093017944000000000000000000,-76.3926960071431093017944000000000000000000,
VIC,Park Kilmore,3,1200,Good,3,2026-09-28,5195834,5469788,Open,Maiden,11,False,5346192,Whollstoplorraine,15,17,57.5,False,N.Daniels,Pat Carey & Harris Walker,False,1,,Australia,Kilmore,3,2026-09-28 04:30:00+00:00,15,Whollstoplorraine,11,Sportsbet,81.000,12.250,TOP3,920.000,8.000,8.80402643708148534655,-91.9002956778850334811740000000000000000000,8.000695712670667014523000,-87.6296985501450485976740000000000000000000,-86.7037726242191226719240000000000000000000,-81.0811153980633542418469487713452728030000,
VIC,Park Kilmore,3,1200,Good,3,2026-09-28,5195834,5469788,Open,Maiden,11,False,5346192,Whollstoplorraine,15,17,57.5,False,N.Daniels,Pat Carey & Harris Walker,False,1,,Australia,Kilmore,3,2026-09-28 04:30:00+00:00,15,Whollstoplorraine,11,UniBet,91.000,8.000,TOP3,920.000,8.000,9.89107748499869553874,-90.9002087138012001043592000000000000000000,9.000782676754500391338000,-83.1735603621528484558592000000000000000000,-82.3493845379770242801092000000000000000000,-74.1462595379770242801092000000000000000000,
VIC,Park Kilmore,3,1200,Good,3,2026-09-28,5195834,5469788,Open,Maiden,11,False,5346192,Whollstoplorraine,15,17,57.5,False,N.Daniels,Pat Carey & Harris Walker,False,1,,Australia,Kilmore,3,2026-09-28 04:30:00+00:00,15,Whollstoplorraine,11,Surge ,101.000,8.500,TOP3,920.000,8.000,10.97812853291590573093,-89.9001217497173667275444000000000000000000,10.000869640838333768154000,-82.5617408528041459940444000000000000000000,-81.8191665953784034197944000000000000000000,-74.0336994673507217591646422145328719723200,
VIC,Southside Cranbourne,6,800,Good,4,2026-09-28,5197870,5482050,Nominations,Trial,8,True,5346343,Ulfberht,0,,,False,,R.D.Griffiths,False,1,,,,,,,,,,,,,,,,,,,,,
NSW,Warwick Farm,1,1200,Soft,5,2026-09-28,5197463,5477873,Paying,Trial,9,True,5346344,Awesome Artist,5,0,,False,J.Ford,D.A.Pfieffer,False,1,,,,,,,,,,,,,,,,,,,,,
VIC,Park Kilmore,7,1600,Good,3,2026-09-28,5195834,5469786,Open,BM 0-57,14,False,5346438,Spietata,7,7,61,False,L.King,H.Powell,False,9,2,Australia,Kilmore,7,2026-09-28 06:30:00+00:00,7,Spietata,14,Betr,9.000,2.900,TOP3,23.000,8.000,39.22338568935427574171,-63.9144851657940663176268000000000000000000,32.111692844677137870855000,-54.7190828669434916051268000000000000000000,-46.3857495336101582718768000000000000000000,-29.4416353837885173682870259215219976218800,
VIC,Park Kilmore,7,1600,Good,3,2026-09-28,5195834,5469786,Open,BM 0-57,14,False,5346438,Spietata,7,7,61,False,L.King,H.Powell,False,9,2,Australia,Kilmore,7,2026-09-28 06:30:00+00:00,7,Spietata,14,Dabble,9.000,3.000,TOP3,23.000,8.000,39.22338568935427574171,-63.9144851657940663176268000000000000000000,32.111692844677137870855000,-55.5811518324607329843768000000000000000000,-47.2478184991273996511268000000000000000000,-30.5811518324607329845434666666666666666675,
VIC,Park Kilmore,7,1600,Good,3,2026-09-28,5195834,5469786,Open,BM 0-57,14,False,5346438,Spietata,7,7,61,False,L.King,H.Powell,False,9,2,Australia,Kilmore,7,2026-09-28 06:30:00+00:00,7,Spietata,14,Ladbrokes,9.500,3.100,TOP3,23.000,8.000,41.40488656195462478185,-61.9075043630017452006980000000000000000000,34.118673647469458987784000,-53.5034296601154973236980000000000000000000,-45.6086928180102341654480000000000000000000,-29.2195148783640322924162622268470343392300,
VIC,Park Kilmore,7,1600,Good,3,2026-09-28,5195834,5469786,Open,BM 0-57,14,False,5346438,Spietata,7,7,61,False,L.King,H.Powell,False,9,2,Australia,Kilmore,7,2026-09-28 06:30:00+00:00,7,Spietata,14,Sportsbet,10.000,3.000,TOP3,23.000,8.000,43.58638743455497382199,-59.9005235602094240837692000000000000000000,36.125654450261780104712000,-49.9005235602094240840192000000000000000000,-42.4005235602094240840192000000000000000000,-25.7338568935427574174358666666666666666675,
VIC,Park Kilmore,7,1600,Good,3,2026-09-28,5195834,5469786,Open,BM 0-57,14,False,5346438,Spietata,7,7,61,False,L.King,H.Powell,False,9,2,Australia,Kilmore,7,2026-09-28 06:30:00+00:00,7,Spietata,14,UniBet,9.500,3.100,TOP3,23.000,8.000,41.40488656195462478185,-61.9075043630017452006980000000000000000000,34.118673647469458987784000,-53.5034296601154973236980000000000000000000,-45.6086928180102341654480000000000000000000,-29.2195148783640322924162622268470343392300,
VIC,Park Kilmore,7,1600,Good,3,2026-09-28,5195834,5469786,Open,BM 0-57,14,False,5346438,Spietata,7,7,61,False,L.King,H.Powell,False,9,2,Australia,Kilmore,7,2026-09-28 06:30:00+00:00,7,Spietata,14,Surge ,10.000,3.300,TOP3,23.000,8.000,43.58638743455497382199,-59.9005235602094240837692000000000000000000,36.125654450261780104712000,-52.1732508329366968112692000000000000000000,-44.6732508329366968112692000000000000000000,-28.8330304472617656818821476584022038567500,
NSW,Tamworth,2,1200,Good,4,2026-09-28,5196006,5468330,Interim,Maiden,9,False,5346450,Hidden Detail,3,3,57.5,False,A.Bullock,T.G.O'Neile,False,2,,,,,,,,,,,,,,,,,,,,,
NSW,Wagga,4,1000,Good,4,2026-09-28,5194203,5468763,Open,BM 64,9,False,5346473,Bombay Boom,1,1,61,False,N.Heywood,M.J.Dale,False,4,,Australia,Wagga,4,2026-09-28 05:10:00+00:00,1,Bombay Boom,9,Dabble,2.100,1.180,TOP3,2.700,10.000,80.38461538461538461538,-27.6538461538461538461580000000000000000000,38.076923076923076923077000,-35.5230955485192773331580000000000000000000,0.1911901657664369528420000000000000000000,9.8866799675475343384740022981901752370000,
NSW,Wagga,4,1000,Good,4,2026-09-28,5194203,5468763,Open,BM 64,9,False,5346473,Bombay Boom,1,1,61,False,N.Heywood,M.J.Dale,False,4,,Australia,Wagga,4,2026-09-28 05:10:00+00:00,1,Bombay Boom,9,Ladbrokes,2.150,1.220,TOP3,2.700,10.000,82.30769230769230769231,-25.9230769230769230769210000000000000000000,39.807692307692307692308000,-34.2151089474764655851710000000000000000000,0.6686119827560925543290000000000000000000,11.7543416253252943816296584251545283525925,
NSW,Wagga,4,1000,Good,4,2026-09-28,5194203,5468763,Open,BM 64,9,False,5346473,Bombay Boom,1,1,61,False,N.Heywood,M.J.Dale,False,4,,Australia,Wagga,4,2026-09-28 05:10:00+00:00,1,Bombay Boom,9,Sportsbet,2.100,1.200,TOP3,2.700,10.000,80.38461538461538461538,-27.6538461538461538461580000000000000000000,38.076923076923076923077000,-36.5824175824175824184080000000000000000000,-0.8681318681318681324080000000000000000000,9.5485347985347985344253333333333333333325,
NSW,Wagga,4,1000,Good,4,2026-09-28,5194203,5468763,Open,BM 64,9,False,5346473,Bombay Boom,1,1,61,False,N.Heywood,M.J.Dale,False,4,,Australia,Wagga,4,2026-09-28 05:10:00+00:00,1,Bombay Boom,9,UniBet,2.150,1.180,TOP3,2.700,10.000,82.30769230769230769231,-25.9230769230769230769210000000000000000000,39.807692307692307692308000,-32.1311967496437342709210000000000000000000,2.7525241805888238685790000000000000000000,12.4480139823699212542110022981901752370000,
NSW,Wagga,4,1000,Good,4,2026-09-28,5194203,5468763,Open,BM 64,9,False,5346473,Bombay Boom,1,1,61,False,N.Heywood,M.J.Dale,False,4,,Australia,Wagga,4,2026-09-28 05:10:00+00:00,1,Bombay Boom,9,Surge ,2.100,1.180,TOP3,2.700,10.000,80.38461538461538461538,-27.6538461538461538461580000000000000000000,38.076923076923076923077000,-35.5230955485192773331580000000000000000000,0.1911901657664369528420000000000000000000,9.8866799675475343384740022981901752370000,
NSW,Tamworth,2,1200,Good,4,2026-09-28,5196006,5468330,Interim,Maiden,9,False,5346578,Ruairi,12,9,55,False,J.Pracey-Holmes,P.J.Isaac,False,10,3,,,,,,,,,,,,,,,,,,,,
VIC,Park Kilmore,2,1450,Good,4,2026-09-28,5195834,5469787,Paying,Maiden,10,False,5346601,Angelotti,11,5,58,True,M.Castle,J.R.Laing,False,3,,,,,,,,,,,,,,,,,,,,,
WA,Bunbury,4,2025,Soft,5,2026-09-28,5196062,5466015,Open,Maiden,11,False,5346653,Pure N Simple,13,2,56,False,J.K.Tsang,R.A.Lockwood,False,5,,Australia,Bunbury,4,2026-09-28 07:04:00+00:00,13,Pure N Simple,11,Betr,19.000,3.900,TOP3,600.000,8.000,3.16542205627416988932,-97.0878117082277637018256000000000000000000,2.760368049073209761302000,-85.7517793195637960898256000000000000000000,-81.8044108985111645110756000000000000000000,-67.5046081371699416312600181459566074950700,
WA,Bunbury,4,2025,Soft,5,2026-09-28,5196062,5466015,Open,Maiden,11,False,5346653,Pure N Simple,13,2,56,False,J.K.Tsang,R.A.Lockwood,False,5,,Australia,Bunbury,4,2026-09-28 07:04:00+00:00,13,Pure N Simple,11,Dabble,18.000,3.800,TOP3,600.000,8.000,2.99873316442192292306,-97.2411654887318309107848000000000000000000,2.607014268569142552340000,-85.8376567168020063502848000000000000000000,-81.6709900501353396832848000000000000000000,-67.1280537620466970241172099722991689750700,
WA,Bunbury,4,2025,Soft,5,2026-09-28,5196062,5466015,Open,Maiden,11,False,5346653,Pure N Simple,13,2,56,False,J.K.Tsang,R.A.Lockwood,False,5,,Australia,Bunbury,4,2026-09-28 07:04:00+00:00,13,Pure N Simple,11,Ladbrokes,19.000,3.900,TOP3,600.000,8.000,3.16542205627416988932,-97.0878117082277637018256000000000000000000,2.760368049073209761302000,-85.7517793195637960898256000000000000000000,-81.8044108985111645110756000000000000000000,-67.5046081371699416312600181459566074950700,
WA,Bunbury,4,2025,Soft,5,2026-09-28,5196062,5466015,Open,Maiden,11,False,5346653,Pure N Simple,13,2,56,False,J.K.Tsang,R.A.Lockwood,False,5,,Australia,Bunbury,4,2026-09-28 07:04:00+00:00,13,Pure N Simple,11,Sportsbet,20.000,4.330,TOP3,600.000,8.000,3.33211094812641685558,-96.9344579277236964928664000000000000000000,2.913721829577276970263000,-87.1134417614419412968664000000000000000000,-83.3634417614419412968664000000000000000000,-70.0426602755947715964080051074996399788800,
WA,Bunbury,4,2025,Soft,5,2026-09-28,5196062,5466015,Open,Maiden,11,False,5346653,Pure N Simple,13,2,56,False,J.K.Tsang,R.A.Lockwood,False,5,,Australia,Bunbury,4,2026-09-28 07:04:00+00:00,13,Pure N Simple,11,UniBet,18.000,4.200,TOP3,600.000,8.000,2.99873316442192292306,-97.2411654887318309107848000000000000000000,2.607014268569142552340000,-87.7173559649223071017848000000000000000000,-83.5506892982556404347848000000000000000000,-69.9452471213848921353902421768707482993200,
WA,Bunbury,4,2025,Soft,5,2026-09-28,5196062,5466015,Open,Maiden,11,False,5346653,Pure N Simple,13,2,56,False,J.K.Tsang,R.A.Lockwood,False,5,,Australia,Bunbury,4,2026-09-28 07:04:00+00:00,13,Pure N Simple,11,Surge ,19.000,3.800,TOP3,600.000,8.000,3.16542205627416988932,-97.0878117082277637018256000000000000000000,2.760368049073209761302000,-85.2457064450698689648256000000000000000000,-81.2983380240172373860756000000000000000000,-66.7554017359285947269080099722991689750700,
VIC,Park Kilmore,2,1450,Good,4,2026-09-28,5195834,5469787,Paying,Maiden,10,False,5346658,Deelamour,13,10,58,False,W.Gordon,J.W.Edwards,False,1,,,,,,,,,,,,,,,,,,,,,
VIC,Southside Cranbourne,8,800,Good,4,2026-09-28,5197870,5482052,Nominations,Trial,8,True,5346797,Zeffirelli,0,,,False,,A.G.Rae,False,1,,,,,,,,,,,,,,,,,,,,,
VIC,Park Kilmore,4,1100,Good,3,2026-09-28,5195834,5469790,Open,Maiden,10,False,5346801,Weasel Sea,6,7,59.5,False,D.W.Stackhouse,J.Warren,False,2,,Australia,Kilmore,4,2026-09-28 05:00:00+00:00,6,Weasel Sea,10,Betr,4.400,1.500,TOP3,6.200,8.000,71.73202614379084967320,-34.0065359477124183006560000000000000000000,51.111111111111111111111000,-18.0974450386215092099060000000000000000000,-1.0519904931669637551560000000000000000000,15.6146761734997029114273333333333333333325,
VIC,Park Kilmore,4,1100,Good,3,2026-09-28,5195834,5469790,Open,Maiden,10,False,5346801,Weasel Sea,6,7,59.5,False,D.W.Stackhouse,J.Warren,False,2,,Australia,Kilmore,4,2026-09-28 05:00:00+00:00,6,Weasel Sea,10,Dabble,4.200,1.500,TOP3,6.200,8.000,68.46405228758169934641,-37.0130718954248366013028000000000000000000,48.104575163398692810458000,-22.7273576097105508870528000000000000000000,-4.8702147525676937440528000000000000000000,11.7964519140989729225305333333333333333325,
VIC,Park Kilmore,4,1100,Good,3,2026-09-28,5195834,5469790,Open,Maiden,10,False,5346801,Weasel Sea,6,7,59.5,False,D.W.Stackhouse,J.Warren,False,2,,Australia,Kilmore,4,2026-09-28 05:00:00+00:00,6,Weasel Sea,10,Ladbrokes,4.500,1.600,TOP3,6.200,8.000,73.36601307189542483660,-32.5032679738562091503280000000000000000000,52.614379084967320261438000,-18.9616013071895424833280000000000000000000,-2.2949346405228758168280000000000000000000,15.2831903594771241831720000000000000000000,
VIC,Park Kilmore,4,1100,Good,3,2026-09-28,5195834,5469790,Open,Maiden,10,False,5346801,Weasel Sea,6,7,59.5,False,D.W.Stackhouse,J.Warren,False,2,,Australia,Kilmore,4,2026-09-28 05:00:00+00:00,6,Weasel Sea,10,Sportsbet,4.600,1.500,TOP3,6.200,8.000,75.00000000000000000000,-31.0000000000000000000000000000000000000000,54.117647058823529411765000,-13.6086956521739130437500000000000000000000,2.6956521739130434782500000000000000000000,19.3623188405797101448333333333333333333325,
VIC,Park Kilmore,4,1100,Good,3,2026-09-28,5195834,5469790,Open,Maiden,10,False,5346801,Weasel Sea,6,7,59.5,False,D.W.Stackhouse,J.Warren,False,2,,Australia,Kilmore,4,2026-09-28 05:00:00+00:00,6,Weasel Sea,10,UniBet,4.400,1.550,TOP3,6.200,8.000,71.73202614379084967320,-34.0065359477124183006560000000000000000000,51.111111111111111111111000,-19.7103482644279608231560000000000000000000,-2.6648937189734153684060000000000000000000,14.5047212654178437367209510926118626430800,
VIC,Park Kilmore,4,1100,Good,3,2026-09-28,5195834,5469790,Open,Maiden,10,False,5346801,Weasel Sea,6,7,59.5,False,D.W.Stackhouse,J.Warren,False,2,,Australia,Kilmore,4,2026-09-28 05:00:00+00:00,6,Weasel Sea,10,Surge ,4.600,1.600,TOP3,6.200,8.000,75.00000000000000000000,-31.0000000000000000000000000000000000000000,54.117647058823529411765000,-16.7336956521739130440000000000000000000000,-0.4293478260869565220000000000000000000000,17.1487771739130434780000000000000000000000,
NSW,Wagga,5,1600,Good,4,2026-09-28,5194203,5468769,Open,Maiden,10,False,5346813,Vespasian,8,11,59,True,,"Ben, Will & Jd Hayes",False,6,,Australia,Wagga,5,2026-09-28 05:45:00+00:00,8,Vespasian,10,Sportsbet,5.500,1.880,TOP3,250.000,10.000,2.19687875150060024010,-98.0228091236494597839100000000000000000000,1.620648259303721488595000,-85.4019193751001367659100000000000000000000,-71.7655557387365004024100000000000000000000,-53.0919477713304343091755047532820280670000,
SA,Morphettville Parks,16,1000,Good,4,2026-09-28,5197445,5482075,Paying,Trial,8,True,5346930,Cold Copy,3,0,,False,T.J.Pannell,M.J.Seyers,True,1,,,,,,,,,,,,,,,,,,,,,
WA,Bunbury,5,1000,Soft,5,2026-09-28,5196062,5466016,Open,BM 58,8,False,5346945,Arties Eclipse,3,7,58,False,A.S.Catarino,D.W.Catarino,False,4,,Australia,Bunbury,5,2026-09-28 07:42:00+00:00,3,Arties Eclipse,8,Betr,12.000,2.600,TOP3,50.000,8.000,24.01842948717948717949,-77.9030448717948717948692000000000000000000,20.272435897435897435897000,-61.5568910256410256408692000000000000000000,-55.3068910256410256411192000000000000000000,-37.5554117357001972388322177514792899408300,
WA,Bunbury,5,1000,Soft,5,2026-09-28,5196062,5466016,Open,BM 58,8,False,5346945,Arties Eclipse,3,7,58,False,A.S.Catarino,D.W.Catarino,False,4,,Australia,Bunbury,5,2026-09-28 07:42:00+00:00,3,Arties Eclipse,8,Dabble,11.000,2.650,TOP3,50.000,8.000,22.01522435897435897436,-79.7459935897435897435888000000000000000000,18.429487179487179487179000,-65.0804704336543959183388000000000000000000,-58.2622886154725777365888000000000000000000,-40.6403591031906268643749338554645781416875,
WA,Bunbury,5,1000,Soft,5,2026-09-28,5196062,5466016,Open,BM 58,8,False,5346945,Arties Eclipse,3,7,58,False,A.S.Catarino,D.W.Catarino,False,4,,Australia,Bunbury,5,2026-09-28 07:42:00+00:00,3,Arties Eclipse,8,Ladbrokes,11.000,2.450,TOP3,50.000,8.000,22.01522435897435897436,-79.7459935897435897435888000000000000000000,18.429487179487179487179000,-62.7701123281480424335888000000000000000000,-55.9519305099662242518388000000000000000000,-37.8344794479087482001880294877134527280300,
WA,Bunbury,5,1000,Soft,5,2026-09-28,5196062,5466016,Open,BM 58,8,False,5346945,Arties Eclipse,3,7,58,False,A.S.Catarino,D.W.Catarino,False,4,,Australia,Bunbury,5,2026-09-28 07:42:00+00:00,3,Arties Eclipse,8,Sportsbet,12.000,2.630,TOP3,50.000,8.000,24.01842948717948717949,-77.9030448717948717948692000000000000000000,20.272435897435897435897000,-61.8859346056351759766192000000000000000000,-55.6359346056351759768692000000000000000000,-37.9618320452396230557007611039627578828675,
WA,Bunbury,5,1000,Soft,5,2026-09-28,5196062,5466016,Open,BM 58,8,False,5346945,Arties Eclipse,3,7,58,False,A.S.Catarino,D.W.Catarino,False,4,,Australia,Bunbury,5,2026-09-28 07:42:00+00:00,3,Arties Eclipse,8,UniBet,13.000,2.900,TOP3,50.000,8.000,26.02163461538461538462,-76.0600961538461538461496000000000000000000,22.115384615384615384615000,-61.7364887267904509291496000000000000000000,-55.9672579575596816981496000000000000000000,-39.0231438077380407945598259215219976218800,
WA,Bunbury,5,1000,Soft,5,2026-09-28,5196062,5466016,Open,BM 58,8,False,5346945,Arties Eclipse,3,7,58,False,A.S.Catarino,D.W.Catarino,False,4,,Australia,Bunbury,5,2026-09-28 07:42:00+00:00,3,Arties Eclipse,8,Surge ,12.000,2.700,TOP3,50.000,8.000,24.01842948717948717949,-77.9030448717948717948692000000000000000000,20.272435897435897435897000,-62.6252670940170940166192000000000000000000,-56.3752670940170940168692000000000000000000,-38.8855551598607154160533563786008230452675,
NSW,Wagga,5,1600,Good,4,2026-09-28,5194203,5468769,Open,Maiden,10,False,5346975,Masakari,4,3,59,False,B.A.Button,John & Chris Ledger,False,5,,Australia,Wagga,5,2026-09-28 05:45:00+00:00,4,Masakari,10,Dabble,8.500,2.400,TOP3,250.000,10.000,3.39735894357743097239,-96.9423769507803121248490000000000000000000,2.701080432172869147659000,-83.3394357743097238885990000000000000000000,-74.5159063625450180065990000000000000000000,-56.2867396958783513398906666666666666666675,
NSW,Wagga,5,1600,Good,4,2026-09-28,5194203,5468769,Open,Maiden,10,False,5346975,Masakari,4,3,59,False,B.A.Button,John & Chris Ledger,False,5,,Australia,Wagga,5,2026-09-28 05:45:00+00:00,4,Masakari,10,Ladbrokes,9.000,2.250,TOP3,250.000,10.000,3.59743897559023609444,-96.7623049219687875150040000000000000000000,2.881152460984393757503000,-80.0956382553021208485040000000000000000000,-71.7623049219687875152540000000000000000000,-53.2437864034502689967725185185185185185200,
NSW,Wagga,5,1600,Good,4,2026-09-28,5194203,5468769,Open,Maiden,10,False,5346975,Masakari,4,3,59,False,B.A.Button,John & Chris Ledger,False,5,,Australia,Wagga,5,2026-09-28 05:45:00+00:00,4,Masakari,10,Sportsbet,8.500,2.200,TOP3,250.000,10.000,3.39735894357743097239,-96.9423769507803121248490000000000000000000,2.701080432172869147659000,-80.4985266834006329800990000000000000000000,-71.6749972716359270980990000000000000000000,-53.0799559493218775113531322314049586776875,
NSW,Wagga,5,1600,Good,4,2026-09-28,5194203,5468769,Open,Maiden,10,False,5346975,Masakari,4,3,59,False,B.A.Button,John & Chris Ledger,False,5,,Australia,Wagga,5,2026-09-28 05:45:00+00:00,4,Masakari,10,UniBet,8.500,2.350,TOP3,250.000,10.000,3.39735894357743097239,-96.9423769507803121248490000000000000000000,2.701080432172869147659000,-82.6745421572884472928490000000000000000000,-73.8510127455237414108490000000000000000000,-55.5169249229796037919789230421004979628800,
NSW,Wagga,5,1600,Good,4,2026-09-28,5194203,5468769,Open,Maiden,10,False,5346975,Masakari,4,3,59,False,B.A.Button,John & Chris Ledger,False,5,,Australia,Wagga,5,2026-09-28 05:45:00+00:00,4,Masakari,10,Surge ,8.500,2.350,TOP3,250.000,10.000,3.39735894357743097239,-96.9423769507803121248490000000000000000000,2.701080432172869147659000,-82.6745421572884472928490000000000000000000,-73.8510127455237414108490000000000000000000,-55.5169249229796037919789230421004979628800,
VIC,Park Kilmore,4,1100,Good,3,2026-09-28,5195834,5469790,Open,Maiden,10,False,5346989,Wunderlust,8,4,57.5,False,N.Farley,M.J.Sell,False,3,,Australia,Kilmore,4,2026-09-28 05:00:00+00:00,8,Wunderlust,10,Betr,81.000,10.000,TOP3,390.000,8.000,20.77092736971686499795,-80.8907468198604842018860000000000000000000,18.875666803446860894542000,-75.2425986717123360533860000000000000000000,-74.3166727457864101276360000000000000000000,-67.5666727457864101276360000000000000000000,
VIC,Park Kilmore,4,1100,Good,3,2026-09-28,5195834,5469790,Open,Maiden,10,False,5346989,Wunderlust,8,4,57.5,False,N.Farley,M.J.Sell,False,3,,Australia,Kilmore,4,2026-09-28 05:00:00+00:00,8,Wunderlust,10,Dabble,71.000,7.500,TOP3,390.000,8.000,18.20629872794419368076,-83.2502051702913418137008000000000000000000,16.516208453016003282725000,-75.3628812266293699834508000000000000000000,-74.3065431984603558987008000000000000000000,-65.6398765317936892322174666666666666666675,
VIC,Park Kilmore,4,1100,Good,3,2026-09-28,5195834,5469790,Open,Maiden,10,False,5346989,Wunderlust,8,4,57.5,False,N.Farley,M.J.Sell,False,3,,Australia,Kilmore,4,2026-09-28 05:00:00+00:00,8,Wunderlust,10,Ladbrokes,81.000,8.500,TOP3,390.000,8.000,20.77092736971686499795,-80.8907468198604842018860000000000000000000,18.875666803446860894542000,-73.9190692599476301713860000000000000000000,-72.9931433340217042456360000000000000000000,-65.2076762059940225850062422145328719723200,
VIC,Park Kilmore,4,1100,Good,3,2026-09-28,5195834,5469790,Open,Maiden,10,False,5346989,Wunderlust,8,4,57.5,False,N.Farley,M.J.Sell,False,3,,Australia,Kilmore,4,2026-09-28 05:00:00+00:00,8,Wunderlust,10,Sportsbet,81.000,15.500,TOP3,390.000,8.000,20.77092736971686499795,-80.8907468198604842018860000000000000000000,18.875666803446860894542000,-77.9038889942929812143860000000000000000000,-76.9779630683670552886360000000000000000000,-72.4514282088457233424934401664932362122800,
VIC,Park Kilmore,4,1100,Good,3,2026-09-28,5195834,5469790,Open,Maiden,10,False,5346989,Wunderlust,8,4,57.5,False,N.Farley,M.J.Sell,False,3,,Australia,Kilmore,4,2026-09-28 05:00:00+00:00,8,Wunderlust,10,UniBet,81.000,8.500,TOP3,390.000,8.000,20.77092736971686499795,-80.8907468198604842018860000000000000000000,18.875666803446860894542000,-73.9190692599476301713860000000000000000000,-72.9931433340217042456360000000000000000000,-65.2076762059940225850062422145328719723200,
VIC,Park Kilmore,4,1100,Good,3,2026-09-28,5195834,5469790,Open,Maiden,10,False,5346989,Wunderlust,8,4,57.5,False,N.Farley,M.J.Sell,False,3,,Australia,Kilmore,4,2026-09-28 05:00:00+00:00,8,Wunderlust,10,Surge ,81.000,8.000,TOP3,390.000,8.000,20.77092736971686499795,-80.8907468198604842018860000000000000000000,18.875666803446860894542000,-73.3675986717123360533860000000000000000000,-72.4416727457864101276360000000000000000000,-64.2385477457864101276360000000000000000000,
SA,Morphettville Parks,16,1000,Good,4,2026-09-28,5197445,5482075,Paying,Trial,8,True,5347066,Atticusspartacus,5,0,,False,A.J.Stead,S.K.Stutley,False,1,,,,,,,,,,,,,,,,,,,,,
VIC,Park Kilmore,3,1200,Good,3,2026-09-28,5195834,5469788,Open,Maiden,11,False,5347070,See Me No More,4,9,59.5,False,L.K.Cartwright,Peter G Moody & Katherine Coleman,True,1,,Australia,Kilmore,3,2026-09-28 04:30:00+00:00,4,See Me No More,11,Betr,34.000,4.800,TOP3,100.000,8.000,34.01721377101681345076,-68.7041633306645316253008000000000000000000,30.384307445956765412330000,-57.4909280365468845665508000000000000000000,-55.2850456836057080960508000000000000000000,-42.9152540169390414295299666666666666666675,
VIC,Park Kilmore,3,1200,Good,3,2026-09-28,5195834,5469788,Open,Maiden,11,False,5347070,See Me No More,4,9,59.5,False,L.K.Cartwright,Peter G Moody & Katherine Coleman,True,1,,Australia,Kilmore,3,2026-09-28 04:30:00+00:00,4,See Me No More,11,Dabble,34.000,4.400,TOP3,100.000,8.000,34.01721377101681345076,-68.7041633306645316253008000000000000000000,30.384307445956765412330000,-56.0704734910923391115508000000000000000000,-53.8645911381511626410508000000000000000000,-40.6931035348453775169722876033057851239675,
VIC,Park Kilmore,3,1200,Good,3,2026-09-28,5195834,5469788,Open,Maiden,11,False,5347070,See Me No More,4,9,59.5,False,L.K.Cartwright,Peter G Moody & Katherine Coleman,True,1,,Australia,Kilmore,3,2026-09-28 04:30:00+00:00,4,See Me No More,11,Ladbrokes,35.000,5.000,TOP3,100.000,8.000,35.01801441152922337870,-67.7834267413931144915960000000000000000000,31.305044035228182546037000,-57.0691410271074002060960000000000000000000,-54.9262838842502573488460000000000000000000,-42.9262838842502573488460000000000000000000,
VIC,Park Kilmore,3,1200,Good,3,2026-09-28,5195834,5469788,Open,Maiden,11,False,5347070,See Me No More,4,9,59.5,False,L.K.Cartwright,Peter G Moody & Katherine Coleman,True,1,,Australia,Kilmore,3,2026-09-28 04:30:00+00:00,4,See Me No More,11,Sportsbet,31.000,5.750,TOP3,100.000,8.000,31.01481184947958366693,-71.4663730984787830264244000000000000000000,27.622097678142514011209000,-63.2616045150285726476744000000000000000000,-60.8422496763188952281744000000000000000000,-50.0672024173396891787911296786389413988675,
VIC,Park Kilmore,3,1200,Good,3,2026-09-28,5195834,5469788,Open,Maiden,11,False,5347070,See Me No More,4,9,59.5,False,L.K.Cartwright,Peter G Moody & Katherine Coleman,True,1,,Australia,Kilmore,3,2026-09-28 04:30:00+00:00,4,See Me No More,11,UniBet,31.000,4.750,TOP3,100.000,8.000,31.01481184947958366693,-71.4663730984787830264244000000000000000000,27.622097678142514011209000,-60.5156090916876115496744000000000000000000,-58.0962542529779341301744000000000000000000,-45.6308802917590975651003002770083102493075,
VIC,Park Kilmore,3,1200,Good,3,2026-09-28,5195834,5469788,Open,Maiden,11,False,5347070,See Me No More,4,9,59.5,False,L.K.Cartwright,Peter G Moody & Katherine Coleman,True,1,,Australia,Kilmore,3,2026-09-28 04:30:00+00:00,4,See Me No More,11,Surge ,34.000,4.400,TOP3,100.000,8.000,34.01721377101681345076,-68.7041633306645316253008000000000000000000,30.384307445956765412330000,-56.0704734910923391115508000000000000000000,-53.8645911381511626410508000000000000000000,-40.6931035348453775169722876033057851239675,
VIC,Park Kilmore,7,1600,Good,3,2026-09-28,5195834,5469786,Open,BM 0-57,14,False,5347137,Kiwiesque,11,11,59,False,W.Gordon,T.A.Lake,False,1,,Australia,Kilmore,7,2026-09-28 06:30:00+00:00,11,Kiwiesque,14,Betr,21.000,5.000,TOP3,600.000,8.000,3.49879983997866382184,-96.7811041472196292839072000000000000000000,3.067075610081344179224000,-88.9239612900767721414072000000000000000000,-85.3525327186482007126572000000000000000000,-73.3525327186482007126572000000000000000000,
VIC,Park Kilmore,7,1600,Good,3,2026-09-28,5195834,5469786,Open,BM 0-57,14,False,5347137,Kiwiesque,11,11,59,False,W.Gordon,T.A.Lake,False,1,,Australia,Kilmore,7,2026-09-28 06:30:00+00:00,11,Kiwiesque,14,Dabble,21.000,4.600,TOP3,600.000,8.000,3.49879983997866382184,-96.7811041472196292839072000000000000000000,3.067075610081344179224000,-87.6196134639898156194072000000000000000000,-84.0481848925612441906572000000000000000000,-71.2882605069279738691486933837429111531200,
VIC,Park Kilmore,7,1600,Good,3,2026-09-28,5195834,5469786,Open,BM 0-57,14,False,5347137,Kiwiesque,11,11,59,False,W.Gordon,T.A.Lake,False,1,,Australia,Kilmore,7,2026-09-28 06:30:00+00:00,11,Kiwiesque,14,Ladbrokes,21.000,5.500,TOP3,600.000,8.000,3.49879983997866382184,-96.7811041472196292839072000000000000000000,3.067075610081344179224000,-90.2875976537131357779072000000000000000000,-86.7161690822845643491572000000000000000000,-75.5591442888961345971778611570247933884300,
VIC,Park Kilmore,7,1600,Good,3,2026-09-28,5195834,5469786,Open,BM 0-57,14,False,5347137,Kiwiesque,11,11,59,False,W.Gordon,T.A.Lake,False,1,,Australia,Kilmore,7,2026-09-28 06:30:00+00:00,11,Kiwiesque,14,Sportsbet,21.000,5.000,TOP3,600.000,8.000,3.49879983997866382184,-96.7811041472196292839072000000000000000000,3.067075610081344179224000,-88.9239612900767721414072000000000000000000,-85.3525327186482007126572000000000000000000,-73.3525327186482007126572000000000000000000,
VIC,Park Kilmore,7,1600,Good,3,2026-09-28,5195834,5469786,Open,BM 0-57,14,False,5347137,Kiwiesque,11,11,59,False,W.Gordon,T.A.Lake,False,1,,Australia,Kilmore,7,2026-09-28 06:30:00+00:00,11,Kiwiesque,14,UniBet,23.000,5.500,TOP3,600.000,8.000,3.83217762368315775437,-96.4743965862114948659796000000000000000000,3.373783171089478597146000,-89.3597720802826411109796000000000000000000,-86.0989025150652498067296000000000000000000,-74.9418777216768200547502611570247933884300,
VIC,Park Kilmore,7,1600,Good,3,2026-09-28,5195834,5469786,Open,BM 0-57,14,False,5347137,Kiwiesque,11,11,59,False,W.Gordon,T.A.Lake,False,1,,Australia,Kilmore,7,2026-09-28 06:30:00+00:00,11,Kiwiesque,14,Surge ,21.000,4.600,TOP3,600.000,8.000,3.49879983997866382184,-96.7811041472196292839072000000000000000000,3.067075610081344179224000,-87.6196134639898156194072000000000000000000,-84.0481848925612441906572000000000000000000,-71.2882605069279738691486933837429111531200,
SA,Morphettville Parks,7,1000,Good,4,2026-09-28,5197445,5475295,Paying,Trial,9,True,5347145,Violet Lovebug,7,0,,False,B.Price,T.J.Doudle,False,1,,,,,,,,,,,,,,,,,,,,,
VIC,Southside Cranbourne,17,1000,Good,4,2026-09-28,5197870,5482061,Nominations,Trial,8,True,5347208,Sir Riverance,0,,,False,,R.D.Griffiths,True,1,,,,,,,,,,,,,,,,,,,,,
NSW,Wagga,6,1200,Good,4,2026-09-28,5194203,5468767,Open,Maiden,8,False,5347314,Shezrushin,10,6,57,False,C.Keatings,W.Carroll,True,1,,Australia,Wagga,6,2026-09-28 06:20:00+00:00,10,Shezrushin,8,Dabble,4.000,1.380,TOP3,12.000,10.000,33.52941176470588235294,-69.8235294117647058823540000000000000000000,22.689075630252100840336000,-52.9757033248081841428540000000000000000000,-34.2257033248081841428540000000000000000000,-19.2603599095592868525348443604284814114700,
NSW,Wagga,6,1200,Good,4,2026-09-28,5194203,5468767,Open,Maiden,8,False,5347314,Shezrushin,10,6,57,False,C.Keatings,W.Carroll,True,1,,Australia,Wagga,6,2026-09-28 06:20:00+00:00,10,Shezrushin,8,Ladbrokes,4.000,1.450,TOP3,12.000,10.000,33.52941176470588235294,-69.8235294117647058823540000000000000000000,22.689075630252100840336000,-55.5993914807302231236040000000000000000000,-36.8493914807302231236040000000000000000000,-20.7970728124781422675293864447086801426875,
NSW,Wagga,6,1200,Good,4,2026-09-28,5194203,5468767,Open,Maiden,8,False,5347314,Shezrushin,10,6,57,False,C.Keatings,W.Carroll,True,1,,Australia,Wagga,6,2026-09-28 06:20:00+00:00,10,Shezrushin,8,Sportsbet,4.000,1.400,TOP3,12.000,10.000,33.52941176470588235294,-69.8235294117647058823540000000000000000000,22.689075630252100840336000,-53.7521008403361344541040000000000000000000,-35.0021008403361344541040000000000000000000,-19.6959783913565426172315510204081632653075,
NSW,Wagga,6,1200,Good,4,2026-09-28,5194203,5468767,Open,Maiden,8,False,5347314,Shezrushin,10,6,57,False,C.Keatings,W.Carroll,True,1,,Australia,Wagga,6,2026-09-28 06:20:00+00:00,10,Shezrushin,8,UniBet,4.200,1.380,TOP3,12.000,10.000,35.21008403361344537815,-68.3109243697478991596650000000000000000000,24.201680672268907563025000,-49.6773839970770917061650000000000000000000,-31.8202411399342345631650000000000000000000,-16.8548977246853372728458443604284814114700,
NSW,Wagga,6,1200,Good,4,2026-09-28,5194203,5468767,Open,Maiden,8,False,5347314,Shezrushin,10,6,57,False,C.Keatings,W.Carroll,True,1,,Australia,Wagga,6,2026-09-28 06:20:00+00:00,10,Shezrushin,8,Surge ,4.000,1.400,TOP3,12.000,10.000,33.52941176470588235294,-69.8235294117647058823540000000000000000000,22.689075630252100840336000,-53.7521008403361344541040000000000000000000,-35.0021008403361344541040000000000000000000,-19.6959783913565426172315510204081632653075,
VIC,Southside Cranbourne,4,800,Good,4,2026-09-28,5197870,5482048,Nominations,Trial,9,True,5347371,Sky Watcher,0,,,False,,J.R.Laing,False,3,,,,,,,,,,,,,,,,,,,,,
NSW,Warwick Farm,2,795,Soft,5,2026-09-28,5197463,5481984,Paying,Trial,9,True,5347416,Very Sirius,9,0,,False,T.Sherry,D.A.Pfieffer,False,7,2,,,,,,,,,,,,,,,,,,,,
VIC,Southside Cranbourne,4,800,Good,4,2026-09-28,5197870,5482048,Nominations,Trial,9,True,5347422,Light Moves,0,,,False,,Mick Price & Michael Kent (Jnr),False,1,,,,,,,,,,,,,,,,,,,,,
SA,Morphettville Parks,17,1250,Good,4,2026-09-28,5197445,5475297,Paying,Trial,8,True,5347467,From Little Things,6,0,,False,P.Brewster,P.Carey,False,2,,,,,,,,,,,,,,,,,,,,,
VIC,Park Kilmore,2,1450,Good,4,2026-09-28,5195834,5469787,Paying,Maiden,10,False,5347561,My Rosalie,7,8,58,False,N.Farley,P.Koumis,False,1,,,,,,,,,,,,,,,,,,,,,
NSW,Wagga,1,1400,Good,4,2026-09-28,5194203,5468768,Paying,Maiden,11,False,5347657,Tarakan Lad,1,9,59,False,E.Bent,G.Worsnop,False,2,,,,,,,,,,,,,,,,,,,,,
VIC,Coleraine,6,900,Good,4,2026-09-28,5197871,5482221,Paying,Trial,5,True,5347719,Norenson,3,0,,False,J.D.Hill,P.A.Chow,False,1,,,,,,,,,,,,,,,,,,,,,
VIC,Southside Cranbourne,15,1000,Good,4,2026-09-28,5197870,5482059,Nominations,Trial,8,True,5347897,Urban Creed,0,,,False,,J.Sandhu,False,1,,,,,,,,,,,,,,,,,,,,,
NSW,Wagga,5,1600,Good,4,2026-09-28,5194203,5468769,Open,Maiden,10,False,5347914,Dingle,9,7,57,False,M.A.Cahill,S.Thompson,False,4,,Australia,Wagga,5,2026-09-28 05:45:00+00:00,9,Dingle,10,Dabble,26.000,4.000,TOP3,600.000,10.000,4.33238873145524254042,-96.1008501416902817136220000000000000000000,3.750625104184030671779000,-83.1200809109210509446220000000000000000000,-80.2354655263056663291220000000000000000000,-66.1729655263056663291220000000000000000000,
NSW,Wagga,5,1600,Good,4,2026-09-28,5194203,5468769,Open,Maiden,10,False,5347914,Dingle,9,7,57,False,M.A.Cahill,S.Thompson,False,4,,Australia,Wagga,5,2026-09-28 05:45:00+00:00,9,Dingle,10,Ladbrokes,26.000,4.200,TOP3,600.000,10.000,4.33238873145524254042,-96.1008501416902817136220000000000000000000,3.750625104184030671779000,-84.0129380537781938016220000000000000000000,-81.1283226691628091861220000000000000000000,-67.5228804922920608867274421768707482993200,
NSW,Wagga,5,1600,Good,4,2026-09-28,5194203,5468769,Open,Maiden,10,False,5347914,Dingle,9,7,57,False,M.A.Cahill,S.Thompson,False,4,,Australia,Wagga,5,2026-09-28 05:45:00+00:00,9,Dingle,10,Sportsbet,27.000,6.250,TOP3,600.000,10.000,4.49908318053008834806,-95.9508251375229204867460000000000000000000,3.900650108351391898650000,-89.5063806930784760427460000000000000000000,-86.7286029153006982647460000000000000000000,-76.6486029153006982647460000000000000000000,
NSW,Wagga,5,1600,Good,4,2026-09-28,5194203,5468769,Open,Maiden,10,False,5347914,Dingle,9,7,57,False,M.A.Cahill,S.Thompson,False,4,,Australia,Wagga,5,2026-09-28 05:45:00+00:00,9,Dingle,10,UniBet,26.000,4.600,TOP3,600.000,10.000,4.33238873145524254042,-96.1008501416902817136220000000000000000000,3.750625104184030671779000,-85.5657330848340944226220000000000000000000,-82.6811177002187098071220000000000000000000,-69.9211933145854394856134933837429111531200,
NSW,Wagga,5,1600,Good,4,2026-09-28,5194203,5468769,Open,Maiden,10,False,5347914,Dingle,9,7,57,False,M.A.Cahill,S.Thompson,False,4,,Australia,Wagga,5,2026-09-28 05:45:00+00:00,9,Dingle,10,Surge ,26.000,4.000,TOP3,600.000,10.000,4.33238873145524254042,-96.1008501416902817136220000000000000000000,3.750625104184030671779000,-83.1200809109210509446220000000000000000000,-80.2354655263056663291220000000000000000000,-66.1729655263056663291220000000000000000000,
NSW,Warwick Farm,4,795,Soft,5,2026-09-28,5197463,5481986,Paying,Trial,9,True,5348192,Bruce I Am,2,0,,False,A.Adkins,J.J.W.Pride,False,1,,,,,,,,,,,,,,,,,,,,,
NSW,Wagga,7,1200,Good,4,2026-09-28,5194203,5468766,Open,BM 70,8,False,5348370,Serenading,9,9,55.5,False,J.Penza,D.Beasley,False,3,,Australia,Wagga,7,2026-09-28 06:55:00+00:00,9,Serenading,8,Dabble,12.000,2.650,TOP3,34.000,10.000,35.36873156342182890855,-68.1681415929203539823050000000000000000000,29.203539823008849557522000,-52.3662548004675237930550000000000000000000,-46.1162548004675237933050000000000000000000,-28.4943252881855729210911338554645781416875,
NSW,Wagga,7,1200,Good,4,2026-09-28,5194203,5468766,Open,BM 70,8,False,5348370,Serenading,9,9,55.5,False,J.Penza,D.Beasley,False,3,,Australia,Wagga,7,2026-09-28 06:55:00+00:00,9,Serenading,8,Ladbrokes,12.000,2.500,TOP3,34.000,10.000,35.36873156342182890855,-68.1681415929203539823050000000000000000000,29.203539823008849557522000,-50.6681415929203539818050000000000000000000,-44.4181415929203539820550000000000000000000,-26.4181415929203539820550000000000000000000,
NSW,Wagga,7,1200,Good,4,2026-09-28,5194203,5468766,Open,BM 70,8,False,5348370,Serenading,9,9,55.5,False,J.Penza,D.Beasley,False,3,,Australia,Wagga,7,2026-09-28 06:55:00+00:00,9,Serenading,8,Sportsbet,13.000,2.880,TOP3,34.000,10.000,38.31858407079646017699,-65.5132743362831858407090000000000000000000,31.858407079646017699115000,-51.0100692080780576362090000000000000000000,-45.2408384388472884052090000000000000000000,-28.2414171425509921089636296296296296296300,
NSW,Wagga,7,1200,Good,4,2026-09-28,5194203,5468766,Open,BM 70,8,False,5348370,Serenading,9,9,55.5,False,J.Penza,D.Beasley,False,3,,Australia,Wagga,7,2026-09-28 06:55:00+00:00,9,Serenading,8,UniBet,12.000,2.700,TOP3,34.000,10.000,35.36873156342182890855,-68.1681415929203539823050000000000000000000,29.203539823008849557522000,-52.8903638151425762040550000000000000000000,-46.6403638151425762043050000000000000000000,-29.1506518809861976034891563786008230452675,
NSW,Wagga,7,1200,Good,4,2026-09-28,5194203,5468766,Open,BM 70,8,False,5348370,Serenading,9,9,55.5,False,J.Penza,D.Beasley,False,3,,Australia,Wagga,7,2026-09-28 06:55:00+00:00,9,Serenading,8,Surge ,12.000,2.600,TOP3,34.000,10.000,35.36873156342182890855,-68.1681415929203539823050000000000000000000,29.203539823008849557522000,-51.8219877467665078283050000000000000000000,-45.5719877467665078285550000000000000000000,-27.8205084568256794262680177514792899408300,
VIC,Southside Cranbourne,18,1200,Good,4,2026-09-28,5197870,5482062,Nominations,Trial,10,True,5348424,Ichnusa,0,,,False,,C.Maher,False,3,,,,,,,,,,,,,,,,,,,,,
VIC,Park Kilmore,6,2000,Good,3,2026-09-28,5195834,5469785,Open,BM 0-57,12,False,5348430,Valda Warrior,13,5,58,False,T.M.Nugent,R.G.Symons,False,6,12,Australia,Kilmore,6,2026-09-28 06:00:00+00:00,13,Valda Warrior,12,Dabble,5.500,2.150,TOP3,9.400,8.000,58.90557939914163090129,-45.8068669527896995708132000000000000000000,44.420600858369098712446000,-38.1958732952844141583132000000000000000000,-24.5595096589207777948132000000000000000000,-5.9007752078661536736690680367766360194700,
VIC,Park Kilmore,6,2000,Good,3,2026-09-28,5195834,5469785,Open,BM 0-57,12,False,5348430,Valda Warrior,13,5,58,False,T.M.Nugent,R.G.Symons,False,6,12,Australia,Kilmore,6,2026-09-28 06:00:00+00:00,13,Valda Warrior,12,Ladbrokes,6.000,2.150,TOP3,9.400,8.000,64.27038626609442060086,-40.8712446351931330472088000000000000000000,49.356223175965665236052000,-30.9875237049605749082088000000000000000000,-18.4875237049605749079588000000000000000000,0.1712107460940492131853319632233639805300,
VIC,Park Kilmore,6,2000,Good,3,2026-09-28,5195834,5469785,Open,BM 0-57,12,False,5348430,Valda Warrior,13,5,58,False,T.M.Nugent,R.G.Symons,False,6,12,Australia,Kilmore,6,2026-09-28 06:00:00+00:00,13,Valda Warrior,12,Sportsbet,6.000,2.000,TOP3,9.400,8.000,64.27038626609442060086,-40.8712446351931330472088000000000000000000,49.356223175965665236052000,-28.3712446351931330477088000000000000000000,-15.8712446351931330474588000000000000000000,2.8787553648068669525412000000000000000000,
VIC,Park Kilmore,6,2000,Good,3,2026-09-28,5195834,5469785,Open,BM 0-57,12,False,5348430,Valda Warrior,13,5,58,False,T.M.Nugent,R.G.Symons,False,6,12,Australia,Kilmore,6,2026-09-28 06:00:00+00:00,13,Valda Warrior,12,UniBet,6.000,2.250,TOP3,9.400,8.000,64.27038626609442060086,-40.8712446351931330472088000000000000000000,49.356223175965665236052000,-32.5379113018597997147088000000000000000000,-20.0379113018597997144588000000000000000000,-1.5193927833412811959773185185185185185200,
VIC,Park Kilmore,6,2000,Good,3,2026-09-28,5195834,5469785,Open,BM 0-57,12,False,5348430,Valda Warrior,13,5,58,False,T.M.Nugent,R.G.Symons,False,6,12,Australia,Kilmore,6,2026-09-28 06:00:00+00:00,13,Valda Warrior,12,Surge ,6.000,2.250,TOP3,9.400,8.000,64.27038626609442060086,-40.8712446351931330472088000000000000000000,49.356223175965665236052000,-32.5379113018597997147088000000000000000000,-20.0379113018597997144588000000000000000000,-1.5193927833412811959773185185185185185200,
VIC,Park Kilmore,6,2000,Good,3,2026-09-28,5195834,5469785,Open,BM 0-57,12,False,5348430,Valda Warrior,13,5,58,False,T.M.Nugent,R.G.Symons,False,6,12,Australia,Kilmore,6,2026-09-28 06:00:00+00:00,13,Valda Warrior,12,Betr,6.000,2.100,TOP3,9.400,8.000,64.27038626609442060086,-40.8712446351931330472088000000000000000000,49.356223175965665236052000,-30.1569589209074187617088000000000000000000,-17.6569589209074187614588000000000000000000,1.0505240722898601501194312925170068027200,
VIC,Park Kilmore,3,1200,Good,3,2026-09-28,5195834,5469788,Open,Maiden,11,False,5348463,Brutal Tempo,2,16,59.5,False,B.Rawiller,Mark & Levi Kavanagh,False,1,,Australia,Kilmore,3,2026-09-28 04:30:00+00:00,2,Brutal Tempo,11,Betr,41.000,5.000,TOP3,90.000,8.000,45.58496441281138790036,-58.0618327402135231316688000000000000000000,40.925266903914590747331000,-46.7203693255793767901688000000000000000000,-44.8911010328964499609188000000000000000000,-32.8911010328964499609188000000000000000000,
VIC,Park Kilmore,3,1200,Good,3,2026-09-28,5195834,5469788,Open,Maiden,11,False,5348463,Brutal Tempo,2,16,59.5,False,B.Rawiller,Mark & Levi Kavanagh,False,1,,Australia,Kilmore,3,2026-09-28 04:30:00+00:00,2,Brutal Tempo,11,Dabble,34.000,4.400,TOP3,90.000,8.000,37.80026690391459074733,-65.2237544483985765124564000000000000000000,33.763345195729537366548000,-52.5900646088263839987064000000000000000000,-50.3841822558852075282064000000000000000000,-37.2126946525794224041278876033057851239675,
VIC,Park Kilmore,3,1200,Good,3,2026-09-28,5195834,5469788,Open,Maiden,11,False,5348463,Brutal Tempo,2,16,59.5,False,B.Rawiller,Mark & Levi Kavanagh,False,1,,Australia,Kilmore,3,2026-09-28 04:30:00+00:00,2,Brutal Tempo,11,Ladbrokes,41.000,5.500,TOP3,90.000,8.000,45.58496441281138790036,-58.0618327402135231316688000000000000000000,40.925266903914590747331000,-48.0840056892157404266688000000000000000000,-46.2547373965328135974188000000000000000000,-35.0977126031443838454394611570247933884300,
VIC,Park Kilmore,3,1200,Good,3,2026-09-28,5195834,5469788,Open,Maiden,11,False,5348463,Brutal Tempo,2,16,59.5,False,B.Rawiller,Mark & Levi Kavanagh,False,1,,Australia,Kilmore,3,2026-09-28 04:30:00+00:00,2,Brutal Tempo,11,Sportsbet,35.000,6.250,TOP3,90.000,8.000,38.91236654804270462633,-64.2006227758007117437764000000000000000000,34.786476868327402135231000,-56.4863370615149974582764000000000000000000,-54.3434799186578546010264000000000000000000,-44.2634799186578546010264000000000000000000,
VIC,Park Kilmore,3,1200,Good,3,2026-09-28,5195834,5469788,Open,Maiden,11,False,5348463,Brutal Tempo,2,16,59.5,False,B.Rawiller,Mark & Levi Kavanagh,False,1,,Australia,Kilmore,3,2026-09-28 04:30:00+00:00,2,Brutal Tempo,11,UniBet,34.000,5.000,TOP3,90.000,8.000,37.80026690391459074733,-65.2237544483985765124564000000000000000000,33.763345195729537366548000,-54.6355191542809294534564000000000000000000,-52.4296368013397529829564000000000000000000,-40.4296368013397529829564000000000000000000,
VIC,Park Kilmore,3,1200,Good,3,2026-09-28,5195834,5469788,Open,Maiden,11,False,5348463,Brutal Tempo,2,16,59.5,False,B.Rawiller,Mark & Levi Kavanagh,False,1,,Australia,Kilmore,3,2026-09-28 04:30:00+00:00,2,Brutal Tempo,11,Surge ,41.000,4.800,TOP3,90.000,8.000,45.58496441281138790036,-58.0618327402135231316688000000000000000000,40.925266903914590747331000,-46.0953693255793767904188000000000000000000,-44.2661010328964499611688000000000000000000,-31.8963093662297832946479666666666666666675,
SA,Morphettville Parks,2,800,Good,4,2026-09-28,5197445,5482083,Paying,Trial,5,True,5348551,Arcturus Star,3,0,,False,I.Sit,Gordon Richards & Damien Moyle,False,1,,,,,,,,,,,,,,,,,,,,,
WA,Bunbury,7,1695,Soft,5,2026-09-28,5196062,5466017,Open,BM 58,12,False,5348574,Awesome Force,5,4,57.5,False,J.R.Azzopardi,R.W.Price,False,9,,Australia,Bunbury,7,2026-09-28 08:54:00+00:00,5,Awesome Force,12,Betr,10.000,2.250,TOP3,48.000,8.000,20.84724540901502504174,-80.8205342237061769615992000000000000000000,17.278797996661101836394000,-62.4872008903728436285992000000000000000000,-54.9872008903728436285992000000000000000000,-36.4686823718543251101177185185185185185200,
WA,Bunbury,7,1695,Soft,5,2026-09-28,5196062,5466017,Open,BM 58,12,False,5348574,Awesome Force,5,4,57.5,False,J.R.Azzopardi,R.W.Price,False,9,,Australia,Bunbury,7,2026-09-28 08:54:00+00:00,5,Awesome Force,12,Dabble,9.000,2.400,TOP3,48.000,8.000,18.76043405676126878130,-82.7404006677796327212040000000000000000000,15.358931552587646076795000,-68.1570673344462993874540000000000000000000,-59.8237340011129660542040000000000000000000,-41.5945673344462993874956666666666666666675,
WA,Bunbury,7,1695,Soft,5,2026-09-28,5196062,5466017,Open,BM 58,12,False,5348574,Awesome Force,5,4,57.5,False,J.R.Azzopardi,R.W.Price,False,9,,Australia,Bunbury,7,2026-09-28 08:54:00+00:00,5,Awesome Force,12,Ladbrokes,10.000,2.300,TOP3,48.000,8.000,20.84724540901502504174,-80.8205342237061769615992000000000000000000,17.278797996661101836394000,-63.2118385715322639183492000000000000000000,-55.7118385715322639183492000000000000000000,-37.2808366811730956764129996219281663516075,
WA,Bunbury,7,1695,Soft,5,2026-09-28,5196062,5466017,Open,BM 58,12,False,5348574,Awesome Force,5,4,57.5,False,J.R.Azzopardi,R.W.Price,False,9,,Australia,Bunbury,7,2026-09-28 08:54:00+00:00,5,Awesome Force,12,Sportsbet,9.500,2.000,TOP3,48.000,8.000,19.80383973288814691152,-81.7804674457429048414016000000000000000000,16.318864774624373956594000,-60.0699411299534311579016000000000000000000,-52.1752042878481679996516000000000000000000,-33.4252042878481679996516000000000000000000,
WA,Bunbury,7,1695,Soft,5,2026-09-28,5196062,5466017,Open,BM 58,12,False,5348574,Awesome Force,5,4,57.5,False,J.R.Azzopardi,R.W.Price,False,9,,Australia,Bunbury,7,2026-09-28 08:54:00+00:00,5,Awesome Force,12,UniBet,9.500,2.350,TOP3,48.000,8.000,19.80383973288814691152,-81.7804674457429048414016000000000000000000,16.318864774624373956594000,-65.6550475129321545619016000000000000000000,-57.7603106708268914036516000000000000000000,-39.4262228482827537847815230421004979628800,
WA,Bunbury,7,1695,Soft,5,2026-09-28,5196062,5466017,Open,BM 58,12,False,5348574,Awesome Force,5,4,57.5,False,J.R.Azzopardi,R.W.Price,False,9,,Australia,Bunbury,7,2026-09-28 08:54:00+00:00,5,Awesome Force,12,Surge ,10.000,2.450,TOP3,48.000,8.000,20.84724540901502504174,-80.8205342237061769615992000000000000000000,17.278797996661101836394000,-65.2082893257469932880992000000000000000000,-57.7082893257469932880992000000000000000000,-39.5908382636895172364484294877134527280300,
NSW,Warwick Farm,1,1200,Soft,5,2026-09-28,5197463,5477873,Paying,Trial,9,True,5348654,Performance,6,0,,False,A.Adkins,G.Portelli,False,1,,,,,,,,,,,,,,,,,,,,,
VIC,Park Kilmore,5,1100,Good,3,2026-09-28,5195834,5469784,Open,BM 58,9,False,5348713,Bliss Bomb,9,6,57,True,W.J.Egan,L.M.Kennewell,False,5,,,,,,,,,,,,,,,,,,,,,
NSW,Warwick Farm,3,795,Soft,5,2026-09-28,5197463,5481985,Paying,Trial,8,True,5348723,Viipuri,9,0,,False,J.Collett,D.A.Pfieffer,False,1,,,,,,,,,,,,,,,,,,,,,
VIC,Southside Cranbourne,1,800,Good,4,2026-09-28,5197870,5482045,Nominations,Trial,8,True,5348902,Im Foxing,0,,,False,,A.G.Rae,False,1,,,,,,,,,,,,,,,,,,,,,
WA,Bunbury,5,1000,Soft,5,2026-09-28,5196062,5466016,Open,BM 58,8,False,5348918,Bonditram,1,5,60,False,J.K.Tsang,B.P.Fitz-Gerald,False,2,,Australia,Bunbury,5,2026-09-28 07:42:00+00:00,1,Bonditram,8,Betr,3.300,1.220,TOP3,6.400,8.000,52.05696202531645569620,-52.1075949367088607594960000000000000000000,33.481012658227848101266000,-36.0867305551887415337460000000000000000000,-13.3594578279160142612460000000000000000000,-2.2737281853468124339453415748454716474075,
WA,Bunbury,5,1000,Soft,5,2026-09-28,5196062,5466016,Open,BM 58,8,False,5348918,Bonditram,1,5,60,False,J.K.Tsang,B.P.Fitz-Gerald,False,2,,Australia,Bunbury,5,2026-09-28 07:42:00+00:00,1,Bonditram,8,Dabble,3.300,1.300,TOP3,6.400,8.000,52.05696202531645569620,-52.1075949367088607594960000000000000000000,33.481012658227848101266000,-39.8698326989466229967460000000000000000000,-17.1425599716738957242460000000000000000000,-3.8289505042182744225019171597633136094675,
WA,Bunbury,5,1000,Soft,5,2026-09-28,5196062,5466016,Open,BM 58,8,False,5348918,Bonditram,1,5,60,False,J.K.Tsang,B.P.Fitz-Gerald,False,2,,Australia,Bunbury,5,2026-09-28 07:42:00+00:00,1,Bonditram,8,Ladbrokes,3.300,1.350,TOP3,6.400,8.000,52.05696202531645569620,-52.1075949367088607594960000000000000000000,33.481012658227848101266000,-42.0065848356987597489960000000000000000000,-19.2793121084260324764960000000000000000000,-4.8760199273560736287326255144032921810700,
WA,Bunbury,5,1000,Soft,5,2026-09-28,5196062,5466016,Open,BM 58,8,False,5348918,Bonditram,1,5,60,False,J.K.Tsang,B.P.Fitz-Gerald,False,2,,Australia,Bunbury,5,2026-09-28 07:42:00+00:00,1,Bonditram,8,Sportsbet,3.300,1.300,TOP3,6.400,8.000,52.05696202531645569620,-52.1075949367088607594960000000000000000000,33.481012658227848101266000,-39.8698326989466229967460000000000000000000,-17.1425599716738957242460000000000000000000,-3.8289505042182744225019171597633136094675,
WA,Bunbury,5,1000,Soft,5,2026-09-28,5196062,5466016,Open,BM 58,8,False,5348918,Bonditram,1,5,60,False,J.K.Tsang,B.P.Fitz-Gerald,False,2,,Australia,Bunbury,5,2026-09-28 07:42:00+00:00,1,Bonditram,8,UniBet,3.300,1.280,TOP3,6.400,8.000,52.05696202531645569620,-52.1075949367088607594960000000000000000000,33.481012658227848101266000,-38.9683903912543153044960000000000000000000,-16.2411176639815880319960000000000000000000,-3.4237348514815880319960000000000000000000,
WA,Bunbury,5,1000,Soft,5,2026-09-28,5196062,5466016,Open,BM 58,8,False,5348918,Bonditram,1,5,60,False,J.K.Tsang,B.P.Fitz-Gerald,False,2,,Australia,Bunbury,5,2026-09-28 07:42:00+00:00,1,Bonditram,8,Surge ,3.300,1.280,TOP3,6.400,8.000,52.05696202531645569620,-52.1075949367088607594960000000000000000000,33.481012658227848101266000,-38.9683903912543153044960000000000000000000,-16.2411176639815880319960000000000000000000,-3.4237348514815880319960000000000000000000,
SA,Morphettville Parks,17,1250,Good,4,2026-09-28,5197445,5475297,Paying,Trial,8,True,5348986,Cut No Ice,7,0,,False,B.King,John Dunn & Krystal Bishop,False,6,20,,,,,,,,,,,,,,,,,,,,
SA,Morphettville Parks,3,800,Good,4,2026-09-28,5197445,5482084,Paying,Trial,6,True,5349024,Like A Drifter,1,0,,False,T.Hutchinson,Dan Clarken & Oopy Macgillivray,False,7,9,,,,,,,,,,,,,,,,,,,,
VIC,Park Kilmore,6,2000,Good,3,2026-09-28,5195834,5469785,Open,BM 0-57,12,False,5349033,Crown Of Russia,1,1,62.5,False,D.G.Thornton,D.T.O'Brien,False,2,,Australia,Kilmore,6,2026-09-28 06:00:00+00:00,1,Crown Of Russia,12,Dabble,4.800,1.950,TOP3,6.600,8.000,73.46625766871165644172,-32.4110429447852760736176000000000000000000,53.619631901840490797546000,-25.1995044832468145348676000000000000000000,-9.5745044832468145351176000000000000000000,9.1631681005796154451639581854043392504925,
VIC,Park Kilmore,6,2000,Good,3,2026-09-28,5195834,5469785,Open,BM 0-57,12,False,5349033,Crown Of Russia,1,1,62.5,False,D.G.Thornton,D.T.O'Brien,False,2,,Australia,Kilmore,6,2026-09-28 06:00:00+00:00,1,Crown Of Russia,12,Ladbrokes,5.000,1.950,TOP3,6.600,8.000,76.53374233128834355828,-29.5889570552147239263824000000000000000000,56.441717791411042944785000,-21.1274185936762623881324000000000000000000,-6.1274185936762623881324000000000000000000,12.6102539901501675921491581854043392504925,
VIC,Park Kilmore,6,2000,Good,3,2026-09-28,5195834,5469785,Open,BM 0-57,12,False,5349033,Crown Of Russia,1,1,62.5,False,D.G.Thornton,D.T.O'Brien,False,2,,Australia,Kilmore,6,2026-09-28 06:00:00+00:00,1,Crown Of Russia,12,Sportsbet,4.800,1.800,TOP3,6.600,8.000,73.46625766871165644172,-32.4110429447852760736176000000000000000000,53.619631901840490797546000,-21.9943762781186094061176000000000000000000,-6.3693762781186094063676000000000000000000,12.1491422403999091121138814814814814814800,
VIC,Park Kilmore,6,2000,Good,3,2026-09-28,5195834,5469785,Open,BM 0-57,12,False,5349033,Crown Of Russia,1,1,62.5,False,D.G.Thornton,D.T.O'Brien,False,2,,Australia,Kilmore,6,2026-09-28 06:00:00+00:00,1,Crown Of Russia,12,UniBet,5.000,1.950,TOP3,6.600,8.000,76.53374233128834355828,-29.5889570552147239263824000000000000000000,56.441717791411042944785000,-21.1274185936762623881324000000000000000000,-6.1274185936762623881324000000000000000000,12.6102539901501675921491581854043392504925,
VIC,Park Kilmore,6,2000,Good,3,2026-09-28,5195834,5469785,Open,BM 0-57,12,False,5349033,Crown Of Russia,1,1,62.5,False,D.G.Thornton,D.T.O'Brien,False,2,,Australia,Kilmore,6,2026-09-28 06:00:00+00:00,1,Crown Of Russia,12,Surge ,5.000,2.000,TOP3,6.600,8.000,76.53374233128834355828,-29.5889570552147239263824000000000000000000,56.441717791411042944785000,-22.0889570552147239263824000000000000000000,-7.0889570552147239263824000000000000000000,11.6610429447852760736176000000000000000000,
VIC,Park Kilmore,6,2000,Good,3,2026-09-28,5195834,5469785,Open,BM 0-57,12,False,5349033,Crown Of Russia,1,1,62.5,False,D.G.Thornton,D.T.O'Brien,False,2,,Australia,Kilmore,6,2026-09-28 06:00:00+00:00,1,Crown Of Russia,12,Betr,5.000,1.870,TOP3,6.600,8.000,76.53374233128834355828,-29.5889570552147239263824000000000000000000,56.441717791411042944785000,-19.4820051835569699153824000000000000000000,-4.4820051835569699153824000000000000000000,14.1773788422944985280749193399868454917200,
VIC,Southside Cranbourne,18,1200,Good,4,2026-09-28,5197870,5482062,Nominations,Trial,10,True,5349254,Bring Forth,0,,,False,,Mick Price & Michael Kent (Jnr),False,1,,,,,,,,,,,,,,,,,,,,,
NSW,Wagga,6,1200,Good,4,2026-09-28,5194203,5468767,Open,Maiden,8,False,5349270,Duke Of Zhou,3,1,59,False,B.Mcdougall,P.Mcvicar,False,5,2,Australia,Wagga,6,2026-09-28 06:20:00+00:00,3,Duke Of Zhou,8,Dabble,15.000,3.200,TOP3,44.000,10.000,34.14578587699316628702,-69.2687927107061503416820000000000000000000,28.701594533029612756264000,-55.8312927107061503421820000000000000000000,-50.8312927107061503419320000000000000000000,-34.7180114607061503419320000000000000000000,
NSW,Wagga,6,1200,Good,4,2026-09-28,5194203,5468767,Open,Maiden,8,False,5349270,Duke Of Zhou,3,1,59,False,B.Mcdougall,P.Mcvicar,False,5,2,Australia,Wagga,6,2026-09-28 06:20:00+00:00,3,Duke Of Zhou,8,Ladbrokes,15.000,2.900,TOP3,44.000,10.000,34.14578587699316628702,-69.2687927107061503416820000000000000000000,28.701594533029612756264000,-53.4067237451889089631820000000000000000000,-48.4067237451889089629320000000000000000000,-31.4626095953672680593422259215219976218800,
NSW,Wagga,6,1200,Good,4,2026-09-28,5194203,5468767,Open,Maiden,8,False,5349270,Duke Of Zhou,3,1,59,False,B.Mcdougall,P.Mcvicar,False,5,2,Australia,Wagga,6,2026-09-28 06:20:00+00:00,3,Duke Of Zhou,8,Sportsbet,16.000,3.600,TOP3,44.000,10.000,36.42369020501138952164,-67.2186788154897494305240000000000000000000,30.751708428246013667426000,-55.7603454821564160970240000000000000000000,-51.0728454821564160970240000000000000000000,-36.0265491858601198006536296296296296296300,
NSW,Wagga,6,1200,Good,4,2026-09-28,5194203,5468767,Open,Maiden,8,False,5349270,Duke Of Zhou,3,1,59,False,B.Mcdougall,P.Mcvicar,False,5,2,Australia,Wagga,6,2026-09-28 06:20:00+00:00,3,Duke Of Zhou,8,UniBet,15.000,3.250,TOP3,44.000,10.000,34.14578587699316628702,-69.2687927107061503416820000000000000000000,28.701594533029612756264000,-56.1918696337830734189320000000000000000000,-51.1918696337830734186820000000000000000000,-35.2155382728363278564852544378698224852075,
NSW,Wagga,6,1200,Good,4,2026-09-28,5194203,5468767,Open,Maiden,8,False,5349270,Duke Of Zhou,3,1,59,False,B.Mcdougall,P.Mcvicar,False,5,2,Australia,Wagga,6,2026-09-28 06:20:00+00:00,3,Duke Of Zhou,8,Surge ,15.000,3.200,TOP3,44.000,10.000,34.14578587699316628702,-69.2687927107061503416820000000000000000000,28.701594533029612756264000,-55.8312927107061503421820000000000000000000,-50.8312927107061503419320000000000000000000,-34.7180114607061503419320000000000000000000,
WA,Bunbury,6,1400,Soft,5,2026-09-28,5196062,5481877,Open,Maiden,14,False,5349310,Gilded Reign,3,1,58,False,P.J.Harvey,D.T.Mcauliffe,False,3,,Australia,Bunbury,6,2026-09-28 08:18:00+00:00,3,Gilded Reign,14,Betr,9.000,2.900,TOP3,17.000,8.000,53.13238770685579196217,-51.1182033096926713948036000000000000000000,43.498817966903073286052000,-41.9228010108420966823036000000000000000000,-33.5894676775087633490536000000000000000000,-16.6453535276871224454638259215219976218800,
WA,Bunbury,6,1400,Soft,5,2026-09-28,5196062,5481877,Open,Maiden,14,False,5349310,Gilded Reign,3,1,58,False,P.J.Harvey,D.T.Mcauliffe,False,3,,Australia,Bunbury,6,2026-09-28 08:18:00+00:00,3,Gilded Reign,14,Dabble,8.500,2.900,TOP3,17.000,8.000,50.17730496453900709220,-53.8368794326241134751760000000000000000000,40.780141843971631205674000,-45.6218692906362838601760000000000000000000,-36.7983398788715779781760000000000000000000,-19.8542257290499370745862259215219976218800,
WA,Bunbury,6,1400,Soft,5,2026-09-28,5196062,5481877,Open,Maiden,14,False,5349310,Gilded Reign,3,1,58,False,P.J.Harvey,D.T.Mcauliffe,False,3,,Australia,Bunbury,6,2026-09-28 08:18:00+00:00,3,Gilded Reign,14,Ladbrokes,9.000,2.500,TOP3,17.000,8.000,53.13238770685579196217,-51.1182033096926713948036000000000000000000,43.498817966903073286052000,-37.7848699763593380613036000000000000000000,-29.4515366430260047280536000000000000000000,-11.4515366430260047280536000000000000000000,
WA,Bunbury,6,1400,Soft,5,2026-09-28,5196062,5481877,Open,Maiden,14,False,5349310,Gilded Reign,3,1,58,False,P.J.Harvey,D.T.Mcauliffe,False,3,,Australia,Bunbury,6,2026-09-28 08:18:00+00:00,3,Gilded Reign,14,Sportsbet,9.000,2.880,TOP3,17.000,8.000,53.13238770685579196217,-51.1182033096926713948036000000000000000000,43.498817966903073286052000,-41.7432033096926713948036000000000000000000,-33.4098699763593380615536000000000000000000,-16.4104486800630417653082296296296296296300,
WA,Bunbury,6,1400,Soft,5,2026-09-28,5196062,5481877,Open,Maiden,14,False,5349310,Gilded Reign,3,1,58,False,P.J.Harvey,D.T.Mcauliffe,False,3,,Australia,Bunbury,6,2026-09-28 08:18:00+00:00,3,Gilded Reign,14,UniBet,9.000,3.000,TOP3,17.000,8.000,53.13238770685579196217,-51.1182033096926713948036000000000000000000,43.498817966903073286052000,-42.7848699763593380615536000000000000000000,-34.4515366430260047283036000000000000000000,-17.7848699763593380617202666666666666666675,
WA,Bunbury,6,1400,Soft,5,2026-09-28,5196062,5481877,Open,Maiden,14,False,5349310,Gilded Reign,3,1,58,False,P.J.Harvey,D.T.Mcauliffe,False,3,,Australia,Bunbury,6,2026-09-28 08:18:00+00:00,3,Gilded Reign,14,Surge ,9.000,3.000,TOP3,17.000,8.000,53.13238770685579196217,-51.1182033096926713948036000000000000000000,43.498817966903073286052000,-42.7848699763593380615536000000000000000000,-34.4515366430260047283036000000000000000000,-17.7848699763593380617202666666666666666675,
WA,Bunbury,6,1400,Soft,5,2026-09-28,5196062,5481877,Open,Maiden,14,False,5349315,Pacific Frost,5,3,58,False,J.R.Azzopardi,B.P.Fitz-Gerald,False,2,,,,,,,,,,,,,,,,,,,,,
NSW,Tamworth,3,1400,Good,4,2026-09-28,5196006,5468329,Open,Maiden,9,False,5349336,Royal And Ready,3,8,59,False,D.Dillon,R.E.Ollerton,False,6,2,Australia,Tamworth,3,2026-09-28 04:50:00+00:00,3,Royal And Ready,9,Dabble,34.000,4.000,TOP3,400.000,10.000,8.49962490622655663916,-92.3503375843960990247560000000000000000000,7.426856714178544636159000,-78.0121022902784519657560000000000000000000,-75.8062199373372754952560000000000000000000,-61.7437199373372754952560000000000000000000,
NSW,Tamworth,3,1400,Good,4,2026-09-28,5196006,5468329,Open,Maiden,9,False,5349336,Royal And Ready,3,8,59,False,D.Dillon,R.E.Ollerton,False,6,2,Australia,Tamworth,3,2026-09-28 04:50:00+00:00,3,Royal And Ready,9,Ladbrokes,35.000,4.400,TOP3,400.000,10.000,8.74968742185546386597,-92.1252813203300825206270000000000000000000,7.651912978244561140285000,-79.3655410605898227803770000000000000000000,-77.2226839177326799231270000000000000000000,-64.0511963144268947990484876033057851239675,
NSW,Tamworth,3,1400,Good,4,2026-09-28,5196006,5468329,Open,Maiden,9,False,5349336,Royal And Ready,3,8,59,False,D.Dillon,R.E.Ollerton,False,6,2,Australia,Tamworth,3,2026-09-28 04:50:00+00:00,3,Royal And Ready,9,Sportsbet,31.000,5.000,TOP3,400.000,10.000,7.74943735933983495874,-93.0255063765941485371340000000000000000000,6.751687921980495123781000,-82.8642160540135033761340000000000000000000,-80.4448612153038259566340000000000000000000,-68.4448612153038259566340000000000000000000,
NSW,Tamworth,3,1400,Good,4,2026-09-28,5196006,5468329,Open,Maiden,9,False,5349336,Royal And Ready,3,8,59,False,D.Dillon,R.E.Ollerton,False,6,2,Australia,Tamworth,3,2026-09-28 04:50:00+00:00,3,Royal And Ready,9,UniBet,34.000,4.600,TOP3,400.000,10.000,8.49962490622655663916,-92.3503375843960990247560000000000000000000,7.426856714178544636159000,-80.4577544641914954437560000000000000000000,-78.2518721112503189732560000000000000000000,-65.4919477256170486517474933837429111531200,
NSW,Tamworth,3,1400,Good,4,2026-09-28,5196006,5468329,Open,Maiden,9,False,5349336,Royal And Ready,3,8,59,False,D.Dillon,R.E.Ollerton,False,6,2,Australia,Tamworth,3,2026-09-28 04:50:00+00:00,3,Royal And Ready,9,Surge ,34.000,4.000,TOP3,400.000,10.000,8.49962490622655663916,-92.3503375843960990247560000000000000000000,7.426856714178544636159000,-78.0121022902784519657560000000000000000000,-75.8062199373372754952560000000000000000000,-61.7437199373372754952560000000000000000000,
WA,Bunbury,4,2025,Soft,5,2026-09-28,5196062,5466015,Open,Maiden,11,False,5349338,Sylva Jack,3,8,58,True,Z.T.Johnston-Porter,D.T.Mcauliffe,False,9,,,,,,,,,,,,,,,,,,,,,
NSW,Wagga,3,1600,Good,4,2026-09-28,5194203,5468764,Open,BM 70,5,False,5349357,Chief Of War,8,5,55,False,P.Boudvillain,H.N.Maclean,False,9,3,Australia,Wagga,3,2026-09-28 04:35:00+00:00,8,Chief Of War,5,Dabble,2.400,,,3.000,10.000,82.41379310344827586207,-25.8275862068965517241370000000000000000000,43.448275862068965517241000,,,,
NSW,Wagga,3,1600,Good,4,2026-09-28,5194203,5468764,Open,BM 70,5,False,5349357,Chief Of War,8,5,55,False,P.Boudvillain,H.N.Maclean,False,9,3,Australia,Wagga,3,2026-09-28 04:35:00+00:00,8,Chief Of War,5,Ladbrokes,2.350,1.400,TOP2,3.000,10.000,80.68965517241379310345,-27.3793103448275862068950000000000000000000,41.896551724137931034483000,-5.7227753904202913746450000000000000000000,9.5833470585593004622274489795918367346925,15.20600428471506889220204289879216992919549354435651811745105531028738025822573925,
NSW,Wagga,3,1600,Good,4,2026-09-28,5194203,5468764,Open,BM 70,5,False,5349357,Chief Of War,8,5,55,False,P.Boudvillain,H.N.Maclean,False,9,3,Australia,Wagga,3,2026-09-28 04:35:00+00:00,8,Chief Of War,5,Sportsbet,2.500,1.400,TOP2,3.000,10.000,85.86206896551724137931,-22.7241379310344827586210000000000000000000,46.551724137931034482759000,0.8472906403940886696290000000000000000000,16.1534130893736805065014489795918367346925,21.77607031552944893647604289879216992919549354435651811745105531028738025822573925,
NSW,Wagga,3,1600,Good,4,2026-09-28,5194203,5468764,Open,BM 70,5,False,5349357,Chief Of War,8,5,55,False,P.Boudvillain,H.N.Maclean,False,9,3,Australia,Wagga,3,2026-09-28 04:35:00+00:00,8,Chief Of War,5,UniBet,2.450,1.320,TOP2,3.000,10.000,84.13793103448275862069,-24.2758620689655172413790000000000000000000,45.000000000000000000000000,1.9300748512571172671210000000000000000000,15.7041795344527095535287134986225895316800,19.85285385592943523753948993314057175815236907011512571242098017389016637701836800,
NSW,Wagga,3,1600,Good,4,2026-09-28,5194203,5468764,Open,BM 70,5,False,5349357,Chief Of War,8,5,55,False,P.Boudvillain,H.N.Maclean,False,9,3,Australia,Wagga,3,2026-09-28 04:35:00+00:00,8,Chief Of War,5,Surge ,2.450,1.460,TOP2,3.000,10.000,84.13793103448275862069,-24.2758620689655172413790000000000000000000,45.000000000000000000000000,-3.5182439532260707781290000000000000000000,12.6667813798570592651184666916869956839925,19.37283053269015199094571206579308908604541412107179455234568634190054236105679925,
WA,Bunbury,2,1100,Soft,5,2026-09-28,5196062,5466013,Open,Maiden,11,False,5349375,Latina Melody,6,1,56,False,H.M.Watson,S.Bakranich,False,2,,Australia,Bunbury,2,2026-09-28 05:52:00+00:00,6,Latina Melody,11,Betr,7.000,2.100,TOP3,17.500,8.000,40.12629161882893226177,-63.0838117106773823191716000000000000000000,31.687715269804822043628000,-48.7980974249630966041716000000000000000000,-38.0838117106773823186716000000000000000000,-19.3763287174801034070933687074829931972800,
WA,Bunbury,2,1100,Soft,5,2026-09-28,5196062,5466013,Open,Maiden,11,False,5349375,Latina Melody,6,1,56,False,H.M.Watson,S.Bakranich,False,2,,Australia,Bunbury,2,2026-09-28 05:52:00+00:00,6,Latina Melody,11,Dabble,7.000,2.450,TOP3,17.500,8.000,40.12629161882893226177,-63.0838117106773823191716000000000000000000,31.687715269804822043628000,-53.9001382412896272166716000000000000000000,-43.1858525270039129311716000000000000000000,-25.0684014649464368795208294877134527280300,
WA,Bunbury,2,1100,Soft,5,2026-09-28,5196062,5466013,Open,Maiden,11,False,5349375,Latina Melody,6,1,56,False,H.M.Watson,S.Bakranich,False,2,,Australia,Bunbury,2,2026-09-28 05:52:00+00:00,6,Latina Melody,11,Ladbrokes,7.000,1.950,TOP3,17.500,8.000,40.12629161882893226177,-63.0838117106773823191716000000000000000000,31.687715269804822043628000,-46.0508446777103493519216000000000000000000,-35.3365589634246350664216000000000000000000,-16.5988863795982050861400418145956607495075,
WA,Bunbury,2,1100,Soft,5,2026-09-28,5196062,5466013,Open,Maiden,11,False,5349375,Latina Melody,6,1,56,False,H.M.Watson,S.Bakranich,False,2,,Australia,Bunbury,2,2026-09-28 05:52:00+00:00,6,Latina Melody,11,Sportsbet,7.000,2.050,TOP3,17.500,8.000,40.12629161882893226177,-63.0838117106773823191716000000000000000000,31.687715269804822043628000,-47.9270172855902743051716000000000000000000,-37.2127315713045600196716000000000000000000,-18.4738856462599437198589884592504461630000,
WA,Bunbury,2,1100,Soft,5,2026-09-28,5196062,5466013,Open,Maiden,11,False,5349375,Latina Melody,6,1,56,False,H.M.Watson,S.Bakranich,False,2,,Australia,Bunbury,2,2026-09-28 05:52:00+00:00,6,Latina Melody,11,UniBet,7.000,2.400,TOP3,17.500,8.000,40.12629161882893226177,-63.0838117106773823191716000000000000000000,31.687715269804822043628000,-53.2623831392488108899216000000000000000000,-42.5480974249630966044216000000000000000000,-24.3189307582964299377132666666666666666675,
WA,Bunbury,2,1100,Soft,5,2026-09-28,5196062,5466013,Open,Maiden,11,False,5349375,Latina Melody,6,1,56,False,H.M.Watson,S.Bakranich,False,2,,Australia,Bunbury,2,2026-09-28 05:52:00+00:00,6,Latina Melody,11,Surge ,7.000,2.350,TOP3,17.500,8.000,40.12629161882893226177,-63.0838117106773823191716000000000000000000,31.687715269804822043628000,-52.5974895222275342941716000000000000000000,-41.8832038079418200086716000000000000000000,-23.5491159853976823898015230421004979628800,
SA,Morphettville Parks,7,1000,Good,4,2026-09-28,5197445,5475295,Paying,Trial,9,True,5349420,Bred Em All,4,0,,False,J.Toeroek,Richard & Chantelle Jolly,False,1,,,,,,,,,,,,,,,,,,,,,
VIC,Southside Cranbourne,6,800,Good,4,2026-09-28,5197870,5482050,Nominations,Trial,8,True,5349445,Expanding Power,0,,,False,,E.Jusufovic,False,1,,,,,,,,,,,,,,,,,,,,,
VIC,Southside Cranbourne,12,1000,Good,4,2026-09-28,5197870,5482056,Nominations,Trial,11,True,5349589,Salty Pearl,0,,,False,,C.Maher,False,3,,,,,,,,,,,,,,,,,,,,,
WA,Bunbury,4,2025,Soft,5,2026-09-28,5196062,5466015,Open,Maiden,11,False,5349700,Rare Rock,7,10,58,False,S.F.Mcgruddy,T.M.Burns,False,6,3,,,,,,,,,,,,,,,,,,,,
NSW,Tamworth,7,1000,Good,4,2026-09-28,5196006,5468327,Open,BM 70,9,False,5349722,Cosmolicious,6,5,56,False,H.E.Van Der Hoven,C.A.Grouse,False,10,3,Australia,Tamworth,7,2026-09-28 07:15:00+00:00,6,Cosmolicious,9,Dabble,4.800,1.700,TOP3,15.500,10.000,31.10389610389610389610,-72.0064935064935064935100000000000000000000,22.207792207792207792208000,-59.1388464476699770815100000000000000000000,-43.5138464476699770817600000000000000000000,-25.3477564822720532062807612456747404844300,
NSW,Tamworth,7,1000,Good,4,2026-09-28,5196006,5468327,Open,BM 70,9,False,5349722,Cosmolicious,6,5,56,False,H.E.Van Der Hoven,C.A.Grouse,False,10,3,Australia,Tamworth,7,2026-09-28 07:15:00+00:00,6,Cosmolicious,9,Ladbrokes,4.800,1.700,TOP3,15.500,10.000,31.10389610389610389610,-72.0064935064935064935100000000000000000000,22.207792207792207792208000,-59.1388464476699770815100000000000000000000,-43.5138464476699770817600000000000000000000,-25.3477564822720532062807612456747404844300,
NSW,Tamworth,7,1000,Good,4,2026-09-28,5196006,5468327,Open,BM 70,9,False,5349722,Cosmolicious,6,5,56,False,H.E.Van Der Hoven,C.A.Grouse,False,10,3,Australia,Tamworth,7,2026-09-28 07:15:00+00:00,6,Cosmolicious,9,Sportsbet,4.800,1.570,TOP3,15.500,10.000,31.10389610389610389610,-72.0064935064935064935100000000000000000000,22.207792207792207792208000,-55.4857928695508313337600000000000000000000,-39.8607928695508313340100000000000000000000,-22.5172900905334269768391918536248935048075,
NSW,Tamworth,7,1000,Good,4,2026-09-28,5196006,5468327,Open,BM 70,9,False,5349722,Cosmolicious,6,5,56,False,H.E.Van Der Hoven,C.A.Grouse,False,10,3,Australia,Tamworth,7,2026-09-28 07:15:00+00:00,6,Cosmolicious,9,UniBet,5.000,1.650,TOP3,15.500,10.000,32.40259740259740259740,-70.8376623376623376623400000000000000000000,23.376623376623376623377000,-55.3831168831168831165900000000000000000000,-40.3831168831168831165900000000000000000000,-22.4767807949626131442008815426997245179075,
NSW,Tamworth,7,1000,Good,4,2026-09-28,5196006,5468327,Open,BM 70,9,False,5349722,Cosmolicious,6,5,56,False,H.E.Van Der Hoven,C.A.Grouse,False,10,3,Australia,Tamworth,7,2026-09-28 07:15:00+00:00,6,Cosmolicious,9,Surge ,5.000,1.750,TOP3,15.500,10.000,32.40259740259740259740,-70.8376623376623376623400000000000000000000,23.376623376623376623377000,-57.9805194805194805195900000000000000000000,-42.9805194805194805195900000000000000000000,-24.6131725417439703154930612244897959183675,
NSW,Tamworth,7,1000,Good,4,2026-09-28,5196006,5468327,Open,BM 70,9,False,5349722,Cosmolicious,6,5,56,False,H.E.Van Der Hoven,C.A.Grouse,False,10,3,Australia,Tamworth,7,2026-09-28 07:15:00+00:00,6,Cosmolicious,9,Betr,5.000,1.620,TOP3,15.500,10.000,32.40259740259740259740,-70.8376623376623376623400000000000000000000,23.376623376623376623377000,-54.5413660413660413658400000000000000000000,-39.5413660413660413658400000000000000000000,-21.8230304217958538944657430269775948788300,
WA,Bunbury,8,1200,Soft,5,2026-09-28,5196062,5466018,Open,BM 70,13,False,5349776,Cosmic Treat,11,7,55.5,False,L.F.Fiore,D.T.Mcauliffe,False,7,,Australia,Bunbury,8,2026-09-28 09:30:00+00:00,11,Cosmic Treat,13,Dabble,8.000,2.750,TOP3,26.000,8.000,30.82561728395061728395,-71.6404320987654320987660000000000000000000,24.845679012345679012346000,-63.1177048260381593717660000000000000000000,-53.7427048260381593717660000000000000000000,-36.3873329252117130908486446280991735537200,
WA,Bunbury,8,1200,Soft,5,2026-09-28,5196062,5466018,Open,BM 70,13,False,5349776,Cosmic Treat,11,7,55.5,False,L.F.Fiore,D.T.Mcauliffe,False,7,,Australia,Bunbury,8,2026-09-28 09:30:00+00:00,11,Cosmic Treat,13,Ladbrokes,8.000,2.700,TOP3,26.000,8.000,30.82561728395061728395,-71.6404320987654320987660000000000000000000,24.845679012345679012346000,-62.6126543209876543210160000000000000000000,-53.2376543209876543210160000000000000000000,-35.7479423868312757202001563786008230452675,
WA,Bunbury,8,1200,Soft,5,2026-09-28,5196062,5466018,Open,BM 70,13,False,5349776,Cosmic Treat,11,7,55.5,False,L.F.Fiore,D.T.Mcauliffe,False,7,,Australia,Bunbury,8,2026-09-28 09:30:00+00:00,11,Cosmic Treat,13,Sportsbet,9.000,2.700,TOP3,26.000,8.000,34.68364197530864197531,-68.0910493827160493827148000000000000000000,28.395061728395061728395000,-56.9799382716049382714648000000000000000000,-48.6466049382716049382148000000000000000000,-31.1568930041152263373989563786008230452675,
WA,Bunbury,8,1200,Soft,5,2026-09-28,5196062,5466018,Open,BM 70,13,False,5349776,Cosmic Treat,11,7,55.5,False,L.F.Fiore,D.T.Mcauliffe,False,7,,Australia,Bunbury,8,2026-09-28 09:30:00+00:00,11,Cosmic Treat,13,UniBet,8.000,2.700,TOP3,26.000,8.000,30.82561728395061728395,-71.6404320987654320987660000000000000000000,24.845679012345679012346000,-62.6126543209876543210160000000000000000000,-53.2376543209876543210160000000000000000000,-35.7479423868312757202001563786008230452675,
WA,Bunbury,8,1200,Soft,5,2026-09-28,5196062,5466018,Open,BM 70,13,False,5349776,Cosmic Treat,11,7,55.5,False,L.F.Fiore,D.T.Mcauliffe,False,7,,Australia,Bunbury,8,2026-09-28 09:30:00+00:00,11,Cosmic Treat,13,Surge ,8.000,2.700,TOP3,26.000,8.000,30.82561728395061728395,-71.6404320987654320987660000000000000000000,24.845679012345679012346000,-62.6126543209876543210160000000000000000000,-53.2376543209876543210160000000000000000000,-35.7479423868312757202001563786008230452675,
NSW,Warwick Farm,2,795,Soft,5,2026-09-28,5197463,5481984,Paying,Trial,9,True,5349778,Sun Warrior,8,0,,False,R.Jones,M.C.Smith,False,1,,,,,,,,,,,,,,,,,,,,,
NSW,Wagga,1,1400,Good,4,2026-09-28,5194203,5468768,Paying,Maiden,11,False,5349782,The Ultimate Star,2,11,59,False,S.L.Fawke,T.R.Smart,False,5,2,,,,,,,,,,,,,,,,,,,,
SA,Morphettville Parks,11,1000,Good,4,2026-09-28,5197445,5482081,Paying,Trial,9,True,5349845,Oui Oui Ma Cherie,4,0,,False,M.Sanders,S.P.Gower,False,1,11,,,,,,,,,,,,,,,,,,,,
VIC,Coleraine,4,900,Good,4,2026-09-28,5197871,5482218,Paying,Trial,5,True,5349846,Symphatum,3,0,,False,J.D.Hill,S.W.Wilde,True,1,,,,,,,,,,,,,,,,,,,,,
VIC,Southside Cranbourne,8,800,Good,4,2026-09-28,5197870,5482052,Nominations,Trial,8,True,5349864,Belmagna,0,,,False,,S.Wynne,True,1,,,,,,,,,,,,,,,,,,,,,
NSW,Wagga,1,1000,Good,0,2026-09-28,5197836,5482019,FinalFields,Trial,10,True,5349907,My Boy Crippa,7,1,,False,,D.L.Scott,True,1,,,,,,,,,,,,,,,,,,,,,
WA,Bunbury,3,1400,Soft,5,2026-09-28,5196062,5481878,Open,Maiden,11,False,5349980,Fortgang,8,2,56,False,C.J.Parnham,N.D.Parnham,False,4,,Australia,Bunbury,3,2026-09-28 06:27:00+00:00,8,Fortgang,11,Betr,26.000,5.500,TOP3,600.000,8.000,4.33224429923989865315,-96.0143352446992932391020000000000000000000,3.833844512601680224030000,-88.1472023775664261066020000000000000000000,-85.2625869929510414911020000000000000000000,-74.1055621995626117391226611570247933884300,
WA,Bunbury,3,1400,Soft,5,2026-09-28,5196062,5481878,Open,Maiden,11,False,5349980,Fortgang,8,2,56,False,C.J.Parnham,N.D.Parnham,False,4,,Australia,Bunbury,3,2026-09-28 06:27:00+00:00,8,Fortgang,11,Dabble,26.000,4.600,TOP3,600.000,8.000,4.33224429923989865315,-96.0143352446992932391020000000000000000000,3.833844512601680224030000,-85.4792181878431059481020000000000000000000,-82.5946028032277213326020000000000000000000,-69.8346784175944510110934933837429111531200,
WA,Bunbury,3,1400,Soft,5,2026-09-28,5196062,5481878,Open,Maiden,11,False,5349980,Fortgang,8,2,56,False,C.J.Parnham,N.D.Parnham,False,4,,Australia,Bunbury,3,2026-09-28 06:27:00+00:00,8,Fortgang,11,Ladbrokes,26.000,5.000,TOP3,600.000,8.000,4.33224429923989865315,-96.0143352446992932391020000000000000000000,3.833844512601680224030000,-86.7835660139300624701020000000000000000000,-83.8989506293146778546020000000000000000000,-71.8989506293146778546020000000000000000000,
WA,Bunbury,3,1400,Soft,5,2026-09-28,5196062,5481878,Open,Maiden,11,False,5349980,Fortgang,8,2,56,False,C.J.Parnham,N.D.Parnham,False,4,,Australia,Bunbury,3,2026-09-28 06:27:00+00:00,8,Fortgang,11,Sportsbet,27.000,6.250,TOP3,600.000,8.000,4.49893319109214561942,-95.8609814641952260301336000000000000000000,3.987198293105747432991000,-89.4165370197507815861336000000000000000000,-86.6387592419730038081336000000000000000000,-76.5587592419730038081336000000000000000000,
WA,Bunbury,3,1400,Soft,5,2026-09-28,5196062,5481878,Open,Maiden,11,False,5349980,Fortgang,8,2,56,False,C.J.Parnham,N.D.Parnham,False,4,,Australia,Bunbury,3,2026-09-28 06:27:00+00:00,8,Fortgang,11,UniBet,23.000,4.800,TOP3,600.000,8.000,3.83217762368315775437,-96.4743965862114948659796000000000000000000,3.373783171089478597146000,-87.3711357166462774747296000000000000000000,-84.1102661514288861704796000000000000000000,-71.7404744847622195039587666666666666666675,
WA,Bunbury,3,1400,Soft,5,2026-09-28,5196062,5481878,Open,Maiden,11,False,5349980,Fortgang,8,2,56,False,C.J.Parnham,N.D.Parnham,False,4,,Australia,Bunbury,3,2026-09-28 06:27:00+00:00,8,Fortgang,11,Surge ,26.000,4.400,TOP3,600.000,8.000,4.33224429923989865315,-96.0143352446992932391020000000000000000000,3.833844512601680224030000,-84.7381114684755170153520000000000000000000,-81.8534960838601323998520000000000000000000,-68.6820084805543472757734876033057851239675,
VIC,Southside Cranbourne,4,800,Good,4,2026-09-28,5197870,5482048,Nominations,Trial,9,True,5349984,Deliberate Ploy,0,,,False,,R.D.Griffiths,False,1,,,,,,,,,,,,,,,,,,,,,
SA,Morphettville Parks,6,800,Good,4,2026-09-28,5197445,5475291,Paying,Trial,9,True,5349994,Artful Flojo,5,0,,False,M.Collett,S.Rutten,True,1,,,,,,,,,,,,,,,,,,,,,
SA,Morphettville Parks,10,1000,Good,4,2026-09-28,5197445,5482080,Paying,Trial,9,True,5350000,The Better Husband,3,0,,False,B.King,Dion & Raygan Koch,False,1,,,,,,,,,,,,,,,,,,,,,
SA,Morphettville Parks,14,1000,Good,4,2026-09-28,5197445,5482073,Paying,Trial,8,True,5350001,Stockmans Choice,9,0,,False,J.B.Murphy,Aaron Bain & Ned Taylor,False,1,,,,,,,,,,,,,,,,,,,,,
VIC,Southside Cranbourne,13,1000,Good,4,2026-09-28,5197870,5482057,Nominations,Trial,9,True,5350008,Rainsun,0,,,False,,M.W.Walker,False,5,,,,,,,,,,,,,,,,,,,,,
SA,Morphettville Parks,10,1000,Good,4,2026-09-28,5197445,5482080,Paying,Trial,9,True,5350036,Goodwin Guru,1,0,,False,J.Holder,A.J.Gluyas,False,1,,,,,,,,,,,,,,,,,,,,,
WA,Bunbury,3,1400,Soft,5,2026-09-28,5196062,5481878,Open,Maiden,11,False,5350144,Playa Del Sol,4,7,56,True,P.J.Harvey,D.T.Mcauliffe,False,4,,,,,,,,,,,,,,,,,,,,,
VIC,Coleraine,7,900,Good,4,2026-09-28,5197871,5482222,Paying,Trial,4,True,5350190,Native Dance,1,0,,False,J.D.Hill,S.W.Wilde,True,1,,,,,,,,,,,,,,,,,,,,,
NSW,Wagga,2,1000,Good,0,2026-09-28,5197836,5482018,FinalFields,Trial,8,True,5350312,Apres,1,9,,False,,P.Mcvicar,False,4,,,,,,,,,,,,,,,,,,,,,
SA,Morphettville Parks,7,1000,Good,4,2026-09-28,5197445,5475295,Paying,Trial,9,True,5350317,Bassett Babe,5,0,,False,R.L.Hammond,A.J.Gluyas,False,3,,,,,,,,,,,,,,,,,,,,,
VIC,Coleraine,8,900,Good,4,2026-09-28,5197871,5482223,Paying,Trial,4,True,5350380,Sold Nige,0,0,,True,,S.W.Wilde,True,1,,,,,,,,,,,,,,,,,,,,,
VIC,Park Kilmore,4,1100,Good,3,2026-09-28,5195834,5469790,Open,Maiden,10,False,5350810,Maristela,15,9,57.5,False,M.Castle,B.T.Verwey-Mitchell,False,1,,Australia,Kilmore,4,2026-09-28 05:00:00+00:00,15,Maristela,10,Betr,126.000,14.000,TOP3,960.000,8.000,13.12505208767397283107,-87.9249520793399449954156000000000000000000,11.980165013751145928827000,-83.7582854126732783291656000000000000000000,-83.1630473174351830909156000000000000000000,-78.1885575215168157440686612244897959183675,
VIC,Park Kilmore,4,1100,Good,3,2026-09-28,5195834,5469790,Open,Maiden,10,False,5350810,Maristela,15,9,57.5,False,M.Castle,B.T.Verwey-Mitchell,False,1,,Australia,Kilmore,4,2026-09-28 05:00:00+00:00,15,Maristela,10,Dabble,126.000,14.000,TOP3,960.000,8.000,13.12505208767397283107,-87.9249520793399449954156000000000000000000,11.980165013751145928827000,-83.7582854126732783291656000000000000000000,-83.1630473174351830909156000000000000000000,-78.1885575215168157440686612244897959183675,
VIC,Park Kilmore,4,1100,Good,3,2026-09-28,5195834,5469790,Open,Maiden,10,False,5350810,Maristela,15,9,57.5,False,M.Castle,B.T.Verwey-Mitchell,False,1,,Australia,Kilmore,4,2026-09-28 05:00:00+00:00,15,Maristela,10,Ladbrokes,151.000,12.000,TOP3,960.000,8.000,15.72943578631552629386,-85.5289190765897158096488000000000000000000,14.376198016501375114593000,-80.2722965600334244193988000000000000000000,-79.7756078183115701146488000000000000000000,-74.0464411516449034481904666666666666666675,
VIC,Park Kilmore,4,1100,Good,3,2026-09-28,5195834,5469790,Open,Maiden,10,False,5350810,Maristela,15,9,57.5,False,M.Castle,B.T.Verwey-Mitchell,False,1,,Australia,Kilmore,4,2026-09-28 05:00:00+00:00,15,Maristela,10,Sportsbet,201.000,23.500,TOP3,960.000,8.000,20.93820318359863321943,-80.7368530710892574381244000000000000000000,19.168264022001833486124000,-78.2916323661035476893744000000000000000000,-77.9184980377453387338744000000000000000000,-74.8628167339879824639084651878678134902675,
VIC,Park Kilmore,4,1100,Good,3,2026-09-28,5195834,5469790,Open,Maiden,10,False,5350810,Maristela,15,9,57.5,False,M.Castle,B.T.Verwey-Mitchell,False,1,,Australia,Kilmore,4,2026-09-28 05:00:00+00:00,15,Maristela,10,UniBet,151.000,15.000,TOP3,960.000,8.000,15.72943578631552629386,-85.5289190765897158096488000000000000000000,14.376198016501375114593000,-81.5222965600334244188988000000000000000000,-81.0256078183115701141488000000000000000000,-76.3589411516449034472654666666666666666675,
VIC,Park Kilmore,4,1100,Good,3,2026-09-28,5195834,5469790,Open,Maiden,10,False,5350810,Maristela,15,9,57.5,False,M.Castle,B.T.Verwey-Mitchell,False,1,,Australia,Kilmore,4,2026-09-28 05:00:00+00:00,15,Maristela,10,Surge ,126.000,13.000,TOP3,960.000,8.000,13.12505208767397283107,-87.9249520793399449954156000000000000000000,11.980165013751145928827000,-83.3461975005853662409156000000000000000000,-82.7509594053472710026656000000000000000000,-77.4255156183650224817602745562130177514800,
WA,Bunbury,5,1000,Soft,5,2026-09-28,5196062,5466016,Open,BM 58,8,False,5350876,Londons Rascal,4,1,56,False,V.A.Corver,R.P.Hill,False,5,13,Australia,Bunbury,5,2026-09-28 07:42:00+00:00,4,Londons Rascal,8,Betr,12.000,2.600,TOP3,34.000,8.000,35.34787735849056603774,-67.4799528301886792452792000000000000000000,29.834905660377358490566000,-51.1337989840348330912792000000000000000000,-44.8837989840348330915292000000000000000000,-27.1323196940940046892422177514792899408300,
WA,Bunbury,5,1000,Soft,5,2026-09-28,5196062,5466016,Open,BM 58,8,False,5350876,Londons Rascal,4,1,56,False,V.A.Corver,R.P.Hill,False,5,13,Australia,Bunbury,5,2026-09-28 07:42:00+00:00,4,Londons Rascal,8,Dabble,11.000,2.650,TOP3,34.000,8.000,32.39976415094339622642,-70.1922169811320754716936000000000000000000,27.122641509433962264151000,-55.5266938250428816464436000000000000000000,-48.7085120068610634646936000000000000000000,-31.0865824945791125924797338554645781416875,
WA,Bunbury,5,1000,Soft,5,2026-09-28,5196062,5466016,Open,BM 58,8,False,5350876,Londons Rascal,4,1,56,False,V.A.Corver,R.P.Hill,False,5,13,Australia,Bunbury,5,2026-09-28 07:42:00+00:00,4,Londons Rascal,8,Ladbrokes,12.000,2.600,TOP3,34.000,8.000,35.34787735849056603774,-67.4799528301886792452792000000000000000000,29.834905660377358490566000,-51.1337989840348330912792000000000000000000,-44.8837989840348330915292000000000000000000,-27.1323196940940046892422177514792899408300,
WA,Bunbury,5,1000,Soft,5,2026-09-28,5196062,5466016,Open,BM 58,8,False,5350876,Londons Rascal,4,1,56,False,V.A.Corver,R.P.Hill,False,5,13,Australia,Bunbury,5,2026-09-28 07:42:00+00:00,4,Londons Rascal,8,Sportsbet,13.000,2.880,TOP3,34.000,8.000,38.29599056603773584906,-64.7676886792452830188648000000000000000000,32.547169811320754716981000,-50.2644835510401548143648000000000000000000,-44.4952527818093855833648000000000000000000,-27.4958314855130892871194296296296296296300,
WA,Bunbury,5,1000,Soft,5,2026-09-28,5196062,5466016,Open,BM 58,8,False,5350876,Londons Rascal,4,1,56,False,V.A.Corver,R.P.Hill,False,5,13,Australia,Bunbury,5,2026-09-28 07:42:00+00:00,4,Londons Rascal,8,UniBet,12.000,2.700,TOP3,34.000,8.000,35.34787735849056603774,-67.4799528301886792452792000000000000000000,29.834905660377358490566000,-52.2021750524109014670292000000000000000000,-45.9521750524109014672792000000000000000000,-28.4624631182545228664633563786008230452675,
WA,Bunbury,5,1000,Soft,5,2026-09-28,5196062,5466016,Open,BM 58,8,False,5350876,Londons Rascal,4,1,56,False,V.A.Corver,R.P.Hill,False,5,13,Australia,Bunbury,5,2026-09-28 07:42:00+00:00,4,Londons Rascal,8,Surge ,12.000,2.700,TOP3,34.000,8.000,35.34787735849056603774,-67.4799528301886792452792000000000000000000,29.834905660377358490566000,-52.2021750524109014670292000000000000000000,-45.9521750524109014672792000000000000000000,-28.4624631182545228664633563786008230452675,
NSW,Wagga,5,1600,Good,4,2026-09-28,5194203,5468769,Open,Maiden,10,False,5350904,Supreme Lass,10,12,57,False,S.Guymer,John & Chris Ledger,False,6,,,,,,,,,,,,,,,,,,,,,
NSW,Wagga,5,1600,Good,4,2026-09-28,5194203,5468769,Open,Maiden,10,False,5350958,Ring Of Fire,5,5,59,False,N.Heywood,Keith Dryden & Libby Snowden,False,3,,Australia,Wagga,5,2026-09-28 05:45:00+00:00,5,Ring Of Fire,10,Dabble,4.600,1.550,TOP3,34.000,10.000,13.53982300884955752212,-87.8141592920353982300920000000000000000000,9.557522123893805309735000,-72.0357581700157628870920000000000000000000,-55.7314103439288063650920000000000000000000,-38.5617953595375472599650489073881373569200,
NSW,Wagga,5,1600,Good,4,2026-09-28,5194203,5468769,Open,Maiden,10,False,5350958,Ring Of Fire,5,5,59,False,N.Heywood,Keith Dryden & Libby Snowden,False,3,,Australia,Wagga,5,2026-09-28 05:45:00+00:00,5,Ring Of Fire,10,Ladbrokes,4.600,1.600,TOP3,34.000,10.000,13.53982300884955752212,-87.8141592920353982300920000000000000000000,9.557522123893805309735000,-73.5478549442093112740920000000000000000000,-57.2435071181223547520920000000000000000000,-39.6653821181223547520920000000000000000000,
NSW,Wagga,5,1600,Good,4,2026-09-28,5194203,5468769,Open,Maiden,10,False,5350958,Ring Of Fire,5,5,59,False,N.Heywood,Keith Dryden & Libby Snowden,False,3,,Australia,Wagga,5,2026-09-28 05:45:00+00:00,5,Ring Of Fire,10,Sportsbet,4.800,1.530,TOP3,34.000,10.000,14.12979351032448377581,-87.2831858407079646017710000000000000000000,10.088495575221238938053000,-69.5135779975707096992710000000000000000000,-53.8885779975707096995210000000000000000000,-36.9079295290329678053897684224016403947200,
NSW,Wagga,5,1600,Good,4,2026-09-28,5194203,5468769,Open,Maiden,10,False,5350958,Ring Of Fire,5,5,59,False,N.Heywood,Keith Dryden & Libby Snowden,False,3,,Australia,Wagga,5,2026-09-28 05:45:00+00:00,5,Ring Of Fire,10,UniBet,4.800,1.550,TOP3,34.000,10.000,14.12979351032448377581,-87.2831858407079646017710000000000000000000,10.088495575221238938053000,-70.1460890665144162142710000000000000000000,-54.5210890665144162145210000000000000000000,-37.3514740821231571093940489073881373569200,
NSW,Wagga,5,1600,Good,4,2026-09-28,5194203,5468769,Open,Maiden,10,False,5350958,Ring Of Fire,5,5,59,False,N.Heywood,Keith Dryden & Libby Snowden,False,3,,Australia,Wagga,5,2026-09-28 05:45:00+00:00,5,Ring Of Fire,10,Surge ,4.800,1.600,TOP3,34.000,10.000,14.12979351032448377581,-87.2831858407079646017710000000000000000000,10.088495575221238938053000,-71.6581858407079646012710000000000000000000,-56.0331858407079646015210000000000000000000,-38.4550608407079646015210000000000000000000,
SA,Morphettville Parks,2,800,Good,4,2026-09-28,5197445,5482083,Paying,Trial,5,True,5351105,Orlova,4,0,,False,T.Hutchinson,Dan Clarken & Oopy Macgillivray,False,12,7,,,,,,,,,,,,,,,,,,,,
WA,Bunbury,6,1400,Soft,5,2026-09-28,5196062,5481877,Open,Maiden,14,False,5351108,Coracao,9,2,56,False,J.K.Tsang,K.R.Scallan,False,7,,Australia,Bunbury,6,2026-09-28 08:18:00+00:00,9,Coracao,14,Betr,23.000,5.500,TOP3,600.000,8.000,3.83217762368315775437,-96.4743965862114948659796000000000000000000,3.373783171089478597146000,-89.3597720802826411109796000000000000000000,-86.0989025150652498067296000000000000000000,-74.9418777216768200547502611570247933884300,
WA,Bunbury,6,1400,Soft,5,2026-09-28,5196062,5481877,Open,Maiden,14,False,5351108,Coracao,9,2,56,False,J.K.Tsang,K.R.Scallan,False,7,,Australia,Bunbury,6,2026-09-28 08:18:00+00:00,9,Coracao,14,Dabble,23.000,4.600,TOP3,600.000,8.000,3.83217762368315775437,-96.4743965862114948659796000000000000000000,3.373783171089478597146000,-86.6917878905593209524796000000000000000000,-83.4309183253419296482296000000000000000000,-70.6709939397086593267210933837429111531200,
WA,Bunbury,6,1400,Soft,5,2026-09-28,5196062,5481877,Open,Maiden,14,False,5351108,Coracao,9,2,56,False,J.K.Tsang,K.R.Scallan,False,7,,Australia,Bunbury,6,2026-09-28 08:18:00+00:00,9,Coracao,14,Ladbrokes,23.000,4.500,TOP3,600.000,8.000,3.83217762368315775437,-96.4743965862114948659796000000000000000000,3.373783171089478597146000,-86.3294690499796108079796000000000000000000,-83.0685994847622195037296000000000000000000,-70.1056365217992565408592296296296296296300,
WA,Bunbury,6,1400,Soft,5,2026-09-28,5196062,5481877,Open,Maiden,14,False,5351108,Coracao,9,2,56,False,J.K.Tsang,K.R.Scallan,False,7,,Australia,Bunbury,6,2026-09-28 08:18:00+00:00,9,Coracao,14,Sportsbet,23.000,5.500,TOP3,600.000,8.000,3.83217762368315775437,-96.4743965862114948659796000000000000000000,3.373783171089478597146000,-89.3597720802826411109796000000000000000000,-86.0989025150652498067296000000000000000000,-74.9418777216768200547502611570247933884300,
WA,Bunbury,6,1400,Soft,5,2026-09-28,5196062,5481877,Open,Maiden,14,False,5351108,Coracao,9,2,56,False,J.K.Tsang,K.R.Scallan,False,7,,Australia,Bunbury,6,2026-09-28 08:18:00+00:00,9,Coracao,14,UniBet,21.000,5.000,TOP3,600.000,8.000,3.49879983997866382184,-96.7811041472196292839072000000000000000000,3.067075610081344179224000,-88.9239612900767721414072000000000000000000,-85.3525327186482007126572000000000000000000,-73.3525327186482007126572000000000000000000,
WA,Bunbury,6,1400,Soft,5,2026-09-28,5196062,5481877,Open,Maiden,14,False,5351108,Coracao,9,2,56,False,J.K.Tsang,K.R.Scallan,False,7,,Australia,Bunbury,6,2026-09-28 08:18:00+00:00,9,Coracao,14,Surge ,23.000,4.600,TOP3,600.000,8.000,3.83217762368315775437,-96.4743965862114948659796000000000000000000,3.373783171089478597146000,-86.6917878905593209524796000000000000000000,-83.4309183253419296482296000000000000000000,-70.6709939397086593267210933837429111531200,
WA,Bunbury,8,1200,Soft,5,2026-09-28,5196062,5466018,Open,BM 70,13,False,5351179,Queen Selyse,14,4,54.5,False,M.J.Derrick,P.J.Naylor,False,17,9,Australia,Bunbury,8,2026-09-28 09:30:00+00:00,14,Queen Selyse,13,Dabble,126.000,17.000,TOP3,890.000,8.000,14.15745235526788924847,-86.9751438331535418914076000000000000000000,12.922509888529306005034000,-83.7538553177473794269076000000000000000000,-83.1586172225092841886576000000000000000000,-79.0063680875611873030001605536332179930800,
WA,Bunbury,8,1200,Soft,5,2026-09-28,5196062,5466018,Open,BM 70,13,False,5351179,Queen Selyse,14,4,54.5,False,M.J.Derrick,P.J.Naylor,False,17,9,Australia,Bunbury,8,2026-09-28 09:30:00+00:00,14,Queen Selyse,13,Ladbrokes,126.000,17.000,TOP3,890.000,8.000,14.15745235526788924847,-86.9751438331535418914076000000000000000000,12.922509888529306005034000,-83.7538553177473794269076000000000000000000,-83.1586172225092841886576000000000000000000,-79.0063680875611873030001605536332179930800,
WA,Bunbury,8,1200,Soft,5,2026-09-28,5196062,5466018,Open,BM 70,13,False,5351179,Queen Selyse,14,4,54.5,False,M.J.Derrick,P.J.Naylor,False,17,9,Australia,Bunbury,8,2026-09-28 09:30:00+00:00,14,Queen Selyse,13,Sportsbet,151.000,24.250,TOP3,890.000,8.000,16.96669363538295577131,-84.3906418554476806903948000000000000000000,15.507011866235167206041000,-82.2912358337367501246448000000000000000000,-81.7945470920148958198948000000000000000000,-78.8293010509903448580568522903602933361675,
WA,Bunbury,8,1200,Soft,5,2026-09-28,5196062,5466018,Open,BM 70,13,False,5351179,Queen Selyse,14,4,54.5,False,M.J.Derrick,P.J.Naylor,False,17,9,Australia,Bunbury,8,2026-09-28 09:30:00+00:00,14,Queen Selyse,13,UniBet,126.000,15.000,TOP3,890.000,8.000,14.15745235526788924847,-86.9751438331535418914076000000000000000000,12.922509888529306005034000,-83.1656200236297323676576000000000000000000,-82.5703819283916371294076000000000000000000,-77.9037152617249704625242666666666666666675,
WA,Bunbury,8,1200,Soft,5,2026-09-28,5196062,5466018,Open,BM 70,13,False,5351179,Queen Selyse,14,4,54.5,False,M.J.Derrick,P.J.Naylor,False,17,9,Australia,Bunbury,8,2026-09-28 09:30:00+00:00,14,Queen Selyse,13,Surge ,126.000,17.000,TOP3,890.000,8.000,14.15745235526788924847,-86.9751438331535418914076000000000000000000,12.922509888529306005034000,-83.7538553177473794269076000000000000000000,-83.1586172225092841886576000000000000000000,-79.0063680875611873030001605536332179930800,
SA,Morphettville Parks,8,1000,Good,4,2026-09-28,5197445,5482078,Paying,Trial,9,True,5351226,Anotherhouse,8,0,,False,T.J.Pannell,K.L.Evans,False,4,13,,,,,,,,,,,,,,,,,,,,
SA,Morphettville Parks,1,800,Good,4,2026-09-28,5197445,5482082,Paying,Trial,3,True,5351373,Cicala,3,0,,True,R.L.Milnes,Will Clarken & Charlotte Sorby,False,6,,,,,,,,,,,,,,,,,,,,,
NSW,Tamworth,3,1400,Good,4,2026-09-28,5196006,5468329,Open,Maiden,9,False,5351387,Morpeth,2,4,59,False,J.G.Stiff,J.A.Sylvester,False,5,,Australia,Tamworth,3,2026-09-28 04:50:00+00:00,2,Morpeth,9,Dabble,91.000,7.000,TOP3,530.000,10.000,17.17116437063596905076,-84.5459520664276278543160000000000000000000,15.285903000566144555577000,-75.4800180004935619203160000000000000000000,-74.6558421763177377445660000000000000000000,-65.4721687069299826426782448979591836734700,
NSW,Tamworth,3,1400,Good,4,2026-09-28,5196006,5468329,Open,Maiden,9,False,5351387,Morpeth,2,4,59,False,J.G.Stiff,J.A.Sylvester,False,5,,Australia,Tamworth,3,2026-09-28 04:50:00+00:00,2,Morpeth,9,Ladbrokes,91.000,8.000,TOP3,530.000,10.000,17.17116437063596905076,-84.5459520664276278543160000000000000000000,15.285903000566144555577000,-76.8193037147792762058160000000000000000000,-75.9951278906034520300660000000000000000000,-67.7920028906034520300660000000000000000000,
NSW,Tamworth,3,1400,Good,4,2026-09-28,5196006,5468329,Open,Maiden,9,False,5351387,Morpeth,2,4,59,False,J.G.Stiff,J.A.Sylvester,False,5,,Australia,Tamworth,3,2026-09-28 04:50:00+00:00,2,Morpeth,9,Sportsbet,81.000,11.750,TOP3,530.000,10.000,15.28401585204755614267,-86.2443857331571994715970000000000000000000,13.587469333836572938290000,-81.7132588616047960035970000000000000000000,-80.7873329356788700778470000000000000000000,-74.9475864440537003174832607514712539610700,
NSW,Tamworth,3,1400,Good,4,2026-09-28,5196006,5468329,Open,Maiden,9,False,5351387,Morpeth,2,4,59,False,J.G.Stiff,J.A.Sylvester,False,5,,Australia,Tamworth,3,2026-09-28 04:50:00+00:00,2,Morpeth,9,UniBet,81.000,7.000,TOP3,530.000,10.000,15.28401585204755614267,-86.2443857331571994715970000000000000000000,13.587469333836572938290000,-77.3819518707233370375970000000000000000000,-76.4560259447974111118470000000000000000000,-67.2723524754096560099592448979591836734700,
NSW,Tamworth,3,1400,Good,4,2026-09-28,5196006,5468329,Open,Maiden,9,False,5351387,Morpeth,2,4,59,False,J.G.Stiff,J.A.Sylvester,False,5,,Australia,Tamworth,3,2026-09-28 04:50:00+00:00,2,Morpeth,9,Surge ,91.000,7.000,TOP3,530.000,10.000,17.17116437063596905076,-84.5459520664276278543160000000000000000000,15.285903000566144555577000,-75.4800180004935619203160000000000000000000,-74.6558421763177377445660000000000000000000,-65.4721687069299826426782448979591836734700,
VIC,Park Kilmore,3,1200,Good,3,2026-09-28,5195834,5469788,Open,Maiden,11,False,5351496,Native Spirit,20,12,59.5,False,J.C.Maskiell,R.Besanko,False,2,,Australia,Kilmore,3,2026-09-28 04:30:00+00:00,20,Native Spirit,11,Betr,126.000,11.000,TOP3,1000.000,8.000,12.60000800064005120410,-88.4079926394111528922280000000000000000000,11.500920073605888471078000,-82.7802870117055251869780000000000000000000,-82.1850489164674299487280000000000000000000,-75.9867018090294134198581652892561983471075,
VIC,Park Kilmore,3,1200,Good,3,2026-09-28,5195834,5469788,Open,Maiden,11,False,5351496,Native Spirit,20,12,59.5,False,J.C.Maskiell,R.Besanko,False,2,,Australia,Kilmore,3,2026-09-28 04:30:00+00:00,20,Native Spirit,11,Dabble,126.000,12.000,TOP3,1000.000,8.000,12.60000800064005120410,-88.4079926394111528922280000000000000000000,11.500920073605888471078000,-83.3484688298873433689780000000000000000000,-82.7532307346492481307280000000000000000000,-77.0240640679825814642696666666666666666675,
VIC,Park Kilmore,3,1200,Good,3,2026-09-28,5195834,5469788,Open,Maiden,11,False,5351496,Native Spirit,20,12,59.5,False,J.C.Maskiell,R.Besanko,False,2,,Australia,Kilmore,3,2026-09-28 04:30:00+00:00,20,Native Spirit,11,Ladbrokes,201.000,16.000,TOP3,1000.000,8.000,20.10060804864389151132,-81.5074405952476198095856000000000000000000,18.401472117769421553724000,-77.5662092519640377205856000000000000000000,-77.1930749236058287650856000000000000000000,-72.7985436736058287650856000000000000000000,
VIC,Park Kilmore,3,1200,Good,3,2026-09-28,5195834,5469788,Open,Maiden,11,False,5351496,Native Spirit,20,12,59.5,False,J.C.Maskiell,R.Besanko,False,2,,Australia,Kilmore,3,2026-09-28 04:30:00+00:00,20,Native Spirit,11,Sportsbet,151.000,18.000,TOP3,1000.000,8.000,15.10020801664133130650,-86.1078086246899751980200000000000000000000,13.801104088327066165293000,-82.9345194414670171405200000000000000000000,-82.4378306997451628357700000000000000000000,-78.5026455145599776502885185185185185185200,
VIC,Park Kilmore,3,1200,Good,3,2026-09-28,5195834,5469788,Open,Maiden,11,False,5351496,Native Spirit,20,12,59.5,False,J.C.Maskiell,R.Besanko,False,2,,Australia,Kilmore,3,2026-09-28 04:30:00+00:00,20,Native Spirit,11,UniBet,151.000,13.000,TOP3,1000.000,8.000,15.10020801664133130650,-86.1078086246899751980200000000000000000000,13.801104088327066165293000,-81.3319553389029145765200000000000000000000,-80.8352665971810602717700000000000000000000,-75.5098228101988117508646745562130177514800,
VIC,Park Kilmore,3,1200,Good,3,2026-09-28,5195834,5469788,Open,Maiden,11,False,5351496,Native Spirit,20,12,59.5,False,J.C.Maskiell,R.Besanko,False,2,,Australia,Kilmore,3,2026-09-28 04:30:00+00:00,20,Native Spirit,11,Surge ,126.000,11.000,TOP3,1000.000,8.000,12.60000800064005120410,-88.4079926394111528922280000000000000000000,11.500920073605888471078000,-82.7802870117055251869780000000000000000000,-82.1850489164674299487280000000000000000000,-75.9867018090294134198581652892561983471075,
VIC,Park Kilmore,3,1200,Good,3,2026-09-28,5195834,5469788,Open,Maiden,11,False,5351550,Hansard,19,14,59.5,True,,I.M.Pankhurst,False,1,,,,,,,,,,,,,,,,,,,,,
SA,Morphettville Parks,15,1000,Good,4,2026-09-28,5197445,5482074,Paying,Trial,8,True,5351668,Mean Mazzle,7,0,,False,T.Voorham,D.Shepherd,False,3,,,,,,,,,,,,,,,,,,,,,
NSW,Tamworth,5,1600,Good,4,2026-09-28,5196006,5468328,Open,BM 58,8,False,5351905,Yorkel,3,3,60,True,,K.W.Hazelton,False,3,,,,,,,,,,,,,,,,,,,,,
VIC,Southside Cranbourne,6,800,Good,4,2026-09-28,5197870,5482050,Nominations,Trial,8,True,5352081,Desmond William,0,,,False,,G.J.Cluning,True,1,,,,,,,,,,,,,,,,,,,,,
VIC,Park Kilmore,6,2000,Good,3,2026-09-28,5195834,5469785,Open,BM 0-57,12,False,5352120,Stole Him,14,15,60,False,L.King,J.Warren,False,4,,Australia,Kilmore,6,2026-09-28 06:00:00+00:00,14,Stole Him,12,Dabble,7.500,2.650,TOP3,13.500,8.000,55.81222056631892697466,-48.6527570789865871833128000000000000000000,44.560357675111773472429000,-40.3508702865337569940628000000000000000000,-30.3508702865337569943128000000000000000000,-12.7289407742518061220989338554645781416875,
VIC,Park Kilmore,6,2000,Good,3,2026-09-28,5195834,5469785,Open,BM 0-57,12,False,5352120,Stole Him,14,15,60,False,L.King,J.Warren,False,4,,Australia,Kilmore,6,2026-09-28 06:00:00+00:00,14,Stole Him,12,Ladbrokes,7.500,2.500,TOP3,13.500,8.000,55.81222056631892697466,-48.6527570789865871833128000000000000000000,44.560357675111773472429000,-38.6527570789865871828128000000000000000000,-28.6527570789865871830628000000000000000000,-10.6527570789865871830628000000000000000000,
VIC,Park Kilmore,6,2000,Good,3,2026-09-28,5195834,5469785,Open,BM 0-57,12,False,5352120,Stole Him,14,15,60,False,L.King,J.Warren,False,4,,Australia,Kilmore,6,2026-09-28 06:00:00+00:00,14,Stole Him,12,Sportsbet,8.000,2.600,TOP3,13.500,8.000,59.53800298062593144560,-45.2250372578241430700480000000000000000000,47.988077496274217585693000,-35.1288834116702969165480000000000000000000,-25.7538834116702969165480000000000000000000,-8.0024041217294685142610177514792899408300,
VIC,Park Kilmore,6,2000,Good,3,2026-09-28,5195834,5469785,Open,BM 0-57,12,False,5352120,Stole Him,14,15,60,False,L.King,J.Warren,False,4,,Australia,Kilmore,6,2026-09-28 06:00:00+00:00,14,Stole Him,12,UniBet,8.000,2.700,TOP3,13.500,8.000,59.53800298062593144560,-45.2250372578241430700480000000000000000000,47.988077496274217585693000,-36.1972594800463652922980000000000000000000,-26.8222594800463652922980000000000000000000,-9.3325475458899866914821563786008230452675,
VIC,Park Kilmore,6,2000,Good,3,2026-09-28,5195834,5469785,Open,BM 0-57,12,False,5352120,Stole Him,14,15,60,False,L.King,J.Warren,False,4,,Australia,Kilmore,6,2026-09-28 06:00:00+00:00,14,Stole Him,12,Surge ,8.000,2.700,TOP3,13.500,8.000,59.53800298062593144560,-45.2250372578241430700480000000000000000000,47.988077496274217585693000,-36.1972594800463652922980000000000000000000,-26.8222594800463652922980000000000000000000,-9.3325475458899866914821563786008230452675,
VIC,Park Kilmore,6,2000,Good,3,2026-09-28,5195834,5469785,Open,BM 0-57,12,False,5352120,Stole Him,14,15,60,False,L.King,J.Warren,False,4,,Australia,Kilmore,6,2026-09-28 06:00:00+00:00,14,Stole Him,12,Betr,8.000,2.500,TOP3,13.500,8.000,59.53800298062593144560,-45.2250372578241430700480000000000000000000,47.988077496274217585693000,-33.9750372578241430700480000000000000000000,-24.6000372578241430700480000000000000000000,-6.6000372578241430700480000000000000000000,
WA,Bunbury,3,1400,Soft,5,2026-09-28,5196062,5481878,Open,Maiden,11,False,5352154,Lexanruby,9,3,56,False,Z.T.Johnston-Porter,K.E.M.Melis,False,2,,Australia,Bunbury,3,2026-09-28 06:27:00+00:00,9,Lexanruby,11,Betr,41.000,7.500,TOP3,600.000,8.000,6.83257767702360314709,-93.7140285371382851046772000000000000000000,6.134151220162688358448000,-87.3725651225041387634272000000000000000000,-85.5432968298212119341772000000000000000000,-76.8766301631545452676938666666666666666675,
WA,Bunbury,3,1400,Soft,5,2026-09-28,5196062,5481878,Open,Maiden,11,False,5352154,Lexanruby,9,3,56,False,Z.T.Johnston-Porter,K.E.M.Melis,False,2,,Australia,Bunbury,3,2026-09-28 06:27:00+00:00,9,Lexanruby,11,Dabble,41.000,6.000,TOP3,600.000,8.000,6.83257767702360314709,-93.7140285371382851046772000000000000000000,6.134151220162688358448000,-84.8725651225041387629272000000000000000000,-83.0432968298212119336772000000000000000000,-72.6266301631545452668438666666666666666675,
WA,Bunbury,3,1400,Soft,5,2026-09-28,5196062,5481878,Open,Maiden,11,False,5352154,Lexanruby,9,3,56,False,Z.T.Johnston-Porter,K.E.M.Melis,False,2,,Australia,Bunbury,3,2026-09-28 06:27:00+00:00,9,Lexanruby,11,Ladbrokes,41.000,7.500,TOP3,600.000,8.000,6.83257767702360314709,-93.7140285371382851046772000000000000000000,6.134151220162688358448000,-87.3725651225041387634272000000000000000000,-85.5432968298212119341772000000000000000000,-76.8766301631545452676938666666666666666675,
WA,Bunbury,3,1400,Soft,5,2026-09-28,5196062,5481878,Open,Maiden,11,False,5352154,Lexanruby,9,3,56,False,Z.T.Johnston-Porter,K.E.M.Melis,False,2,,Australia,Bunbury,3,2026-09-28 06:27:00+00:00,9,Lexanruby,11,Sportsbet,41.000,9.000,TOP3,600.000,8.000,6.83257767702360314709,-93.7140285371382851046772000000000000000000,6.134151220162688358448000,-89.0392317891708054299272000000000000000000,-87.2099634964878786006772000000000000000000,-79.8025560890804711933346074074074074074075,
WA,Bunbury,3,1400,Soft,5,2026-09-28,5196062,5481878,Open,Maiden,11,False,5352154,Lexanruby,9,3,56,False,Z.T.Johnston-Porter,K.E.M.Melis,False,2,,Australia,Bunbury,3,2026-09-28 06:27:00+00:00,9,Lexanruby,11,UniBet,41.000,6.750,TOP3,600.000,8.000,6.83257767702360314709,-93.7140285371382851046772000000000000000000,6.134151220162688358448000,-86.2614540113930276519272000000000000000000,-84.4321857187101008226772000000000000000000,-74.9671651425784135797811094650205761316875,
WA,Bunbury,3,1400,Soft,5,2026-09-28,5196062,5481878,Open,Maiden,11,False,5352154,Lexanruby,9,3,56,False,Z.T.Johnston-Porter,K.E.M.Melis,False,2,,Australia,Bunbury,3,2026-09-28 06:27:00+00:00,9,Lexanruby,11,Surge ,41.000,6.000,TOP3,600.000,8.000,6.83257767702360314709,-93.7140285371382851046772000000000000000000,6.134151220162688358448000,-84.8725651225041387629272000000000000000000,-83.0432968298212119336772000000000000000000,-72.6266301631545452668438666666666666666675,
VIC,Park Kilmore,2,1450,Good,4,2026-09-28,5195834,5469787,Paying,Maiden,10,False,5352397,Belle Flamme,1,16,58,True,,H.Dwyer,False,2,,,,,,,,,,,,,,,,,,,,,
WA,Bunbury,2,1100,Soft,5,2026-09-28,5196062,5466013,Open,Maiden,11,False,5352410,Dreamlord,3,3,58,False,M.J.Derrick,P.J.Naylor,False,7,,,,,,,,,,,,,,,,,,,,,
SA,Morphettville Parks,16,1000,Good,4,2026-09-28,5197445,5482075,Paying,Trial,8,True,5352416,Zipit,6,0,,False,J.B.Murphy,K.L.Evans,True,1,,,,,,,,,,,,,,,,,,,,,
NSW,Wagga,6,1200,Good,4,2026-09-28,5194203,5468767,Open,Maiden,8,False,5352561,Dontmindameeting,6,11,57,True,S.Guymer,Dj.O'Prey,False,2,,,,,,,,,,,,,,,,,,,,,
NSW,Wagga,6,1200,Good,4,2026-09-28,5194203,5468767,Open,Maiden,8,False,5352687,Magic Royale,8,3,57,False,B.P.Ward,Dj.O'Prey,False,2,,Australia,Wagga,6,2026-09-28 06:20:00+00:00,8,Magic Royale,8,Dabble,6.000,1.850,TOP3,17.000,10.000,35.44378698224852071006,-68.1005917159763313609460000000000000000000,26.627218934911242603550000,-52.5600511754357908209460000000000000000000,-40.0600511754357908206960000000000000000000,-21.4333163324847316534173294375456537618700,
NSW,Wagga,6,1200,Good,4,2026-09-28,5194203,5468767,Open,Maiden,8,False,5352687,Magic Royale,8,3,57,False,B.P.Ward,Dj.O'Prey,False,2,,Australia,Wagga,6,2026-09-28 06:20:00+00:00,8,Magic Royale,8,Ladbrokes,6.000,1.750,TOP3,17.000,10.000,35.44378698224852071006,-68.1005917159763313609460000000000000000000,26.627218934911242603550000,-50.2434488588334742186960000000000000000000,-37.7434488588334742184460000000000000000000,-19.3761019200579640143490612244897959183675,
NSW,Wagga,6,1200,Good,4,2026-09-28,5194203,5468767,Open,Maiden,8,False,5352687,Magic Royale,8,3,57,False,B.P.Ward,Dj.O'Prey,False,2,,Australia,Wagga,6,2026-09-28 06:20:00+00:00,8,Magic Royale,8,Sportsbet,5.500,1.670,TOP3,17.000,10.000,32.48520710059171597633,-70.7633136094674556213030000000000000000000,23.964497041420118343195000,-53.1258612414761654743030000000000000000000,-39.4894976051125291108030000000000000000000,-21.4716411025487943049158760443185485316800,
NSW,Wagga,6,1200,Good,4,2026-09-28,5194203,5468767,Open,Maiden,8,False,5352687,Magic Royale,8,3,57,False,B.P.Ward,Dj.O'Prey,False,2,,Australia,Wagga,6,2026-09-28 06:20:00+00:00,8,Magic Royale,8,UniBet,5.500,1.650,TOP3,17.000,10.000,32.48520710059171597633,-70.7633136094674556213030000000000000000000,23.964497041420118343195000,-52.5814954276492738025530000000000000000000,-38.9451317912856374390530000000000000000000,-21.0387957031313674666638815426997245179075,
NSW,Wagga,6,1200,Good,4,2026-09-28,5194203,5468767,Open,Maiden,8,False,5352687,Magic Royale,8,3,57,False,B.P.Ward,Dj.O'Prey,False,2,,Australia,Wagga,6,2026-09-28 06:20:00+00:00,8,Magic Royale,8,Surge ,6.500,1.900,TOP3,17.000,10.000,38.40236686390532544379,-65.4378698224852071005890000000000000000000,29.289940828402366863905000,-49.0411086888819682333390000000000000000000,-37.5026471504204297720890000000000000000000,-18.8045862085921749244581135734072022160675,
SA,Morphettville Parks,14,1000,Good,4,2026-09-28,5197445,5482073,Paying,Trial,8,True,5352717,Glock N Roll,5,0,,False,T.Voorham,Peter & Belinda Blanch,False,1,,,,,,,,,,,,,,,,,,,,,
VIC,Coleraine,3,900,Good,4,2026-09-28,5197871,5482219,Paying,Trial,5,True,5352735,Balsino Prince,2,0,,False,A.L.Herrmann,R.G.Schultz,True,1,,,,,,,,,,,,,,,,,,,,,
VIC,Coleraine,2,900,Good,4,2026-09-28,5197871,5482217,Paying,Trial,5,True,5352736,Tillican,1,0,,False,A.L.Herrmann,R.J.Gilcrist,True,1,,,,,,,,,,,,,,,,,,,,,
VIC,Coleraine,2,900,Good,4,2026-09-28,5197871,5482217,Paying,Trial,5,True,5352894,Hineys Bar,4,0,,False,C.N.Rawiller,S.W.Wilde,False,2,,,,,,,,,,,,,,,,,,,,,
WA,Bunbury,8,1200,Soft,5,2026-09-28,5196062,5466018,Open,BM 70,13,False,5352976,Girls On Fire,2,2,59.5,False,C.J.Parnham,M.L.Lane,False,2,,Australia,Bunbury,8,2026-09-28 09:30:00+00:00,2,Girls On Fire,13,Dabble,10.000,3.300,TOP3,50.000,8.000,20.01201923076923076923,-81.5889423076923076923084000000000000000000,16.586538461538461538462000,-73.8616695804195804198084000000000000000000,-66.3616695804195804198084000000000000000000,-50.5214491947446492904213476584022038567500,
WA,Bunbury,8,1200,Soft,5,2026-09-28,5196062,5466018,Open,BM 70,13,False,5352976,Girls On Fire,2,2,59.5,False,C.J.Parnham,M.L.Lane,False,2,,Australia,Bunbury,8,2026-09-28 09:30:00+00:00,2,Girls On Fire,13,Ladbrokes,10.000,3.100,TOP3,50.000,8.000,20.01201923076923076923,-81.5889423076923076923084000000000000000000,16.586538461538461538462000,-72.3953939205955334988084000000000000000000,-64.8953939205955334988084000000000000000000,-48.5062159809493316257766622268470343392300,
WA,Bunbury,8,1200,Soft,5,2026-09-28,5196062,5466018,Open,BM 70,13,False,5352976,Girls On Fire,2,2,59.5,False,C.J.Parnham,M.L.Lane,False,2,,Australia,Bunbury,8,2026-09-28 09:30:00+00:00,2,Girls On Fire,13,Sportsbet,12.000,3.400,TOP3,50.000,8.000,24.01842948717948717949,-77.9030448717948717948692000000000000000000,20.272435897435897435897000,-68.3442213423831070886192000000000000000000,-62.0942213423831070888692000000000000000000,-46.5232870863277437671243903114186851211075,
WA,Bunbury,8,1200,Soft,5,2026-09-28,5196062,5466018,Open,BM 70,13,False,5352976,Girls On Fire,2,2,59.5,False,C.J.Parnham,M.L.Lane,False,2,,Australia,Bunbury,8,2026-09-28 09:30:00+00:00,2,Girls On Fire,13,UniBet,10.000,3.200,TOP3,50.000,8.000,20.01201923076923076923,-81.5889423076923076923084000000000000000000,16.586538461538461538462000,-73.1514423076923076923084000000000000000000,-65.6514423076923076923084000000000000000000,-49.5381610576923076923084000000000000000000,
WA,Bunbury,8,1200,Soft,5,2026-09-28,5196062,5466018,Open,BM 70,13,False,5352976,Girls On Fire,2,2,59.5,False,C.J.Parnham,M.L.Lane,False,2,,Australia,Bunbury,8,2026-09-28 09:30:00+00:00,2,Girls On Fire,13,Surge ,11.000,3.400,TOP3,50.000,8.000,22.01522435897435897436,-79.7459935897435897435888000000000000000000,18.429487179487179487179000,-71.3235336966954614013388000000000000000000,-64.5053518785136432195888000000000000000000,-48.9344176224582798978439903114186851211075,
WA,Bunbury,7,1695,Soft,5,2026-09-28,5196062,5466017,Open,BM 58,12,False,5353014,Solo Vega,14,9,58.5,False,V.A.Corver,R.P.Hill,False,5,9,Australia,Bunbury,7,2026-09-28 08:54:00+00:00,14,Solo Vega,12,Betr,14.000,2.800,TOP3,65.000,8.000,21.54959950708564386938,-80.1743684534812076401704000000000000000000,18.422674060382008626001000,-64.1029398820526362111704000000000000000000,-58.7457970249097790684204000000000000000000,-41.5264092698077382520326448979591836734700,
WA,Bunbury,7,1695,Soft,5,2026-09-28,5196062,5466017,Open,BM 58,12,False,5353014,Solo Vega,14,9,58.5,False,V.A.Corver,R.P.Hill,False,5,9,Australia,Bunbury,7,2026-09-28 08:54:00+00:00,14,Solo Vega,12,Dabble,13.000,3.100,TOP3,65.000,8.000,20.00924214417744916821,-81.5914972273567467652468000000000000000000,17.005545286506469500924000,-68.9364103787215110337468000000000000000000,-63.1671796094907418027468000000000000000000,-46.7780016698445399297150622268470343392300,
WA,Bunbury,7,1695,Soft,5,2026-09-28,5196062,5466017,Open,BM 58,12,False,5353014,Solo Vega,14,9,58.5,False,V.A.Corver,R.P.Hill,False,5,9,Australia,Bunbury,7,2026-09-28 08:54:00+00:00,14,Solo Vega,12,Ladbrokes,13.000,2.700,TOP3,65.000,8.000,20.00924214417744916821,-81.5914972273567467652468000000000000000000,17.005545286506469500924000,-65.3521809880405074494968000000000000000000,-59.5829502188097382184968000000000000000000,-42.0932382846533596176809563786008230452675,
WA,Bunbury,7,1695,Soft,5,2026-09-28,5196062,5466017,Open,BM 58,12,False,5353014,Solo Vega,14,9,58.5,False,V.A.Corver,R.P.Hill,False,5,9,Australia,Bunbury,7,2026-09-28 08:54:00+00:00,14,Solo Vega,12,Sportsbet,15.000,2.880,TOP3,65.000,8.000,23.08995686999383857055,-78.7572396796056685150940000000000000000000,19.839802834257547751078000,-62.7155730129390018490940000000000000000000,-57.7155730129390018488440000000000000000000,-40.7161517166427055525986296296296296296300,
WA,Bunbury,7,1695,Soft,5,2026-09-28,5196062,5466017,Open,BM 58,12,False,5353014,Solo Vega,14,9,58.5,False,V.A.Corver,R.P.Hill,False,5,9,Australia,Bunbury,7,2026-09-28 08:54:00+00:00,14,Solo Vega,12,UniBet,14.000,3.100,TOP3,65.000,8.000,21.54959950708564386938,-80.1743684534812076401704000000000000000000,18.422674060382008626001000,-66.6951057806701477321704000000000000000000,-61.3379629235272905894204000000000000000000,-44.9487849838810887163886622268470343392300,
WA,Bunbury,7,1695,Soft,5,2026-09-28,5196062,5466017,Open,BM 58,12,False,5353014,Solo Vega,14,9,58.5,False,V.A.Corver,R.P.Hill,False,5,9,Australia,Bunbury,7,2026-09-28 08:54:00+00:00,14,Solo Vega,12,Surge ,14.000,3.100,TOP3,65.000,8.000,21.54959950708564386938,-80.1743684534812076401704000000000000000000,18.422674060382008626001000,-66.6951057806701477321704000000000000000000,-61.3379629235272905894204000000000000000000,-44.9487849838810887163886622268470343392300,
WA,Bunbury,2,1100,Soft,5,2026-09-28,5196062,5466013,Open,Maiden,11,False,5353068,Our Enchantress,4,8,56,False,J.R.Azzopardi,J.R.Easthope,False,7,,Australia,Bunbury,2,2026-09-28 05:52:00+00:00,4,Our Enchantress,11,Betr,29.000,5.500,TOP3,350.000,8.000,8.28475080018289894833,-92.3780292638317329675364000000000000000000,7.361682670324645633288000,-83.9140794205715448795364000000000000000000,-81.3278725240198207417864000000000000000000,-70.1708477306313909898070611570247933884300,
WA,Bunbury,2,1100,Soft,5,2026-09-28,5196062,5466013,Open,Maiden,11,False,5353068,Our Enchantress,4,8,56,False,J.R.Azzopardi,J.R.Easthope,False,7,,Australia,Bunbury,2,2026-09-28 05:52:00+00:00,4,Our Enchantress,11,Dabble,26.000,4.600,TOP3,350.000,8.000,7.42741197988111568358,-93.1667809785093735711064000000000000000000,6.572930955647005029721000,-82.6316639216531862801064000000000000000000,-79.7470485370378016646064000000000000000000,-66.9871241514045313430978933837429111531200,
WA,Bunbury,2,1100,Soft,5,2026-09-28,5196062,5466013,Open,Maiden,11,False,5353068,Our Enchantress,4,8,56,False,J.R.Azzopardi,J.R.Easthope,False,7,,Australia,Bunbury,2,2026-09-28 05:52:00+00:00,4,Our Enchantress,11,Ladbrokes,31.000,5.500,TOP3,350.000,8.000,8.85631001371742112483,-91.8521947873799725651564000000000000000000,7.887517146776406035665000,-83.0545408284356910406564000000000000000000,-80.6351859897260136211564000000000000000000,-69.4781611963375838691770611570247933884300,
WA,Bunbury,2,1100,Soft,5,2026-09-28,5196062,5466013,Open,Maiden,11,False,5353068,Our Enchantress,4,8,56,False,J.R.Azzopardi,J.R.Easthope,False,7,,Australia,Bunbury,2,2026-09-28 05:52:00+00:00,4,Our Enchantress,11,Sportsbet,34.000,7.250,TOP3,350.000,8.000,9.71364883401920438957,-91.0634430727023319615956000000000000000000,8.676268861454046639232000,-85.1303801923777883508456000000000000000000,-82.9244978394366118803456000000000000000000,-74.0065430237410114047026154577883472057075,
WA,Bunbury,2,1100,Soft,5,2026-09-28,5196062,5466013,Open,Maiden,11,False,5353068,Our Enchantress,4,8,56,False,J.R.Azzopardi,J.R.Easthope,False,7,,Australia,Bunbury,2,2026-09-28 05:52:00+00:00,4,Our Enchantress,11,UniBet,26.000,5.000,TOP3,350.000,8.000,7.42741197988111568358,-93.1667809785093735711064000000000000000000,6.572930955647005029721000,-83.9360117477401428021064000000000000000000,-81.0513963631247581866064000000000000000000,-69.0513963631247581866064000000000000000000,
WA,Bunbury,2,1100,Soft,5,2026-09-28,5196062,5466013,Open,Maiden,11,False,5353068,Our Enchantress,4,8,56,False,J.R.Azzopardi,J.R.Easthope,False,7,,Australia,Bunbury,2,2026-09-28 05:52:00+00:00,4,Our Enchantress,11,Surge ,31.000,4.800,TOP3,350.000,8.000,8.85631001371742112483,-91.8521947873799725651564000000000000000000,7.887517146776406035665000,-81.0659044647993274044064000000000000000000,-78.6465496260896499849064000000000000000000,-66.2767579594229833183855666666666666666675,
NSW,Warwick Farm,3,795,Soft,5,2026-09-28,5197463,5481985,Paying,Trial,8,True,5353103,Sweet Rose,8,0,,False,L.Day,J.M.Austin,False,1,,,,,,,,,,,,,,,,,,,,,
NSW,Tamworth,2,1200,Good,4,2026-09-28,5196006,5468330,Interim,Maiden,9,False,5353155,Unalienable Right,2,12,58,False,G.Johnston,B.J.Blay,False,2,,,,,,,,,,,,,,,,,,,,,
VIC,Park Kilmore,3,1200,Good,3,2026-09-28,5195834,5469788,Open,Maiden,11,False,5353206,Interrogate,3,6,59.5,False,D.W.Stackhouse,Anthony & Sam Freedman,False,1,,Australia,Kilmore,3,2026-09-28 04:30:00+00:00,3,Interrogate,11,Betr,12.000,2.450,TOP3,21.000,8.000,57.31357552581261950287,-47.2715105162523900573596000000000000000000,48.374760994263862332696000,-29.1592656182932063833596000000000000000000,-22.9092656182932063836096000000000000000000,-4.7918145562357303319588294877134527280300,
VIC,Park Kilmore,3,1200,Good,3,2026-09-28,5195834,5469788,Open,Maiden,11,False,5353206,Interrogate,3,6,59.5,False,D.W.Stackhouse,Anthony & Sam Freedman,False,1,,Australia,Kilmore,3,2026-09-28 04:30:00+00:00,3,Interrogate,11,Dabble,13.000,2.800,TOP3,21.000,8.000,62.09369024856596558317,-42.8738049713193116634836000000000000000000,52.772466539196940726577000,-27.6265522240665644109836000000000000000000,-21.8573214548357951799836000000000000000000,-4.6379336997337543635958448979591836734700,
VIC,Park Kilmore,3,1200,Good,3,2026-09-28,5195834,5469788,Open,Maiden,11,False,5353206,Interrogate,3,6,59.5,False,D.W.Stackhouse,Anthony & Sam Freedman,False,1,,Australia,Kilmore,3,2026-09-28 04:30:00+00:00,3,Interrogate,11,Ladbrokes,12.000,2.600,TOP3,21.000,8.000,57.31357552581261950287,-47.2715105162523900573596000000000000000000,48.374760994263862332696000,-30.9253566700985439033596000000000000000000,-24.6753566700985439036096000000000000000000,-6.9238773801577155013226177514792899408300,
VIC,Park Kilmore,3,1200,Good,3,2026-09-28,5195834,5469788,Open,Maiden,11,False,5353206,Interrogate,3,6,59.5,False,D.W.Stackhouse,Anthony & Sam Freedman,False,1,,Australia,Kilmore,3,2026-09-28 04:30:00+00:00,3,Interrogate,11,Sportsbet,14.000,2.800,TOP3,21.000,8.000,66.87380497131931166348,-38.4760994263862332695984000000000000000000,57.170172084130019120459000,-22.4046708549576618405984000000000000000000,-17.0475279978148046978484000000000000000000,0.1718597572872361185393551020408163265300,
VIC,Park Kilmore,3,1200,Good,3,2026-09-28,5195834,5469788,Open,Maiden,11,False,5353206,Interrogate,3,6,59.5,False,D.W.Stackhouse,Anthony & Sam Freedman,False,1,,Australia,Kilmore,3,2026-09-28 04:30:00+00:00,3,Interrogate,11,UniBet,12.000,2.700,TOP3,21.000,8.000,57.31357552581261950287,-47.2715105162523900573596000000000000000000,48.374760994263862332696000,-31.9937327384746122791096000000000000000000,-25.7437327384746122793596000000000000000000,-8.2540208043182336785437563786008230452675,
VIC,Park Kilmore,3,1200,Good,3,2026-09-28,5195834,5469788,Open,Maiden,11,False,5353206,Interrogate,3,6,59.5,False,D.W.Stackhouse,Anthony & Sam Freedman,False,1,,Australia,Kilmore,3,2026-09-28 04:30:00+00:00,3,Interrogate,11,Surge ,12.000,2.700,TOP3,21.000,8.000,57.31357552581261950287,-47.2715105162523900573596000000000000000000,48.374760994263862332696000,-31.9937327384746122791096000000000000000000,-25.7437327384746122793596000000000000000000,-8.2540208043182336785437563786008230452675,
SA,Morphettville Parks,14,1000,Good,4,2026-09-28,5197445,5482073,Paying,Trial,8,True,5353278,Bewitching Missy,3,0,,False,R.L.Milnes,N.A.Storr,False,1,,,,,,,,,,,,,,,,,,,,,
WA,Bunbury,8,1200,Soft,5,2026-09-28,5196062,5466018,Open,BM 70,13,False,5353286,Kanas Mtoto,5,12,58.5,False,C.T.Johnston-Porter,S.C.Dickson,False,1,,Australia,Bunbury,8,2026-09-28 09:30:00+00:00,5,Kanas Mtoto,13,Dabble,9.000,3.000,TOP3,38.000,8.000,23.70780590717299578059,-78.1888185654008438818572000000000000000000,19.409282700421940928270000,-69.8554852320675105486072000000000000000000,-61.5221518987341772153572000000000000000000,-44.8554852320675105487738666666666666666675,
WA,Bunbury,8,1200,Soft,5,2026-09-28,5196062,5466018,Open,BM 70,13,False,5353286,Kanas Mtoto,5,12,58.5,False,C.T.Johnston-Porter,S.C.Dickson,False,1,,Australia,Bunbury,8,2026-09-28 09:30:00+00:00,5,Kanas Mtoto,13,Ladbrokes,11.000,2.900,TOP3,38.000,8.000,28.98206751054852320675,-73.3364978902953586497900000000000000000000,24.261603375527426160338000,-61.1107925611417536342900000000000000000000,-54.2926107429599354525400000000000000000000,-37.3484965931382945489502259215219976218800,
WA,Bunbury,8,1200,Soft,5,2026-09-28,5196062,5466018,Open,BM 70,13,False,5353286,Kanas Mtoto,5,12,58.5,False,C.T.Johnston-Porter,S.C.Dickson,False,1,,Australia,Bunbury,8,2026-09-28 09:30:00+00:00,5,Kanas Mtoto,13,Sportsbet,8.000,2.600,TOP3,38.000,8.000,21.07067510548523206751,-80.6149789029535864978908000000000000000000,16.983122362869198312236000,-70.5188250567997403443908000000000000000000,-61.1438250567997403443908000000000000000000,-43.3923457668589119421038177514792899408300,
WA,Bunbury,8,1200,Soft,5,2026-09-28,5196062,5466018,Open,BM 70,13,False,5353286,Kanas Mtoto,5,12,58.5,False,C.T.Johnston-Porter,S.C.Dickson,False,1,,Australia,Bunbury,8,2026-09-28 09:30:00+00:00,5,Kanas Mtoto,13,UniBet,8.500,2.750,TOP3,38.000,8.000,22.38924050632911392405,-79.4018987341772151898740000000000000000000,18.196202531645569620253000,-69.7762302849793542268740000000000000000000,-60.9527008732146483448740000000000000000000,-43.5973289723882020639566446280991735537200,
WA,Bunbury,8,1200,Soft,5,2026-09-28,5196062,5466018,Open,BM 70,13,False,5353286,Kanas Mtoto,5,12,58.5,False,C.T.Johnston-Porter,S.C.Dickson,False,1,,Australia,Bunbury,8,2026-09-28 09:30:00+00:00,5,Kanas Mtoto,13,Surge ,9.000,3.000,TOP3,38.000,8.000,23.70780590717299578059,-78.1888185654008438818572000000000000000000,19.409282700421940928270000,-69.8554852320675105486072000000000000000000,-61.5221518987341772153572000000000000000000,-44.8554852320675105487738666666666666666675,
SA,Morphettville Parks,16,1000,Good,4,2026-09-28,5197445,5482075,Paying,Trial,8,True,5353302,Shaneeko,1,0,,False,R.L.Milnes,Darren & Aimee Magro,True,1,,,,,,,,,,,,,,,,,,,,,
NSW,Wagga,1,1400,Good,4,2026-09-28,5194203,5468768,Paying,Maiden,11,False,5353317,Colorado Sun,6,10,56,False,J.Van Overmeire,Keith Dryden & Libby Snowden,False,3,,,,,,,,,,,,,,,,,,,,,
SA,Morphettville Parks,14,1000,Good,4,2026-09-28,5197445,5482073,Paying,Trial,8,True,5353338,Not An Easy Road,6,0,,False,M.Collett,S.Logan,True,1,,,,,,,,,,,,,,,,,,,,,
VIC,Coleraine,3,900,Good,4,2026-09-28,5197871,5482219,Paying,Trial,5,True,5353503,Don Rubio,4,0,,False,D.Yendall,M.J.Williams,False,1,,,,,,,,,,,,,,,,,,,,,
WA,Bunbury,4,2025,Soft,5,2026-09-28,5196062,5466015,Open,Maiden,11,False,5353907,Rock The Mic,8,9,58,False,S.L.Webster,J.Krispyn,False,3,,,,,,,,,,,,,,,,,,,,,
VIC,Southside Cranbourne,17,1000,Good,4,2026-09-28,5197870,5482061,Nominations,Trial,8,True,5353926,Star Witness/Penny Fling/2022,0,,,False,,D.M.Noonan,True,1,,,,,,,,,,,,,,,,,,,,,
WA,Bunbury,4,2025,Soft,5,2026-09-28,5196062,5466015,Open,Maiden,11,False,5354058,Super Show,6,5,58,False,J.D.Valas,G.C.Ballantyne,False,3,,,,,,,,,,,,,,,,,,,,,
VIC,Southside Cranbourne,12,1000,Good,4,2026-09-28,5197870,5482056,Nominations,Trial,11,True,5354146,Roulette King,0,,,False,,T.Rogers,False,1,,,,,,,,,,,,,,,,,,,,,
NSW,Wagga,7,1200,Good,4,2026-09-28,5194203,5468766,Open,BM 70,8,False,5354168,Diamond Frost,7,1,56,False,G.Cahill,Keith Dryden & Libby Snowden,False,6,,Australia,Wagga,7,2026-09-28 06:55:00+00:00,7,Diamond Frost,8,Dabble,10.000,2.400,TOP3,50.000,10.000,20.02004008016032064128,-81.9819639278557114228480000000000000000000,16.232464929859719438878000,-65.7319639278557114225980000000000000000000,-58.2319639278557114225980000000000000000000,-40.0027972611890447558896666666666666666675,
NSW,Wagga,7,1200,Good,4,2026-09-28,5194203,5468766,Open,BM 70,8,False,5354168,Diamond Frost,7,1,56,False,G.Cahill,Keith Dryden & Libby Snowden,False,6,,Australia,Wagga,7,2026-09-28 06:55:00+00:00,7,Diamond Frost,8,Ladbrokes,10.000,2.250,TOP3,50.000,10.000,20.02004008016032064128,-81.9819639278557114228480000000000000000000,16.232464929859719438878000,-63.6486305945223780898480000000000000000000,-56.1486305945223780898480000000000000000000,-37.6301120760038595713665185185185185185200,
NSW,Wagga,7,1200,Good,4,2026-09-28,5194203,5468766,Open,BM 70,8,False,5354168,Diamond Frost,7,1,56,False,G.Cahill,Keith Dryden & Libby Snowden,False,6,,Australia,Wagga,7,2026-09-28 06:55:00+00:00,7,Diamond Frost,8,Sportsbet,10.000,2.300,TOP3,50.000,10.000,20.02004008016032064128,-81.9819639278557114228480000000000000000000,16.232464929859719438878000,-64.3732682756817983795980000000000000000000,-56.8732682756817983795980000000000000000000,-38.4422663853226301376617996219281663516075,
NSW,Wagga,7,1200,Good,4,2026-09-28,5194203,5468766,Open,BM 70,8,False,5354168,Diamond Frost,7,1,56,False,G.Cahill,Keith Dryden & Libby Snowden,False,6,,Australia,Wagga,7,2026-09-28 06:55:00+00:00,7,Diamond Frost,8,UniBet,10.000,2.350,TOP3,50.000,10.000,20.02004008016032064128,-81.9819639278557114228480000000000000000000,16.232464929859719438878000,-65.0670703108344348268480000000000000000000,-57.5670703108344348268480000000000000000000,-39.2329824882902972079779230421004979628800,
NSW,Wagga,7,1200,Good,4,2026-09-28,5194203,5468766,Open,BM 70,8,False,5354168,Diamond Frost,7,1,56,False,G.Cahill,Keith Dryden & Libby Snowden,False,6,,Australia,Wagga,7,2026-09-28 06:55:00+00:00,7,Diamond Frost,8,Surge ,10.000,2.400,TOP3,50.000,10.000,20.02004008016032064128,-81.9819639278557114228480000000000000000000,16.232464929859719438878000,-65.7319639278557114225980000000000000000000,-58.2319639278557114225980000000000000000000,-40.0027972611890447558896666666666666666675,
WA,Bunbury,7,1695,Soft,5,2026-09-28,5196062,5466017,Open,BM 58,12,False,5354284,Show On The Road,1,11,60,False,B.M.Parnham,R.P.Hill,False,3,,Australia,Bunbury,7,2026-09-28 08:54:00+00:00,1,Show On The Road,12,Betr,14.000,2.800,TOP3,70.000,8.000,20.00858123569794050343,-81.5921052631578947368444000000000000000000,17.105263157894736842105000,-65.5206766917293233078444000000000000000000,-60.1635338345864661650944000000000000000000,-42.9441460794844253487066448979591836734700,
WA,Bunbury,7,1695,Soft,5,2026-09-28,5196062,5466017,Open,BM 58,12,False,5354284,Show On The Road,1,11,60,False,B.M.Parnham,R.P.Hill,False,3,,Australia,Bunbury,7,2026-09-28 08:54:00+00:00,1,Show On The Road,12,Dabble,14.000,3.200,TOP3,70.000,8.000,20.00858123569794050343,-81.5921052631578947368444000000000000000000,17.105263157894736842105000,-68.8688909774436090223444000000000000000000,-63.5117481203007518795944000000000000000000,-47.3984668703007518795944000000000000000000,
WA,Bunbury,7,1695,Soft,5,2026-09-28,5196062,5466017,Open,BM 58,12,False,5354284,Show On The Road,1,11,60,False,B.M.Parnham,R.P.Hill,False,3,,Australia,Bunbury,7,2026-09-28 08:54:00+00:00,1,Show On The Road,12,Ladbrokes,14.000,2.800,TOP3,70.000,8.000,20.00858123569794050343,-81.5921052631578947368444000000000000000000,17.105263157894736842105000,-65.5206766917293233078444000000000000000000,-60.1635338345864661650944000000000000000000,-42.9441460794844253487066448979591836734700,
WA,Bunbury,7,1695,Soft,5,2026-09-28,5196062,5466017,Open,BM 58,12,False,5354284,Show On The Road,1,11,60,False,B.M.Parnham,R.P.Hill,False,3,,Australia,Bunbury,7,2026-09-28 08:54:00+00:00,1,Show On The Road,12,Sportsbet,16.000,3.100,TOP3,70.000,8.000,22.86899313501144164760,-78.9605263157894736842080000000000000000000,19.736842105263157894737000,-64.1419779286926994907080000000000000000000,-59.4544779286926994907080000000000000000000,-43.0652999890464976176762622268470343392300,
WA,Bunbury,7,1695,Soft,5,2026-09-28,5196062,5466017,Open,BM 58,12,False,5354284,Show On The Road,1,11,60,False,B.M.Parnham,R.P.Hill,False,3,,Australia,Bunbury,7,2026-09-28 08:54:00+00:00,1,Show On The Road,12,UniBet,14.000,3.000,TOP3,70.000,8.000,20.00858123569794050343,-81.5921052631578947368444000000000000000000,17.105263157894736842105000,-67.3063909774436090225944000000000000000000,-61.9492481203007518798444000000000000000000,-45.2825814536340852132610666666666666666675,
WA,Bunbury,7,1695,Soft,5,2026-09-28,5196062,5466017,Open,BM 58,12,False,5354284,Show On The Road,1,11,60,False,B.M.Parnham,R.P.Hill,False,3,,Australia,Bunbury,7,2026-09-28 08:54:00+00:00,1,Show On The Road,12,Surge ,15.000,3.200,TOP3,70.000,8.000,21.43878718535469107551,-80.2763157894736842105308000000000000000000,18.421052631578947368421000,-66.8388157894736842110308000000000000000000,-61.8388157894736842107808000000000000000000,-45.7255345394736842107808000000000000000000,
SA,Morphettville Parks,6,800,Good,4,2026-09-28,5197445,5475291,Paying,Trial,9,True,5354343,Gus The Shark,2,0,,False,D.Caboche,Kerri Mcanulty & Clint Binnie,False,1,,,,,,,,,,,,,,,,,,,,,
SA,Morphettville Parks,9,1000,Good,4,2026-09-28,5197445,5482079,Paying,Trial,6,True,5354344,Camooweal Girl,3,0,,False,R.L.Milnes,K.L.Evans,False,1,,,,,,,,,,,,,,,,,,,,,
VIC,Southside Cranbourne,15,1000,Good,4,2026-09-28,5197870,5482059,Nominations,Trial,8,True,5354410,Rough Enuff,0,,,False,,C.M.Alderson,False,1,4,,,,,,,,,,,,,,,,,,,,
VIC,Southside Cranbourne,15,1000,Good,4,2026-09-28,5197870,5482059,Nominations,Trial,8,True,5354509,Bel Lupa,0,,,False,,G.Eurell,False,1,,,,,,,,,,,,,,,,,,,,,
NSW,Tamworth,2,1200,Good,4,2026-09-28,5196006,5468330,Interim,Maiden,9,False,5354767,Deep Purple Reign,7,2,56,True,I.Neale,J.Dobie,False,1,,,,,,,,,,,,,,,,,,,,,
NSW,Tamworth,1,2100,Good,4,2026-09-28,5196006,5468325,Paying,BM 64,6,False,5354768,Quirky Princess,10,6,55,True,B.A.Cray,S.I.Singleton,False,5,,,,,,,,,,,,,,,,,,,,,
VIC,Park Kilmore,2,1450,Good,4,2026-09-28,5195834,5469787,Paying,Maiden,10,False,5354777,Dundiva,3,15,58,True,D.G.Thornton,R.J.Laming,True,1,,,,,,,,,,,,,,,,,,,,,
WA,Bunbury,2,1100,Soft,5,2026-09-28,5196062,5466013,Open,Maiden,11,False,5354847,Intimidation Time,5,12,56,False,C.A.Cooper,C.B.Ellery,False,1,,Australia,Bunbury,2,2026-09-28 05:52:00+00:00,5,Intimidation Time,11,Betr,15.000,3.500,TOP3,75.000,8.000,20.00800854244527495996,-81.5926321409503470368368000000000000000000,17.191671115856914041644000,-70.1640607123789184655868000000000000000000,-65.1640607123789184653368000000000000000000,-49.8579382633993266284643510204081632653075,
WA,Bunbury,2,1100,Soft,5,2026-09-28,5196062,5466013,Open,Maiden,11,False,5354847,Intimidation Time,5,12,56,False,C.A.Cooper,C.B.Ellery,False,1,,Australia,Bunbury,2,2026-09-28 05:52:00+00:00,5,Intimidation Time,11,Dabble,14.000,3.700,TOP3,75.000,8.000,18.67325146823278163374,-82.8206086492258408969592000000000000000000,15.963694607581420181527000,-73.2646240932412849122092000000000000000000,-67.9074812360984277694592000000000000000000,-53.1156623902255278425145323593864134404675,
WA,Bunbury,2,1100,Soft,5,2026-09-28,5196062,5466013,Open,Maiden,11,False,5354847,Intimidation Time,5,12,56,False,C.A.Cooper,C.B.Ellery,False,1,,Australia,Bunbury,2,2026-09-28 05:52:00+00:00,5,Intimidation Time,11,Ladbrokes,15.000,3.500,TOP3,75.000,8.000,20.00800854244527495996,-81.5926321409503470368368000000000000000000,17.191671115856914041644000,-70.1640607123789184655868000000000000000000,-65.1640607123789184653368000000000000000000,-49.8579382633993266284643510204081632653075,
WA,Bunbury,2,1100,Soft,5,2026-09-28,5196062,5466013,Open,Maiden,11,False,5354847,Intimidation Time,5,12,56,False,C.A.Cooper,C.B.Ellery,False,1,,Australia,Bunbury,2,2026-09-28 05:52:00+00:00,5,Intimidation Time,11,Sportsbet,15.000,3.600,TOP3,75.000,8.000,20.00800854244527495996,-81.5926321409503470368368000000000000000000,17.191671115856914041644000,-70.7592988076170137038368000000000000000000,-65.7592988076170137035868000000000000000000,-50.7130025113207174072164296296296296296300,
WA,Bunbury,2,1100,Soft,5,2026-09-28,5196062,5466013,Open,Maiden,11,False,5354847,Intimidation Time,5,12,56,False,C.A.Cooper,C.B.Ellery,False,1,,Australia,Bunbury,2,2026-09-28 05:52:00+00:00,5,Intimidation Time,11,UniBet,14.000,3.700,TOP3,75.000,8.000,18.67325146823278163374,-82.8206086492258408969592000000000000000000,15.963694607581420181527000,-73.2646240932412849122092000000000000000000,-67.9074812360984277694592000000000000000000,-53.1156623902255278425145323593864134404675,
WA,Bunbury,2,1100,Soft,5,2026-09-28,5196062,5466013,Open,Maiden,11,False,5354847,Intimidation Time,5,12,56,False,C.A.Cooper,C.B.Ellery,False,1,,Australia,Bunbury,2,2026-09-28 05:52:00+00:00,5,Intimidation Time,11,Surge ,15.000,3.700,TOP3,75.000,8.000,20.00800854244527495996,-81.5926321409503470368368000000000000000000,17.191671115856914041644000,-71.3223618706800767670868000000000000000000,-66.3223618706800767668368000000000000000000,-51.5305430248071768398921323593864134404675,
VIC,Coleraine,7,900,Good,4,2026-09-28,5197871,5482222,Paying,Trial,4,True,5354848,All The Way Baby,3,0,,False,D.Yendall,M.J.Williams,False,1,12,,,,,,,,,,,,,,,,,,,,
SA,Morphettville Parks,8,1000,Good,4,2026-09-28,5197445,5482078,Paying,Trial,9,True,5354976,Wind Rush,9,0,,False,A.Webb,M.J.Hickmott,False,8,2,,,,,,,,,,,,,,,,,,,,
NSW,Warwick Farm,1,1200,Soft,5,2026-09-28,5197463,5477873,Paying,Trial,9,True,5355323,Successful Impact,8,0,,False,L.Day,C.Maher,False,1,,,,,,,,,,,,,,,,,,,,,
NSW,Wagga,6,1200,Good,4,2026-09-28,5194203,5468767,Open,Maiden,8,False,5355392,Kasuma Goddess,7,8,57,False,E.Bent,H.N.Maclean,False,1,,Australia,Wagga,6,2026-09-28 06:20:00+00:00,7,Kasuma Goddess,8,Dabble,31.000,4.200,TOP3,600.000,10.000,5.16586097682947157860,-95.3507251208534755792600000000000000000000,4.500750125020836806134000,-82.3322919411299732752600000000000000000000,-79.9129371024202958557600000000000000000000,-66.3074949255495475563654421768707482993200,
NSW,Wagga,6,1200,Good,4,2026-09-28,5194203,5468767,Open,Maiden,8,False,5355392,Kasuma Goddess,7,8,57,False,E.Bent,H.N.Maclean,False,1,,Australia,Wagga,6,2026-09-28 06:20:00+00:00,7,Kasuma Goddess,8,Ladbrokes,34.000,4.600,TOP3,600.000,10.000,5.66594432405400900150,-94.9006501083513918986500000000000000000000,4.950825137522920486748000,-83.0080669881467883176500000000000000000000,-80.8021846352056118471500000000000000000000,-68.0422602495723415256414933837429111531200,
NSW,Wagga,6,1200,Good,4,2026-09-28,5194203,5468767,Open,Maiden,8,False,5355392,Kasuma Goddess,7,8,57,False,E.Bent,H.N.Maclean,False,1,,Australia,Wagga,6,2026-09-28 06:20:00+00:00,7,Kasuma Goddess,8,Sportsbet,35.000,7.750,TOP3,600.000,10.000,5.83263877312885480913,-94.7506251041840306717830000000000000000000,5.100850141690281713619000,-89.3589200350596067090330000000000000000000,-87.2160628922024638517830000000000000000000,-78.7873428089558457457692122788761706555675,
NSW,Wagga,6,1200,Good,4,2026-09-28,5194203,5468767,Open,Maiden,8,False,5355392,Kasuma Goddess,7,8,57,False,E.Bent,H.N.Maclean,False,1,,Australia,Wagga,6,2026-09-28 06:20:00+00:00,7,Kasuma Goddess,8,UniBet,31.000,4.800,TOP3,600.000,10.000,5.16586097682947157860,-95.3507251208534755792600000000000000000000,4.500750125020836806134000,-84.5644347982728304185100000000000000000000,-82.1450799595631529990100000000000000000000,-69.7752882928964863324891666666666666666675,
NSW,Wagga,6,1200,Good,4,2026-09-28,5194203,5468767,Open,Maiden,8,False,5355392,Kasuma Goddess,7,8,57,False,E.Bent,H.N.Maclean,False,1,,Australia,Wagga,6,2026-09-28 06:20:00+00:00,7,Kasuma Goddess,8,Surge ,34.000,4.200,TOP3,600.000,10.000,5.66594432405400900150,-94.9006501083513918986500000000000000000000,4.950825137522920486748000,-81.4552719570908876966500000000000000000000,-79.2493896041497112261500000000000000000000,-65.6439474272789629267554421768707482993200,
VIC,Southside Cranbourne,18,1200,Good,4,2026-09-28,5197870,5482062,Nominations,Trial,10,True,5355498,Shockletz,0,,,False,,C.Maher,False,7,4,,,,,,,,,,,,,,,,,,,,
VIC,Park Kilmore,6,2000,Good,3,2026-09-28,5195834,5469785,Open,BM 0-57,12,False,5355550,Up And Under,6,2,60.5,False,L.N.Mcneil,D.M.Noonan,False,9,2,Australia,Kilmore,6,2026-09-28 06:00:00+00:00,6,Up And Under,12,Dabble,19.000,4.200,TOP3,250.000,8.000,7.59843149807938540333,-93.0094430217669654289364000000000000000000,6.626120358514724711908000,-83.0470370067293714434364000000000000000000,-79.0996685856767398646864000000000000000000,-65.4942264088059915652918421768707482993200,
VIC,Park Kilmore,6,2000,Good,3,2026-09-28,5195834,5469785,Open,BM 0-57,12,False,5355550,Up And Under,6,2,60.5,False,L.N.Mcneil,D.M.Noonan,False,9,2,Australia,Kilmore,6,2026-09-28 06:00:00+00:00,6,Up And Under,12,Ladbrokes,19.000,4.500,TOP3,250.000,8.000,7.59843149807938540333,-93.0094430217669654289364000000000000000000,6.626120358514724711908000,-84.2375131972055619199364000000000000000000,-80.2901447761529303411864000000000000000000,-67.3271818131899673783160296296296296296300,
VIC,Park Kilmore,6,2000,Good,3,2026-09-28,5195834,5469785,Open,BM 0-57,12,False,5355550,Up And Under,6,2,60.5,False,L.N.Mcneil,D.M.Noonan,False,9,2,Australia,Kilmore,6,2026-09-28 06:00:00+00:00,6,Up And Under,12,Sportsbet,20.000,4.500,TOP3,250.000,8.000,7.99855953905249679898,-92.6413252240717029449384000000000000000000,6.994238156209987195903000,-83.4746585574050362784384000000000000000000,-79.7246585574050362784384000000000000000000,-66.7616955944420733155680296296296296296300,
VIC,Park Kilmore,6,2000,Good,3,2026-09-28,5195834,5469785,Open,BM 0-57,12,False,5355550,Up And Under,6,2,60.5,False,L.N.Mcneil,D.M.Noonan,False,9,2,Australia,Kilmore,6,2026-09-28 06:00:00+00:00,6,Up And Under,12,UniBet,19.000,4.500,TOP3,250.000,8.000,7.59843149807938540333,-93.0094430217669654289364000000000000000000,6.626120358514724711908000,-84.2375131972055619199364000000000000000000,-80.2901447761529303411864000000000000000000,-67.3271818131899673783160296296296296296300,
VIC,Park Kilmore,6,2000,Good,3,2026-09-28,5195834,5469785,Open,BM 0-57,12,False,5355550,Up And Under,6,2,60.5,False,L.N.Mcneil,D.M.Noonan,False,9,2,Australia,Kilmore,6,2026-09-28 06:00:00+00:00,6,Up And Under,12,Surge ,19.000,4.200,TOP3,250.000,8.000,7.59843149807938540333,-93.0094430217669654289364000000000000000000,6.626120358514724711908000,-83.0470370067293714434364000000000000000000,-79.0996685856767398646864000000000000000000,-65.4942264088059915652918421768707482993200,
VIC,Park Kilmore,6,2000,Good,3,2026-09-28,5195834,5469785,Open,BM 0-57,12,False,5355550,Up And Under,6,2,60.5,False,L.N.Mcneil,D.M.Noonan,False,9,2,Australia,Kilmore,6,2026-09-28 06:00:00+00:00,6,Up And Under,12,Betr,19.000,4.600,TOP3,250.000,8.000,7.59843149807938540333,-93.0094430217669654289364000000000000000000,6.626120358514724711908000,-84.5998320377852720644364000000000000000000,-80.6524636167326404856864000000000000000000,-67.8925392310993701641778933837429111531200,
NSW,Wagga,4,1000,Good,4,2026-09-28,5194203,5468763,Open,BM 64,9,False,5355574,Blue Akoya,3,6,59,False,C.Ramsbotham,"Barbara Joseph, Paul & Matt Jones",False,2,,Australia,Wagga,4,2026-09-28 05:10:00+00:00,3,Blue Akoya,9,Dabble,8.500,2.350,TOP3,28.000,10.000,30.43010752688172043011,-72.6129032258064516129010000000000000000000,24.193548387096774193548000,-58.3450684323145867809010000000000000000000,-49.5215390205498808989010000000000000000000,-31.1874511980057432800309230421004979628800,
NSW,Wagga,4,1000,Good,4,2026-09-28,5194203,5468763,Open,BM 64,9,False,5355574,Blue Akoya,3,6,59,False,C.Ramsbotham,"Barbara Joseph, Paul & Matt Jones",False,2,,Australia,Wagga,4,2026-09-28 05:10:00+00:00,3,Blue Akoya,9,Ladbrokes,8.500,2.300,TOP3,28.000,10.000,30.43010752688172043011,-72.6129032258064516129010000000000000000000,24.193548387096774193548000,-57.6512663971619503336510000000000000000000,-48.8277369853972444516510000000000000000000,-30.3967350950380762097147996219281663516075,
NSW,Wagga,4,1000,Good,4,2026-09-28,5194203,5468763,Open,BM 64,9,False,5355574,Blue Akoya,3,6,59,False,C.Ramsbotham,"Barbara Joseph, Paul & Matt Jones",False,2,,Australia,Wagga,4,2026-09-28 05:10:00+00:00,3,Blue Akoya,9,Sportsbet,9.000,2.400,TOP3,28.000,10.000,32.22222222222222222222,-71.0000000000000000000020000000000000000000,25.806451612903225806452000,-56.4166666666666666662520000000000000000000,-48.0833333333333333330020000000000000000000,-29.8541666666666666662936666666666666666675,
NSW,Wagga,4,1000,Good,4,2026-09-28,5194203,5468763,Open,BM 64,9,False,5355574,Blue Akoya,3,6,59,False,C.Ramsbotham,"Barbara Joseph, Paul & Matt Jones",False,2,,Australia,Wagga,4,2026-09-28 05:10:00+00:00,3,Blue Akoya,9,UniBet,8.500,2.350,TOP3,28.000,10.000,30.43010752688172043011,-72.6129032258064516129010000000000000000000,24.193548387096774193548000,-58.3450684323145867809010000000000000000000,-49.5215390205498808989010000000000000000000,-31.1874511980057432800309230421004979628800,
NSW,Wagga,4,1000,Good,4,2026-09-28,5194203,5468763,Open,BM 64,9,False,5355574,Blue Akoya,3,6,59,False,C.Ramsbotham,"Barbara Joseph, Paul & Matt Jones",False,2,,Australia,Wagga,4,2026-09-28 05:10:00+00:00,3,Blue Akoya,9,Surge ,8.500,2.400,TOP3,28.000,10.000,30.43010752688172043011,-72.6129032258064516129010000000000000000000,24.193548387096774193548000,-59.0099620493358633766510000000000000000000,-50.1864326375711574946510000000000000000000,-31.9572659709044908279426666666666666666675,
VIC,Park Kilmore,8,1200,Good,3,2026-09-28,5195834,5469789,Open,BM 58,12,False,5355634,Brroosha,18,7,55.5,True,C.G.Gaudray,C.Maher,False,8,2,,,,,,,,,,,,,,,,,,,,
WA,Bunbury,8,1200,Soft,5,2026-09-28,5196062,5466018,Open,BM 70,13,False,5355645,Guarantor,3,10,59,False,B.M.Parnham,N.D.Parnham,False,8,4,Australia,Bunbury,8,2026-09-28 09:30:00+00:00,3,Guarantor,13,Dabble,12.000,3.600,TOP3,65.000,8.000,18.46888478126925446704,-83.0086260012322858903232000000000000000000,15.588416512630930375847000,-74.6752926678989525563232000000000000000000,-68.4252926678989525565732000000000000000000,-53.3789963716026562602028296296296296296300,
WA,Bunbury,8,1200,Soft,5,2026-09-28,5196062,5466018,Open,BM 70,13,False,5355645,Guarantor,3,10,59,False,B.M.Parnham,N.D.Parnham,False,8,4,Australia,Bunbury,8,2026-09-28 09:30:00+00:00,3,Guarantor,13,Ladbrokes,12.000,3.500,TOP3,65.000,8.000,18.46888478126925446704,-83.0086260012322858903232000000000000000000,15.588416512630930375847000,-74.0800545726608573180732000000000000000000,-67.8300545726608573183232000000000000000000,-52.5239321236812654814507510204081632653075,
WA,Bunbury,8,1200,Soft,5,2026-09-28,5196062,5466018,Open,BM 70,13,False,5355645,Guarantor,3,10,59,False,B.M.Parnham,N.D.Parnham,False,8,4,Australia,Bunbury,8,2026-09-28 09:30:00+00:00,3,Guarantor,13,Sportsbet,13.000,3.500,TOP3,65.000,8.000,20.00924214417744916821,-81.5914972273567467652468000000000000000000,17.005545286506469500924000,-71.7013873372468566554968000000000000000000,-65.9321565680160874244968000000000000000000,-50.6260341190364955876243510204081632653075,
WA,Bunbury,8,1200,Soft,5,2026-09-28,5196062,5466018,Open,BM 70,13,False,5355645,Guarantor,3,10,59,False,B.M.Parnham,N.D.Parnham,False,8,4,Australia,Bunbury,8,2026-09-28 09:30:00+00:00,3,Guarantor,13,UniBet,13.000,3.750,TOP3,65.000,8.000,20.00924214417744916821,-81.5914972273567467652468000000000000000000,17.005545286506469500924000,-73.1299587658182852269968000000000000000000,-67.3607279965875159959968000000000000000000,-52.6940613299208493292134666666666666666675,
WA,Bunbury,8,1200,Soft,5,2026-09-28,5196062,5466018,Open,BM 70,13,False,5355645,Guarantor,3,10,59,False,B.M.Parnham,N.D.Parnham,False,8,4,Australia,Bunbury,8,2026-09-28 09:30:00+00:00,3,Guarantor,13,Surge ,13.000,3.700,TOP3,65.000,8.000,20.00924214417744916821,-81.5914972273567467652468000000000000000000,17.005545286506469500924000,-72.8596884955480149569968000000000000000000,-67.0904577263172457259968000000000000000000,-52.2986388804443457990521323593864134404675,
WA,Bunbury,3,1400,Soft,5,2026-09-28,5196062,5481878,Open,Maiden,11,False,5355757,Producimus,7,9,56,False,C.L.Azzopardi,D.R.L.Taylor,False,6,,Australia,Bunbury,3,2026-09-28 06:27:00+00:00,7,Producimus,11,Betr,11.000,3.000,TOP3,250.000,8.000,4.39740717029449423816,-95.9543854033290653008928000000000000000000,3.681177976952624839949000,-84.5907490396927016646428000000000000000000,-77.7725672215108834828928000000000000000000,-61.1059005548442168163094666666666666666675,
WA,Bunbury,3,1400,Soft,5,2026-09-28,5196062,5481878,Open,Maiden,11,False,5355757,Producimus,7,9,56,False,C.L.Azzopardi,D.R.L.Taylor,False,6,,Australia,Bunbury,3,2026-09-28 06:27:00+00:00,7,Producimus,11,Dabble,10.000,3.000,TOP3,250.000,8.000,3.99727912932138284251,-96.3225032010243277848908000000000000000000,3.313060179257362355954000,-86.3225032010243277851408000000000000000000,-78.8225032010243277851408000000000000000000,-62.1558365343576611185574666666666666666675,
WA,Bunbury,3,1400,Soft,5,2026-09-28,5196062,5481878,Open,Maiden,11,False,5355757,Producimus,7,9,56,False,C.L.Azzopardi,D.R.L.Taylor,False,6,,Australia,Bunbury,3,2026-09-28 06:27:00+00:00,7,Producimus,11,Ladbrokes,11.000,2.600,TOP3,250.000,8.000,4.39740717029449423816,-95.9543854033290653008928000000000000000000,3.681177976952624839949000,-80.7445951935388555108928000000000000000000,-73.9264133753570373291428000000000000000000,-56.1749340854162089268558177514792899408300,
WA,Bunbury,3,1400,Soft,5,2026-09-28,5196062,5481878,Open,Maiden,11,False,5355757,Producimus,7,9,56,False,C.L.Azzopardi,D.R.L.Taylor,False,6,,Australia,Bunbury,3,2026-09-28 06:27:00+00:00,7,Producimus,11,Sportsbet,11.000,2.880,TOP3,250.000,8.000,4.39740717029449423816,-95.9543854033290653008928000000000000000000,3.681177976952624839949000,-83.5490823730260349978928000000000000000000,-76.7309005548442168161428000000000000000000,-59.7314792585479205198974296296296296296300,
WA,Bunbury,3,1400,Soft,5,2026-09-28,5196062,5481878,Open,Maiden,11,False,5355757,Producimus,7,9,56,False,C.L.Azzopardi,D.R.L.Taylor,False,6,,Australia,Bunbury,3,2026-09-28 06:27:00+00:00,7,Producimus,11,UniBet,9.500,2.800,TOP3,250.000,8.000,3.79721510883482714469,-96.5065620998719590268852000000000000000000,3.129001280409731113956000,-85.5103214983681996288852000000000000000000,-77.6155846562629364706352000000000000000000,-60.3961969011608956542474448979591836734700,
WA,Bunbury,3,1400,Soft,5,2026-09-28,5196062,5481878,Open,Maiden,11,False,5355757,Producimus,7,9,56,False,C.L.Azzopardi,D.R.L.Taylor,False,6,,Australia,Bunbury,3,2026-09-28 06:27:00+00:00,7,Producimus,11,Surge ,11.000,3.200,TOP3,250.000,8.000,4.39740717029449423816,-95.9543854033290653008928000000000000000000,3.681177976952624839949000,-86.1532490396927016643928000000000000000000,-79.3350672215108834826428000000000000000000,-63.2217859715108834826428000000000000000000,
VIC,Southside Cranbourne,2,800,Good,4,2026-09-28,5197870,5482046,Nominations,Trial,8,True,5356112,Zain Blue,0,,,False,,C.Maher,False,1,,,,,,,,,,,,,,,,,,,,,
VIC,Southside Cranbourne,14,1000,Good,4,2026-09-28,5197870,5482058,Nominations,Trial,9,True,5356337,Prestige Lucky,0,,,False,,M.Jenkins,True,1,,,,,,,,,,,,,,,,,,,,,
VIC,Park Kilmore,4,1100,Good,3,2026-09-28,5195834,5469790,Open,Maiden,10,False,5356342,Prestige Erick,3,13,59.5,False,B.Allen,M.Jenkins,False,1,,Australia,Kilmore,4,2026-09-28 05:00:00+00:00,3,Prestige Erick,10,Betr,5.500,1.670,TOP3,9.200,8.000,60.19736842105263157895,-44.6184210526315789473660000000000000000000,45.394736842105263157895000,-26.9809686846402888003660000000000000000000,-13.3446050482766524368660000000000000000000,4.6732514542870823690211239556814514683200,
VIC,Park Kilmore,4,1100,Good,3,2026-09-28,5195834,5469790,Open,Maiden,10,False,5356342,Prestige Erick,3,13,59.5,False,B.Allen,M.Jenkins,False,1,,Australia,Kilmore,4,2026-09-28 05:00:00+00:00,3,Prestige Erick,10,Dabble,5.000,1.700,TOP3,9.200,8.000,54.71491228070175438596,-49.6622807017543859649168000000000000000000,40.350877192982456140351000,-35.5446336429308565534168000000000000000000,-20.5446336429308565534168000000000000000000,-2.3785436775329326779375612456747404844300,
VIC,Park Kilmore,4,1100,Good,3,2026-09-28,5195834,5469790,Open,Maiden,10,False,5356342,Prestige Erick,3,13,59.5,False,B.Allen,M.Jenkins,False,1,,Australia,Kilmore,4,2026-09-28 05:00:00+00:00,3,Prestige Erick,10,Ladbrokes,5.500,1.750,TOP3,9.200,8.000,60.19736842105263157895,-44.6184210526315789473660000000000000000000,45.394736842105263157895000,-29.0340054682159945316160000000000000000000,-15.3976418318523581681160000000000000000000,2.9697051069231520359809387755102040816325,
VIC,Park Kilmore,4,1100,Good,3,2026-09-28,5195834,5469790,Open,Maiden,10,False,5356342,Prestige Erick,3,13,59.5,False,B.Allen,M.Jenkins,False,1,,Australia,Kilmore,4,2026-09-28 05:00:00+00:00,3,Prestige Erick,10,Sportsbet,5.500,1.730,TOP3,9.200,8.000,60.19736842105263157895,-44.6184210526315789473660000000000000000000,45.394736842105263157895000,-28.5385471692894875126160000000000000000000,-14.9021835329258511491160000000000000000000,3.3911105965138227457841219552941962644925,
VIC,Park Kilmore,4,1100,Good,3,2026-09-28,5195834,5469790,Open,Maiden,10,False,5356342,Prestige Erick,3,13,59.5,False,B.Allen,M.Jenkins,False,1,,Australia,Kilmore,4,2026-09-28 05:00:00+00:00,3,Prestige Erick,10,UniBet,5.000,1.700,TOP3,9.200,8.000,54.71491228070175438596,-49.6622807017543859649168000000000000000000,40.350877192982456140351000,-35.5446336429308565534168000000000000000000,-20.5446336429308565534168000000000000000000,-2.3785436775329326779375612456747404844300,
VIC,Park Kilmore,4,1100,Good,3,2026-09-28,5195834,5469790,Open,Maiden,10,False,5356342,Prestige Erick,3,13,59.5,False,B.Allen,M.Jenkins,False,1,,Australia,Kilmore,4,2026-09-28 05:00:00+00:00,3,Prestige Erick,10,Surge ,5.500,1.850,TOP3,9.200,8.000,60.19736842105263157895,-44.6184210526315789473660000000000000000000,45.394736842105263157895000,-31.3506077848183111338660000000000000000000,-17.7142441484546747703660000000000000000000,0.9124906944963843969126705624543462381300,
VIC,Park Kilmore,5,1100,Good,3,2026-09-28,5195834,5469784,Open,BM 58,9,False,5356346,Adieu Grasse,5,4,59,False,R.J.Hurdle,R.C.Archard,False,3,,Australia,Kilmore,5,2026-09-28 05:30:00+00:00,5,Adieu Grasse,9,Betr,41.000,6.500,TOP3,600.000,8.000,6.83257767702360314709,-93.7140285371382851046772000000000000000000,6.134151220162688358448000,-85.8341035840426003019272000000000000000000,-84.0048352913596734726772000000000000000000,-74.2415216818922178515751289940828402366875,
VIC,Park Kilmore,5,1100,Good,3,2026-09-28,5195834,5469784,Open,BM 58,9,False,5356346,Adieu Grasse,5,4,59,False,R.J.Hurdle,R.C.Archard,False,3,,Australia,Kilmore,5,2026-09-28 05:30:00+00:00,5,Adieu Grasse,9,Dabble,34.000,4.800,TOP3,600.000,8.000,5.66575543405787438325,-94.7875050006667555674100000000000000000000,5.060674756634217895719000,-83.5742697065491085086600000000000000000000,-81.3683873536079320381600000000000000000000,-68.9985956869412653716391666666666666666675,
VIC,Park Kilmore,5,1100,Good,3,2026-09-28,5195834,5469784,Open,BM 58,9,False,5356346,Adieu Grasse,5,4,59,False,R.J.Hurdle,R.C.Archard,False,3,,Australia,Kilmore,5,2026-09-28 05:30:00+00:00,5,Adieu Grasse,9,Ladbrokes,35.000,5.500,TOP3,600.000,8.000,5.83244432591012134951,-94.6341512201626883584508000000000000000000,5.214028537138285104681000,-85.2835018695133377094508000000000000000000,-83.1406447266561948522008000000000000000000,-71.9836199332677651002214611570247933884300,
VIC,Park Kilmore,5,1100,Good,3,2026-09-28,5195834,5469784,Open,BM 58,9,False,5356346,Adieu Grasse,5,4,59,False,R.J.Hurdle,R.C.Archard,False,3,,Australia,Kilmore,5,2026-09-28 05:30:00+00:00,5,Adieu Grasse,9,Sportsbet,35.000,7.500,TOP3,600.000,8.000,5.83244432591012134951,-94.6341512201626883584508000000000000000000,5.214028537138285104681000,-88.9198655058769740732008000000000000000000,-86.7770083630198312159508000000000000000000,-78.1103416963531645494674666666666666666675,
VIC,Park Kilmore,5,1100,Good,3,2026-09-28,5195834,5469784,Open,BM 58,9,False,5356346,Adieu Grasse,5,4,59,False,R.J.Hurdle,R.C.Archard,False,3,,Australia,Kilmore,5,2026-09-28 05:30:00+00:00,5,Adieu Grasse,9,UniBet,34.000,5.750,TOP3,600.000,8.000,5.66575543405787438325,-94.7875050006667555674100000000000000000000,5.060674756634217895719000,-86.1557914456795432906600000000000000000000,-83.9499090927383668201600000000000000000000,-73.1748618337591607707767296786389413988675,
VIC,Park Kilmore,5,1100,Good,3,2026-09-28,5195834,5469784,Open,BM 58,9,False,5356346,Adieu Grasse,5,4,59,False,R.J.Hurdle,R.C.Archard,False,3,,Australia,Kilmore,5,2026-09-28 05:30:00+00:00,5,Adieu Grasse,9,Surge ,41.000,5.500,TOP3,600.000,8.000,6.83257767702360314709,-93.7140285371382851046772000000000000000000,6.134151220162688358448000,-83.7362014861405023996772000000000000000000,-81.9069331934575755704272000000000000000000,-70.7499084000691458184478611570247933884300,
VIC,Coleraine,1,1300,Good,4,2026-09-28,5197871,5482216,Paying,Trial,5,True,5356416,Dame Of Dubai,2,0,,False,C.N.Rawiller,S.W.Wilde,True,1,,,,,,,,,,,,,,,,,,,,,
WA,Bunbury,4,2025,Soft,5,2026-09-28,5196062,5466015,Open,Maiden,11,False,5356472,Mystacheeno,5,4,58,False,B.M.Parnham,J.Krispyn,False,5,,Australia,Bunbury,4,2026-09-28 07:04:00+00:00,5,Mystacheeno,11,Betr,10.000,2.550,TOP3,25.000,8.000,40.08828250401284109149,-63.1187800963081861958292000000000000000000,33.226324237560192616372000,-48.7070153904258332543292000000000000000000,-41.2070153904258332543292000000000000000000,-23.3292760593993049958972507497116493656300,
WA,Bunbury,4,2025,Soft,5,2026-09-28,5196062,5466015,Open,Maiden,11,False,5356472,Mystacheeno,5,4,58,False,B.M.Parnham,J.Krispyn,False,5,,Australia,Bunbury,4,2026-09-28 07:04:00+00:00,5,Mystacheeno,11,Dabble,10.000,2.750,TOP3,25.000,8.000,40.08828250401284109149,-63.1187800963081861958292000000000000000000,33.226324237560192616372000,-50.8460528235809134688292000000000000000000,-43.3460528235809134688292000000000000000000,-25.9906809227544671879118446280991735537200,
WA,Bunbury,4,2025,Soft,5,2026-09-28,5196062,5466015,Open,Maiden,11,False,5356472,Mystacheeno,5,4,58,False,B.M.Parnham,J.Krispyn,False,5,,Australia,Bunbury,4,2026-09-28 07:04:00+00:00,5,Mystacheeno,11,Ladbrokes,10.000,2.600,TOP3,25.000,8.000,40.08828250401284109149,-63.1187800963081861958292000000000000000000,33.226324237560192616372000,-49.2726262501543400423292000000000000000000,-41.7726262501543400423292000000000000000000,-24.0211469602135116400422177514792899408300,
WA,Bunbury,4,2025,Soft,5,2026-09-28,5196062,5466015,Open,Maiden,11,False,5356472,Mystacheeno,5,4,58,False,B.M.Parnham,J.Krispyn,False,5,,Australia,Bunbury,4,2026-09-28 07:04:00+00:00,5,Mystacheeno,11,Sportsbet,11.000,2.800,TOP3,25.000,8.000,44.10112359550561797753,-59.4269662921348314606724000000000000000000,36.918138041733547351525000,-46.2776156427841821096724000000000000000000,-39.4594338246023639279224000000000000000000,-22.2400460695003231115346448979591836734700,
WA,Bunbury,4,2025,Soft,5,2026-09-28,5196062,5466015,Open,Maiden,11,False,5356472,Mystacheeno,5,4,58,False,B.M.Parnham,J.Krispyn,False,5,,Australia,Bunbury,4,2026-09-28 07:04:00+00:00,5,Mystacheeno,11,UniBet,10.000,2.700,TOP3,25.000,8.000,40.08828250401284109149,-63.1187800963081861958292000000000000000000,33.226324237560192616372000,-50.3410023185304084180792000000000000000000,-42.8410023185304084180792000000000000000000,-25.3512903843740298172633563786008230452675,
WA,Bunbury,4,2025,Soft,5,2026-09-28,5196062,5466015,Open,Maiden,11,False,5356472,Mystacheeno,5,4,58,False,B.M.Parnham,J.Krispyn,False,5,,Australia,Bunbury,4,2026-09-28 07:04:00+00:00,5,Mystacheeno,11,Surge ,10.000,2.700,TOP3,25.000,8.000,40.08828250401284109149,-63.1187800963081861958292000000000000000000,33.226324237560192616372000,-50.3410023185304084180792000000000000000000,-42.8410023185304084180792000000000000000000,-25.3512903843740298172633563786008230452675,
WA,Bunbury,5,1000,Soft,5,2026-09-28,5196062,5466016,Open,BM 58,8,False,5356476,Nailedem,2,2,58.5,False,N.Faithfull,S.J.Faithfull,False,1,,Australia,Bunbury,5,2026-09-28 07:42:00+00:00,2,Nailedem,8,Betr,6.000,1.670,TOP3,13.000,8.000,46.36222910216718266254,-57.3467492260061919504632000000000000000000,35.603715170278637770898000,-37.4365695852876290769632000000000000000000,-24.9365695852876290767132000000000000000000,-6.9187130827238942708260760443185485316800,
WA,Bunbury,5,1000,Soft,5,2026-09-28,5196062,5466016,Open,BM 58,8,False,5356476,Nailedem,2,2,58.5,False,N.Faithfull,S.J.Faithfull,False,1,,Australia,Bunbury,5,2026-09-28 07:42:00+00:00,2,Nailedem,8,Dabble,5.500,1.700,TOP3,13.000,8.000,42.49226006191950464396,-60.9071207430340557275568000000000000000000,32.043343653250773993808000,-44.0622009569377990430568000000000000000000,-30.4258373205741626795568000000000000000000,-12.2597473551762388040775612456747404844300,
WA,Bunbury,5,1000,Soft,5,2026-09-28,5196062,5466016,Open,BM 58,8,False,5356476,Nailedem,2,2,58.5,False,N.Faithfull,S.J.Faithfull,False,1,,Australia,Bunbury,5,2026-09-28 07:42:00+00:00,2,Nailedem,8,Ladbrokes,6.000,1.750,TOP3,13.000,8.000,46.36222910216718266254,-57.3467492260061919504632000000000000000000,35.603715170278637770898000,-39.4896063688633348082132000000000000000000,-26.9896063688633348079632000000000000000000,-8.6222594300878246038662612244897959183675,
WA,Bunbury,5,1000,Soft,5,2026-09-28,5196062,5466016,Open,BM 58,8,False,5356476,Nailedem,2,2,58.5,False,N.Faithfull,S.J.Faithfull,False,1,,Australia,Bunbury,5,2026-09-28 07:42:00+00:00,2,Nailedem,8,Sportsbet,6.000,1.700,TOP3,13.000,8.000,46.36222910216718266254,-57.3467492260061919504632000000000000000000,35.603715170278637770898000,-38.2291021671826625394632000000000000000000,-25.7291021671826625392132000000000000000000,-7.5630122017847386637339612456747404844300,
WA,Bunbury,5,1000,Soft,5,2026-09-28,5196062,5466016,Open,BM 58,8,False,5356476,Nailedem,2,2,58.5,False,N.Faithfull,S.J.Faithfull,False,1,,Australia,Bunbury,5,2026-09-28 07:42:00+00:00,2,Nailedem,8,UniBet,5.500,1.600,TOP3,13.000,8.000,42.49226006191950464396,-60.9071207430340557275568000000000000000000,32.043343653250773993808000,-41.3048480157613284545568000000000000000000,-27.6684843793976920910568000000000000000000,-10.0903593793976920910568000000000000000000,
WA,Bunbury,5,1000,Soft,5,2026-09-28,5196062,5466016,Open,BM 58,8,False,5356476,Nailedem,2,2,58.5,False,N.Faithfull,S.J.Faithfull,False,1,,Australia,Bunbury,5,2026-09-28 07:42:00+00:00,2,Nailedem,8,Surge ,6.000,1.750,TOP3,13.000,8.000,46.36222910216718266254,-57.3467492260061919504632000000000000000000,35.603715170278637770898000,-39.4896063688633348082132000000000000000000,-26.9896063688633348079632000000000000000000,-8.6222594300878246038662612244897959183675,
NSW,Tamworth,2,1200,Good,4,2026-09-28,5196006,5468330,Interim,Maiden,9,False,5356907,The Last Romanov,9,10,56,True,,T.G.O'Neile,False,5,,,,,,,,,,,,,,,,,,,,,
NSW,Tamworth,3,1400,Good,4,2026-09-28,5196006,5468329,Open,Maiden,9,False,5356907,The Last Romanov,4,5,59,False,J.Duggan,T.G.O'Neile,False,5,,Australia,Tamworth,3,2026-09-28 04:50:00+00:00,4,The Last Romanov,9,Dabble,23.000,3.600,TOP3,600.000,10.000,3.83230538423070511752,-96.5509251541923653942320000000000000000000,3.300550091681946991165000,-82.2393309512938146692320000000000000000000,-78.9784613860764233649820000000000000000000,-63.9321650897801270686116296296296296296300,
NSW,Tamworth,3,1400,Good,4,2026-09-28,5196006,5468329,Open,Maiden,9,False,5356907,The Last Romanov,4,5,59,False,J.Duggan,T.G.O'Neile,False,5,,Australia,Tamworth,3,2026-09-28 04:50:00+00:00,4,The Last Romanov,9,Ladbrokes,23.000,3.500,TOP3,600.000,10.000,3.83230538423070511752,-96.5509251541923653942320000000000000000000,3.300550091681946991165000,-81.6440928560557194309820000000000000000000,-78.3832232908383281267320000000000000000000,-63.0771008418587362898595510204081632653075,
NSW,Tamworth,3,1400,Good,4,2026-09-28,5196006,5468329,Open,Maiden,9,False,5356907,The Last Romanov,4,5,59,False,J.Duggan,T.G.O'Neile,False,5,,Australia,Tamworth,3,2026-09-28 04:50:00+00:00,4,The Last Romanov,9,Sportsbet,21.000,3.600,TOP3,600.000,10.000,3.49891648608101350225,-96.8509751625270878479750000000000000000000,3.000500083347224537423000,-83.1604989720508973719750000000000000000000,-79.5890704006223259432250000000000000000000,-64.5427741043260296468546296296296296296300,
NSW,Tamworth,3,1400,Good,4,2026-09-28,5196006,5468329,Open,Maiden,9,False,5356907,The Last Romanov,4,5,59,False,J.Duggan,T.G.O'Neile,False,5,,Australia,Tamworth,3,2026-09-28 04:50:00+00:00,4,The Last Romanov,9,UniBet,21.000,3.700,TOP3,600.000,10.000,3.49891648608101350225,-96.8509751625270878479750000000000000000000,3.000500083347224537423000,-83.7235620351139604352250000000000000000000,-80.1521334636853890064750000000000000000000,-65.3603146178124890795303323593864134404675,
NSW,Tamworth,3,1400,Good,4,2026-09-28,5196006,5468329,Open,Maiden,9,False,5356907,The Last Romanov,4,5,59,False,J.Duggan,T.G.O'Neile,False,5,,Australia,Tamworth,3,2026-09-28 04:50:00+00:00,4,The Last Romanov,9,Surge ,23.000,3.700,TOP3,600.000,10.000,3.83230538423070511752,-96.5509251541923653942320000000000000000000,3.300550091681946991165000,-82.8023940143568777324820000000000000000000,-79.5415244491394864282320000000000000000000,-64.7497056032665865012873323593864134404675,
VIC,Park Kilmore,4,1100,Good,3,2026-09-28,5195834,5469790,Open,Maiden,10,False,5356916,Zephartie,9,5,57.5,False,C.E.Hollowood,D.E.Dean,False,1,,Australia,Kilmore,4,2026-09-28 05:00:00+00:00,9,Zephartie,10,Betr,126.000,14.000,TOP3,990.000,8.000,12.72729109422983675449,-88.2908921933085501858692000000000000000000,11.617100371747211895911000,-84.1242255266418835196192000000000000000000,-83.5289874314037882813692000000000000000000,-78.5544976354854209345222612244897959183675,
VIC,Park Kilmore,4,1100,Good,3,2026-09-28,5195834,5469790,Open,Maiden,10,False,5356916,Zephartie,9,5,57.5,False,C.E.Hollowood,D.E.Dean,False,1,,Australia,Kilmore,4,2026-09-28 05:00:00+00:00,9,Zephartie,10,Dabble,126.000,13.000,TOP3,990.000,8.000,12.72729109422983675449,-88.2908921933085501858692000000000000000000,11.617100371747211895911000,-83.7121376145539714313692000000000000000000,-83.1168995193158761931192000000000000000000,-77.7914557323336276722138745562130177514800,
VIC,Park Kilmore,4,1100,Good,3,2026-09-28,5195834,5469790,Open,Maiden,10,False,5356916,Zephartie,9,5,57.5,False,C.E.Hollowood,D.E.Dean,False,1,,Australia,Kilmore,4,2026-09-28 05:00:00+00:00,9,Zephartie,10,Ladbrokes,126.000,11.000,TOP3,990.000,8.000,12.72729109422983675449,-88.2908921933085501858692000000000000000000,11.617100371747211895911000,-82.6631865656029224806192000000000000000000,-82.0679484703648272423692000000000000000000,-75.8696013629268107134993652892561983471075,
VIC,Park Kilmore,4,1100,Good,3,2026-09-28,5195834,5469790,Open,Maiden,10,False,5356916,Zephartie,9,5,57.5,False,C.E.Hollowood,D.E.Dean,False,1,,Australia,Kilmore,4,2026-09-28 05:00:00+00:00,9,Zephartie,10,Sportsbet,126.000,20.500,TOP3,990.000,8.000,12.72729109422983675449,-88.2908921933085501858692000000000000000000,11.617100371747211895911000,-85.8228317984188870038692000000000000000000,-85.2275937031807917656192000000000000000000,-81.7475223171010773099710738845925044616300,
VIC,Park Kilmore,4,1100,Good,3,2026-09-28,5195834,5469790,Open,Maiden,10,False,5356916,Zephartie,9,5,57.5,False,C.E.Hollowood,D.E.Dean,False,1,,Australia,Kilmore,4,2026-09-28 05:00:00+00:00,9,Zephartie,10,UniBet,126.000,12.000,TOP3,990.000,8.000,12.72729109422983675449,-88.2908921933085501858692000000000000000000,11.617100371747211895911000,-83.2313683837847406626192000000000000000000,-82.6361302885466454243692000000000000000000,-76.9069636218799787579108666666666666666675,
VIC,Park Kilmore,4,1100,Good,3,2026-09-28,5195834,5469790,Open,Maiden,10,False,5356916,Zephartie,9,5,57.5,False,C.E.Hollowood,D.E.Dean,False,1,,Australia,Kilmore,4,2026-09-28 05:00:00+00:00,9,Zephartie,10,Surge ,126.000,13.000,TOP3,990.000,8.000,12.72729109422983675449,-88.2908921933085501858692000000000000000000,11.617100371747211895911000,-83.7121376145539714313692000000000000000000,-83.1168995193158761931192000000000000000000,-77.7914557323336276722138745562130177514800,
VIC,Park Kilmore,6,2000,Good,3,2026-09-28,5195834,5469785,Open,BM 0-57,12,False,5356925,Earthly Crown,3,11,62,False,C.E.Hollowood,R.C.Archard,False,3,,Australia,Kilmore,6,2026-09-28 06:00:00+00:00,3,Earthly Crown,12,Dabble,51.000,7.500,TOP3,380.000,8.000,13.42124657822699515688,-87.6524531480311644556704000000000000000000,12.107812170983364918930000,-80.5936296186193997499204000000000000000000,-79.1230413833252821029204000000000000000000,-70.4563747166586154364370666666666666666675,
VIC,Park Kilmore,6,2000,Good,3,2026-09-28,5195834,5469785,Open,BM 0-57,12,False,5356925,Earthly Crown,3,11,62,False,C.E.Hollowood,R.C.Archard,False,3,,Australia,Kilmore,6,2026-09-28 06:00:00+00:00,3,Earthly Crown,12,Ladbrokes,51.000,8.500,TOP3,380.000,8.000,13.42124657822699515688,-87.6524531480311644556704000000000000000000,12.107812170983364918930000,-81.7701002068546938676704000000000000000000,-80.2995119715605762206704000000000000000000,-72.5140448435328945600406422145328719723200,
VIC,Park Kilmore,6,2000,Good,3,2026-09-28,5195834,5469785,Open,BM 0-57,12,False,5356925,Earthly Crown,3,11,62,False,C.E.Hollowood,R.C.Archard,False,3,,Australia,Kilmore,6,2026-09-28 06:00:00+00:00,3,Earthly Crown,12,Sportsbet,51.000,10.750,TOP3,380.000,8.000,13.42124657822699515688,-87.6524531480311644556704000000000000000000,12.107812170983364918930000,-83.6168854325728881219204000000000000000000,-82.1462971972787704749204000000000000000000,-75.8185524703993762078767277447268793942675,
VIC,Park Kilmore,6,2000,Good,3,2026-09-28,5195834,5469785,Open,BM 0-57,12,False,5356925,Earthly Crown,3,11,62,False,C.E.Hollowood,R.C.Archard,False,3,,Australia,Kilmore,6,2026-09-28 06:00:00+00:00,3,Earthly Crown,12,UniBet,51.000,7.250,TOP3,380.000,8.000,13.42124657822699515688,-87.6524531480311644556704000000000000000000,12.107812170983364918930000,-80.2488020324125031979204000000000000000000,-78.7782137971183855509204000000000000000000,-69.8602589814227850752774154577883472057075,
VIC,Park Kilmore,6,2000,Good,3,2026-09-28,5195834,5469785,Open,BM 0-57,12,False,5356925,Earthly Crown,3,11,62,False,C.E.Hollowood,R.C.Archard,False,3,,Australia,Kilmore,6,2026-09-28 06:00:00+00:00,3,Earthly Crown,12,Surge ,51.000,7.500,TOP3,380.000,8.000,13.42124657822699515688,-87.6524531480311644556704000000000000000000,12.107812170983364918930000,-80.5936296186193997499204000000000000000000,-79.1230413833252821029204000000000000000000,-70.4563747166586154364370666666666666666675,
VIC,Park Kilmore,6,2000,Good,3,2026-09-28,5195834,5469785,Open,BM 0-57,12,False,5356925,Earthly Crown,3,11,62,False,C.E.Hollowood,R.C.Archard,False,3,,Australia,Kilmore,6,2026-09-28 06:00:00+00:00,3,Earthly Crown,12,Betr,51.000,9.000,TOP3,380.000,8.000,13.42124657822699515688,-87.6524531480311644556704000000000000000000,12.107812170983364918930000,-82.2602962852860664164204000000000000000000,-80.7897080499919487694204000000000000000000,-73.3823006425845413620778074074074074074075,
WA,Bunbury,7,1695,Soft,5,2026-09-28,5196062,5466017,Open,BM 58,12,False,5356954,Hype Machine,2,13,59.5,False,S.D.Parnham,S.V.Vahala,False,4,,Australia,Bunbury,7,2026-09-28 08:54:00+00:00,2,Hype Machine,12,Betr,26.000,4.000,TOP3,600.000,8.000,4.33224429923989865315,-96.0143352446992932391020000000000000000000,3.833844512601680224030000,-83.0335660139300624701020000000000000000000,-80.1489506293146778546020000000000000000000,-66.0864506293146778546020000000000000000000,
WA,Bunbury,7,1695,Soft,5,2026-09-28,5196062,5466017,Open,BM 58,12,False,5356954,Hype Machine,2,13,59.5,False,S.D.Parnham,S.V.Vahala,False,4,,Australia,Bunbury,7,2026-09-28 08:54:00+00:00,2,Hype Machine,12,Dabble,26.000,3.900,TOP3,600.000,8.000,4.33224429923989865315,-96.0143352446992932391020000000000000000000,3.833844512601680224030000,-82.5527967831608317006020000000000000000000,-79.6681813985454470851020000000000000000000,-65.3683786372042242052864181459566074950700,
WA,Bunbury,7,1695,Soft,5,2026-09-28,5196062,5466017,Open,BM 58,12,False,5356954,Hype Machine,2,13,59.5,False,S.D.Parnham,S.V.Vahala,False,4,,Australia,Bunbury,7,2026-09-28 08:54:00+00:00,2,Hype Machine,12,Ladbrokes,26.000,4.200,TOP3,600.000,8.000,4.33224429923989865315,-96.0143352446992932391020000000000000000000,3.833844512601680224030000,-83.9264231567872053271020000000000000000000,-81.0418077721718207116020000000000000000000,-67.4363655953010724122074421768707482993200,
WA,Bunbury,7,1695,Soft,5,2026-09-28,5196062,5466017,Open,BM 58,12,False,5356954,Hype Machine,2,13,59.5,False,S.D.Parnham,S.V.Vahala,False,4,,Australia,Bunbury,7,2026-09-28 08:54:00+00:00,2,Hype Machine,12,Sportsbet,27.000,4.750,TOP3,600.000,8.000,4.49893319109214561942,-95.8609814641952260301336000000000000000000,3.987198293105747432991000,-85.6270633355402552703836000000000000000000,-82.8492855577624774923836000000000000000000,-70.3839115965436409273095002770083102493075,
WA,Bunbury,7,1695,Soft,5,2026-09-28,5196062,5466017,Open,BM 58,12,False,5356954,Hype Machine,2,13,59.5,False,S.D.Parnham,S.V.Vahala,False,4,,Australia,Bunbury,7,2026-09-28 08:54:00+00:00,2,Hype Machine,12,UniBet,23.000,4.000,TOP3,600.000,8.000,3.83217762368315775437,-96.4743965862114948659796000000000000000000,3.373783171089478597146000,-84.2461357166462774744796000000000000000000,-80.9852661514288861702296000000000000000000,-66.9227661514288861702296000000000000000000,
WA,Bunbury,7,1695,Soft,5,2026-09-28,5196062,5466017,Open,BM 58,12,False,5356954,Hype Machine,2,13,59.5,False,S.D.Parnham,S.V.Vahala,False,4,,Australia,Bunbury,7,2026-09-28 08:54:00+00:00,2,Hype Machine,12,Surge ,26.000,3.800,TOP3,600.000,8.000,4.33224429923989865315,-96.0143352446992932391020000000000000000000,3.833844512601680224030000,-82.0467239086669045756020000000000000000000,-79.1621085240515199601020000000000000000000,-64.6191722359628773009344099722991689750700,
VIC,Park Kilmore,8,1200,Good,3,2026-09-28,5195834,5469789,Open,BM 58,12,False,5357195,Swing Your Magic,15,5,59,False,W.J.Egan,D.E.A.Sutton,False,1,,Australia,Kilmore,8,2026-09-28 07:00:00+00:00,15,Swing Your Magic,12,Dabble,26.000,4.800,TOP3,600.000,8.000,4.33224429923989865315,-96.0143352446992932391020000000000000000000,3.833844512601680224030000,-86.1585660139300624703520000000000000000000,-83.2739506293146778548520000000000000000000,-70.9041589626480111883311666666666666666675,
VIC,Park Kilmore,8,1200,Good,3,2026-09-28,5195834,5469789,Open,BM 58,12,False,5357195,Swing Your Magic,15,5,59,False,W.J.Egan,D.E.A.Sutton,False,1,,Australia,Kilmore,8,2026-09-28 07:00:00+00:00,15,Swing Your Magic,12,Ladbrokes,26.000,5.000,TOP3,600.000,8.000,4.33224429923989865315,-96.0143352446992932391020000000000000000000,3.833844512601680224030000,-86.7835660139300624701020000000000000000000,-83.8989506293146778546020000000000000000000,-71.8989506293146778546020000000000000000000,
VIC,Park Kilmore,8,1200,Good,3,2026-09-28,5195834,5469789,Open,BM 58,12,False,5357195,Swing Your Magic,15,5,59,False,W.J.Egan,D.E.A.Sutton,False,1,,Australia,Kilmore,8,2026-09-28 07:00:00+00:00,15,Swing Your Magic,12,Sportsbet,27.000,5.750,TOP3,600.000,8.000,4.49893319109214561942,-95.8609814641952260301336000000000000000000,3.987198293105747432991000,-88.3730587588812163683836000000000000000000,-85.5952809811034385903836000000000000000000,-74.8202337221242325410003296786389413988675,
VIC,Park Kilmore,8,1200,Good,3,2026-09-28,5195834,5469789,Open,BM 58,12,False,5357195,Swing Your Magic,15,5,59,False,W.J.Egan,D.E.A.Sutton,False,1,,Australia,Kilmore,8,2026-09-28 07:00:00+00:00,15,Swing Your Magic,12,UniBet,26.000,5.250,TOP3,600.000,8.000,4.33224429923989865315,-96.0143352446992932391020000000000000000000,3.833844512601680224030000,-87.4978517282157767558520000000000000000000,-84.6132363436003921403520000000000000000000,-73.0486104932602560859523401360544217687075,
VIC,Park Kilmore,8,1200,Good,3,2026-09-28,5195834,5469789,Open,BM 58,12,False,5357195,Swing Your Magic,15,5,59,False,W.J.Egan,D.E.A.Sutton,False,1,,Australia,Kilmore,8,2026-09-28 07:00:00+00:00,15,Swing Your Magic,12,Surge ,26.000,4.800,TOP3,600.000,8.000,4.33224429923989865315,-96.0143352446992932391020000000000000000000,3.833844512601680224030000,-86.1585660139300624703520000000000000000000,-83.2739506293146778548520000000000000000000,-70.9041589626480111883311666666666666666675,
NSW,Warwick Farm,9,792,Soft,5,2026-09-28,5197463,5477884,Paying,Trial,7,True,5357202,Strike A Pose,7,0,,False,S.S.Llewellyn,C.Maher,False,1,,,,,,,,,,,,,,,,,,,,,
VIC,Coleraine,2,900,Good,4,2026-09-28,5197871,5482217,Paying,Trial,5,True,5357400,Pare Brise,5,0,,False,J.D.Hill,S.W.Wilde,True,1,,,,,,,,,,,,,,,,,,,,,
WA,Bunbury,7,1695,Soft,5,2026-09-28,5196062,5466017,Open,BM 58,12,False,5357624,Barney Rommel,3,12,59,False,S.L.Webster,T.M.Wolfe,False,12,6,Australia,Bunbury,7,2026-09-28 08:54:00+00:00,3,Barney Rommel,12,Betr,18.000,3.300,TOP3,600.000,8.000,2.99873316442192292306,-97.2411654887318309107848000000000000000000,2.607014268569142552340000,-82.8472260947924369722848000000000000000000,-78.6805594281257703052848000000000000000000,-62.8403390424508391758977476584022038567500,
WA,Bunbury,7,1695,Soft,5,2026-09-28,5196062,5466017,Open,BM 58,12,False,5357624,Barney Rommel,3,12,59,False,S.L.Webster,T.M.Wolfe,False,12,6,Australia,Bunbury,7,2026-09-28 08:54:00+00:00,3,Barney Rommel,12,Dabble,17.000,3.500,TOP3,600.000,8.000,2.83204427256967595679,-97.3945192692358981197532000000000000000000,2.453660488065075343379000,-84.7894772524291754300032000000000000000000,-80.3777125465468224890032000000000000000000,-65.0715900975672306521307510204081632653075,
WA,Bunbury,7,1695,Soft,5,2026-09-28,5196062,5466017,Open,BM 58,12,False,5357624,Barney Rommel,3,12,59,False,S.L.Webster,T.M.Wolfe,False,12,6,Australia,Bunbury,7,2026-09-28 08:54:00+00:00,3,Barney Rommel,12,Ladbrokes,17.000,3.200,TOP3,600.000,8.000,2.83204427256967595679,-97.3945192692358981197532000000000000000000,2.453660488065075343379000,-82.7805486810006040017532000000000000000000,-78.3687839751182510607532000000000000000000,-62.2555027251182510607532000000000000000000,
WA,Bunbury,7,1695,Soft,5,2026-09-28,5196062,5466017,Open,BM 58,12,False,5357624,Barney Rommel,3,12,59,False,S.L.Webster,T.M.Wolfe,False,12,6,Australia,Bunbury,7,2026-09-28 08:54:00+00:00,3,Barney Rommel,12,Sportsbet,18.000,3.500,TOP3,600.000,8.000,2.99873316442192292306,-97.2411654887318309107848000000000000000000,2.607014268569142552340000,-84.1459273934937356730348000000000000000000,-79.9792607268270690060348000000000000000000,-64.6731382778474771691623510204081632653075,
WA,Bunbury,7,1695,Soft,5,2026-09-28,5196062,5466017,Open,BM 58,12,False,5357624,Barney Rommel,3,12,59,False,S.L.Webster,T.M.Wolfe,False,12,6,Australia,Bunbury,7,2026-09-28 08:54:00+00:00,3,Barney Rommel,12,UniBet,18.000,3.600,TOP3,600.000,8.000,2.99873316442192292306,-97.2411654887318309107848000000000000000000,2.607014268569142552340000,-84.7411654887318309112848000000000000000000,-80.5744988220651642442848000000000000000000,-65.5282025257688679479144296296296296296300,
WA,Bunbury,7,1695,Soft,5,2026-09-28,5196062,5466017,Open,BM 58,12,False,5357624,Barney Rommel,3,12,59,False,S.L.Webster,T.M.Wolfe,False,12,6,Australia,Bunbury,7,2026-09-28 08:54:00+00:00,3,Barney Rommel,12,Surge ,18.000,3.400,TOP3,600.000,8.000,2.99873316442192292306,-97.2411654887318309107848000000000000000000,2.607014268569142552340000,-83.5156752926533995390348000000000000000000,-79.3490086259867328720348000000000000000000,-63.7780743699313695502899903114186851211075,
SA,Morphettville Parks,6,800,Good,4,2026-09-28,5197445,5475291,Paying,Trial,9,True,5357995,Brownnoseday Glory,6,0,,False,W.L.Cave,T.L.Day,True,1,,,,,,,,,,,,,,,,,,,,,
VIC,Southside Cranbourne,4,800,Good,4,2026-09-28,5197870,5482048,Nominations,Trial,9,True,5358037,Rapid Cheval,0,,,False,,R.J.Laming,False,1,2,,,,,,,,,,,,,,,,,,,,
SA,Morphettville Parks,10,1000,Good,4,2026-09-28,5197445,5482080,Paying,Trial,9,True,5358398,Mr Ribtickler,5,0,,False,R.L.Milnes,K.L.Evans,False,4,,,,,,,,,,,,,,,,,,,,,
NSW,Warwick Farm,9,792,Soft,5,2026-09-28,5197463,5477884,Paying,Trial,7,True,5358549,Dont Doubt Darcy,2,0,,False,A.Adkins,C.Karakatsanis,False,1,,,,,,,,,,,,,,,,,,,,,
NSW,Wagga,6,1200,Good,4,2026-09-28,5194203,5468767,Open,Maiden,8,False,5358564,Central Otago,1,7,59,True,,R.Waters,False,1,,,,,,,,,,,,,,,,,,,,,
NSW,Wagga,2,1000,Good,0,2026-09-28,5197836,5482018,FinalFields,Trial,8,True,5358564,Central Otago,5,2,,False,S.Guymer,R.Waters,False,1,,,,,,,,,,,,,,,,,,,,,
VIC,Park Kilmore,5,1100,Good,3,2026-09-28,5195834,5469784,Open,BM 58,9,False,5358570,Cattle Camp,1,1,60,False,L.K.Cartwright,Peter G Moody & Katherine Coleman,False,2,,Australia,Kilmore,5,2026-09-28 05:30:00+00:00,1,Cattle Camp,9,Betr,5.000,1.650,TOP3,7.000,8.000,72.10982658959537572254,-33.6589595375722543352632000000000000000000,53.179190751445086705202000,-18.2044140830267997895132000000000000000000,-3.2044140830267997895132000000000000000000,14.7019220051274701828759184573002754820925,
VIC,Park Kilmore,5,1100,Good,3,2026-09-28,5195834,5469784,Open,BM 58,9,False,5358570,Cattle Camp,1,1,60,False,L.K.Cartwright,Peter G Moody & Katherine Coleman,False,2,,Australia,Kilmore,5,2026-09-28 05:30:00+00:00,1,Cattle Camp,9,Dabble,5.000,1.750,TOP3,7.000,8.000,72.10982658959537572254,-33.6589595375722543352632000000000000000000,53.179190751445086705202000,-20.8018166804293971925132000000000000000000,-5.8018166804293971925132000000000000000000,12.5655302583461130115837387755102040816325,
VIC,Park Kilmore,5,1100,Good,3,2026-09-28,5195834,5469784,Open,BM 58,9,False,5358570,Cattle Camp,1,1,60,False,L.K.Cartwright,Peter G Moody & Katherine Coleman,False,2,,Australia,Kilmore,5,2026-09-28 05:30:00+00:00,1,Cattle Camp,9,Ladbrokes,5.000,1.700,TOP3,7.000,8.000,72.10982658959537572254,-33.6589595375722543352632000000000000000000,53.179190751445086705202000,-19.5413124787487249237632000000000000000000,-4.5413124787487249237632000000000000000000,13.6247774866491989517160387543252595155700,
VIC,Park Kilmore,5,1100,Good,3,2026-09-28,5195834,5469784,Open,BM 58,9,False,5358570,Cattle Camp,1,1,60,False,L.K.Cartwright,Peter G Moody & Katherine Coleman,False,2,,Australia,Kilmore,5,2026-09-28 05:30:00+00:00,1,Cattle Camp,9,Sportsbet,5.500,1.750,TOP3,7.000,8.000,79.33526011560693641618,-27.0115606936416184971144000000000000000000,59.826589595375722543353000,-11.4271451092260340813644000000000000000000,2.2092185271376022821356000000000000000000,20.5765654659131124862325387755102040816325,
VIC,Park Kilmore,5,1100,Good,3,2026-09-28,5195834,5469784,Open,BM 58,9,False,5358570,Cattle Camp,1,1,60,False,L.K.Cartwright,Peter G Moody & Katherine Coleman,False,2,,Australia,Kilmore,5,2026-09-28 05:30:00+00:00,1,Cattle Camp,9,UniBet,5.000,1.750,TOP3,7.000,8.000,72.10982658959537572254,-33.6589595375722543352632000000000000000000,53.179190751445086705202000,-20.8018166804293971925132000000000000000000,-5.8018166804293971925132000000000000000000,12.5655302583461130115837387755102040816325,
VIC,Park Kilmore,5,1100,Good,3,2026-09-28,5195834,5469784,Open,BM 58,9,False,5358570,Cattle Camp,1,1,60,False,L.K.Cartwright,Peter G Moody & Katherine Coleman,False,2,,Australia,Kilmore,5,2026-09-28 05:30:00+00:00,1,Cattle Camp,9,Surge ,5.000,1.750,TOP3,7.000,8.000,72.10982658959537572254,-33.6589595375722543352632000000000000000000,53.179190751445086705202000,-20.8018166804293971925132000000000000000000,-5.8018166804293971925132000000000000000000,12.5655302583461130115837387755102040816325,
SA,Morphettville Parks,4,800,Good,4,2026-09-28,5197445,5482076,Paying,Trial,6,True,5358608,Pak Belang,5,0,,False,K.Crowther,T.J.Doudle,True,1,,,,,,,,,,,,,,,,,,,,,
NSW,Warwick Farm,7,792,Soft,5,2026-09-28,5197463,5481982,Paying,Trial,8,True,5358783,Miss Gambit,6,0,,False,A.J.Calder,B.Heys,True,1,,,,,,,,,,,,,,,,,,,,,
NSW,Warwick Farm,9,792,Soft,5,2026-09-28,5197463,5477884,Paying,Trial,7,True,5358815,Dominionist,1,0,,True,J.Collett,J.C.Coyle,True,1,,,,,,,,,,,,,,,,,,,,,
WA,Bunbury,2,1100,Soft,5,2026-09-28,5196062,5466013,Open,Maiden,11,False,5358862,Cartier Glow,8,9,55.5,False,J.K.Tsang,T.M.Wolfe,False,4,,Australia,Bunbury,2,2026-09-28 05:52:00+00:00,8,Cartier Glow,11,Betr,3.200,1.350,TOP3,5.600,8.000,57.78985507246376811594,-46.8333333333333333333352000000000000000000,36.666666666666666666667000,-38.1527777777777777778352000000000000000000,-14.7152777777777777778352000000000000000000,-0.3119855967078189300718255144032921810700,
WA,Bunbury,2,1100,Soft,5,2026-09-28,5196062,5466013,Open,Maiden,11,False,5358862,Cartier Glow,8,9,55.5,False,J.K.Tsang,T.M.Wolfe,False,4,,Australia,Bunbury,2,2026-09-28 05:52:00+00:00,8,Cartier Glow,11,Dabble,3.200,1.400,TOP3,5.600,8.000,57.78985507246376811594,-46.8333333333333333333352000000000000000000,36.666666666666666666667000,-40.1369047619047619050852000000000000000000,-16.6994047619047619050852000000000000000000,-1.3932823129251700682127510204081632653075,
WA,Bunbury,2,1100,Soft,5,2026-09-28,5196062,5466013,Open,Maiden,11,False,5358862,Cartier Glow,8,9,55.5,False,J.K.Tsang,T.M.Wolfe,False,4,,Australia,Bunbury,2,2026-09-28 05:52:00+00:00,8,Cartier Glow,11,Ladbrokes,3.200,1.450,TOP3,5.600,8.000,57.78985507246376811594,-46.8333333333333333333352000000000000000000,36.666666666666666666667000,-41.9841954022988505745852000000000000000000,-18.5466954022988505745852000000000000000000,-2.4943767340467697185105864447086801426875,
WA,Bunbury,2,1100,Soft,5,2026-09-28,5196062,5466013,Open,Maiden,11,False,5358862,Cartier Glow,8,9,55.5,False,J.K.Tsang,T.M.Wolfe,False,4,,Australia,Bunbury,2,2026-09-28 05:52:00+00:00,8,Cartier Glow,11,Sportsbet,3.200,1.330,TOP3,5.600,8.000,57.78985507246376811594,-46.8333333333333333333352000000000000000000,36.666666666666666666667000,-37.3173558897243107770852000000000000000000,-13.8798558897243107770852000000000000000000,0.1118903932764241429926025891797162078125,
WA,Bunbury,2,1100,Soft,5,2026-09-28,5196062,5466013,Open,Maiden,11,False,5358862,Cartier Glow,8,9,55.5,False,J.K.Tsang,T.M.Wolfe,False,4,,Australia,Bunbury,2,2026-09-28 05:52:00+00:00,8,Cartier Glow,11,UniBet,3.200,1.380,TOP3,5.600,8.000,57.78985507246376811594,-46.8333333333333333333352000000000000000000,36.666666666666666666667000,-39.3605072463768115938352000000000000000000,-15.9230072463768115938352000000000000000000,-0.9576638311279143035160443604284814114700,
WA,Bunbury,2,1100,Soft,5,2026-09-28,5196062,5466013,Open,Maiden,11,False,5358862,Cartier Glow,8,9,55.5,False,J.K.Tsang,T.M.Wolfe,False,4,,Australia,Bunbury,2,2026-09-28 05:52:00+00:00,8,Cartier Glow,11,Surge ,3.200,1.400,TOP3,5.600,8.000,57.78985507246376811594,-46.8333333333333333333352000000000000000000,36.666666666666666666667000,-40.1369047619047619050852000000000000000000,-16.6994047619047619050852000000000000000000,-1.3932823129251700682127510204081632653075,
NSW,Warwick Farm,9,792,Soft,5,2026-09-28,5197463,5477884,Paying,Trial,7,True,5359115,Time To Dance,8,0,,False,B.Panya,B.Heys,False,1,,,,,,,,,,,,,,,,,,,,,
VIC,Coleraine,1,1300,Good,4,2026-09-28,5197871,5482216,Paying,Trial,5,True,5359258,Lord Timo,5,0,,False,T.Madden,A.J.Purcell,True,1,,,,,,,,,,,,,,,,,,,,,
SA,Morphettville Parks,16,1000,Good,4,2026-09-28,5197445,5482075,Paying,Trial,8,True,5359305,Candy In Miami,4,0,,True,A.Stone,T.H.Jolly,False,1,2,,,,,,,,,,,,,,,,,,,,
VIC,Coleraine,8,900,Good,4,2026-09-28,5197871,5482223,Paying,Trial,4,True,5359373,Almorina,3,0,,False,J.D.Hill,S.W.Wilde,True,1,,,,,,,,,,,,,,,,,,,,,
NSW,Wagga,1,1400,Good,4,2026-09-28,5194203,5468768,Paying,Maiden,11,False,5359433,Wild Oaks,11,1,56,False,M.Heagney,T.R.Smart,False,2,,,,,,,,,,,,,,,,,,,,,
VIC,Coleraine,5,900,Good,4,2026-09-28,5197871,5482220,Paying,Trial,6,True,5359434,Bush Deep,6,0,,False,J.D.Hill,S.W.Wilde,True,1,,,,,,,,,,,,,,,,,,,,,
SA,Morphettville Parks,13,1000,Good,4,2026-09-28,5197445,5482086,Paying,Trial,7,True,5359447,Valdart,4,0,,False,J.B.Opperman,M.J.Hickmott,True,1,,,,,,,,,,,,,,,,,,,,,
VIC,Southside Cranbourne,7,800,Good,4,2026-09-28,5197870,5482051,Nominations,Trial,9,True,5359472,Love The Farmer,0,,,False,,Trent Busuttin & Natalie Young,True,1,,,,,,,,,,,,,,,,,,,,,
SA,Morphettville Parks,7,1000,Good,4,2026-09-28,5197445,5475295,Paying,Trial,9,True,5359563,Virtual Illusion,6,0,,False,C.Jones,Richard & Chantelle Jolly,False,1,,,,,,,,,,,,,,,,,,,,,
SA,Morphettville Parks,4,800,Good,4,2026-09-28,5197445,5482076,Paying,Trial,6,True,5359622,Tweeter,1,0,,False,T.Hutchinson,Dan Clarken & Oopy Macgillivray,False,6,,,,,,,,,,,,,,,,,,,,,
NSW,Warwick Farm,7,792,Soft,5,2026-09-28,5197463,5481982,Paying,Trial,8,True,5359859,Invincible Miss,4,0,,False,L.Day,C.Maher,True,1,,,,,,,,,,,,,,,,,,,,,
WA,Bunbury,6,1400,Soft,5,2026-09-28,5196062,5481877,Open,Maiden,14,False,5360178,Lunaris,14,14,53.5,False,W.A.Pike,M.P.Grantham,False,2,,Australia,Bunbury,6,2026-09-28 08:18:00+00:00,14,Lunaris,14,Betr,5.000,1.970,TOP3,12.000,8.000,41.86241610738255033557,-61.4865771812080536912756000000000000000000,30.872483221476510067114000,-53.4155111913603379550256000000000000000000,-38.4155111913603379550256000000000000000000,-19.6698594095571479733235141436264783941875,
WA,Bunbury,6,1400,Soft,5,2026-09-28,5196062,5481877,Open,Maiden,14,False,5360178,Lunaris,14,14,53.5,False,W.A.Pike,M.P.Grantham,False,2,,Australia,Bunbury,6,2026-09-28 08:18:00+00:00,14,Lunaris,14,Dabble,5.000,2.000,TOP3,12.000,8.000,41.86241610738255033557,-61.4865771812080536912756000000000000000000,30.872483221476510067114000,-53.9865771812080536912756000000000000000000,-38.9865771812080536912756000000000000000000,-20.2365771812080536912756000000000000000000,
WA,Bunbury,6,1400,Soft,5,2026-09-28,5196062,5481877,Open,Maiden,14,False,5360178,Lunaris,14,14,53.5,False,W.A.Pike,M.P.Grantham,False,2,,Australia,Bunbury,6,2026-09-28 08:18:00+00:00,14,Lunaris,14,Ladbrokes,5.000,2.000,TOP3,12.000,8.000,41.86241610738255033557,-61.4865771812080536912756000000000000000000,30.872483221476510067114000,-53.9865771812080536912756000000000000000000,-38.9865771812080536912756000000000000000000,-20.2365771812080536912756000000000000000000,
WA,Bunbury,6,1400,Soft,5,2026-09-28,5196062,5481877,Open,Maiden,14,False,5360178,Lunaris,14,14,53.5,False,W.A.Pike,M.P.Grantham,False,2,,Australia,Bunbury,6,2026-09-28 08:18:00+00:00,14,Lunaris,14,Sportsbet,5.500,2.050,TOP3,12.000,8.000,46.05704697986577181208,-57.6275167785234899328864000000000000000000,34.731543624161073825503000,-48.3148781975922260748864000000000000000000,-34.6785145612285897113864000000000000000000,-15.9396686361839734115737884592504461630000,
WA,Bunbury,6,1400,Soft,5,2026-09-28,5196062,5481877,Open,Maiden,14,False,5360178,Lunaris,14,14,53.5,False,W.A.Pike,M.P.Grantham,False,2,,Australia,Bunbury,6,2026-09-28 08:18:00+00:00,14,Lunaris,14,UniBet,5.000,2.000,TOP3,12.000,8.000,41.86241610738255033557,-61.4865771812080536912756000000000000000000,30.872483221476510067114000,-53.9865771812080536912756000000000000000000,-38.9865771812080536912756000000000000000000,-20.2365771812080536912756000000000000000000,
WA,Bunbury,6,1400,Soft,5,2026-09-28,5196062,5481877,Open,Maiden,14,False,5360178,Lunaris,14,14,53.5,False,W.A.Pike,M.P.Grantham,False,2,,Australia,Bunbury,6,2026-09-28 08:18:00+00:00,14,Lunaris,14,Surge ,5.000,2.000,TOP3,12.000,8.000,41.86241610738255033557,-61.4865771812080536912756000000000000000000,30.872483221476510067114000,-53.9865771812080536912756000000000000000000,-38.9865771812080536912756000000000000000000,-20.2365771812080536912756000000000000000000,
NSW,Warwick Farm,7,792,Soft,5,2026-09-28,5197463,5481982,Paying,Trial,8,True,5360415,Darn Sure,2,0,,False,S.Grima,C.J.Waller,True,1,,,,,,,,,,,,,,,,,,,,,
NSW,Wagga,5,1600,Good,4,2026-09-28,5194203,5468769,Open,Maiden,10,False,5360468,Ive Forgotten,12,10,56.5,True,P.Boudvillain,A.Dale,False,6,,,,,,,,,,,,,,,,,,,,,
SA,Morphettville Parks,16,1000,Good,4,2026-09-28,5197445,5482075,Paying,Trial,8,True,5360534,Touch Of Fire,8,0,,False,I.Sit,K.Mooney,True,1,,,,,,,,,,,,,,,,,,,,,
VIC,Park Kilmore,1,1450,Good,4,2026-09-28,5195834,5469791,Paying,Maiden,10,False,5360562,A Rus In Grinzing,15,3,56,False,D.G.Thornton,W.B.Brisbourne,False,2,,,,,,,,,,,,,,,,,,,,,
NSW,Warwick Farm,1,1200,Soft,5,2026-09-28,5197463,5477873,Paying,Trial,9,True,5360639,Southpole,7,0,,False,D.Gibbons,Mick Price & Michael Kent (Jnr),True,1,,,,,,,,,,,,,,,,,,,,,
NSW,Warwick Farm,7,792,Soft,5,2026-09-28,5197463,5481982,Paying,Trial,8,True,5360700,Speedy Harriet,8,0,,False,J.Collett,J.C.Coyle,True,1,,,,,,,,,,,,,,,,,,,,,
VIC,Southside Cranbourne,3,800,Good,4,2026-09-28,5197870,5482047,Nominations,Trial,9,True,5360723,Diamond Heist,0,,,False,,C.W.Mcdonald,True,1,,,,,,,,,,,,,,,,,,,,,
VIC,Southside Cranbourne,5,800,Good,4,2026-09-28,5197870,5482049,Nominations,Trial,9,True,5360909,The Destroyer,0,,,False,,L.M.Kennewell,False,1,,,,,,,,,,,,,,,,,,,,,
NSW,Warwick Farm,1,1200,Soft,5,2026-09-28,5197463,5477873,Paying,Trial,9,True,5360969,Thepowerofzen,9,0,,False,T.Sherry,R.P.Quinn,True,1,,,,,,,,,,,,,,,,,,,,,
SA,Morphettville Parks,12,1000,Good,4,2026-09-28,5197445,5482085,Paying,Trial,6,True,5360983,Never Ordinary,7,0,,True,,B.Cozamanis,False,3,2,,,,,,,,,,,,,,,,,,,,
NSW,Wagga,1,1000,Good,0,2026-09-28,5197836,5482019,FinalFields,Trial,10,True,5361046,Surreal Retirement,9,9,,False,,C.D.Widdison,True,1,,,,,,,,,,,,,,,,,,,,,
WA,Bunbury,6,1400,Soft,5,2026-09-28,5196062,5481877,Open,Maiden,14,False,5361065,All The Rage,12,7,55.5,False,S.D.Parnham,S.V.Vahala,False,1,,Australia,Bunbury,6,2026-09-28 08:18:00+00:00,12,All The Rage,14,Betr,13.000,3.700,TOP3,80.000,8.000,16.25375375375375375375,-85.0465465465465465465500000000000000000000,13.813813813813813813814000,-76.3147378147378147383000000000000000000000,-70.5455070455070455073000000000000000000000,-55.7536881996341455803553323593864134404675,
WA,Bunbury,6,1400,Soft,5,2026-09-28,5196062,5481877,Open,Maiden,14,False,5361065,All The Rage,12,7,55.5,False,S.D.Parnham,S.V.Vahala,False,1,,Australia,Bunbury,6,2026-09-28 08:18:00+00:00,12,All The Rage,14,Dabble,13.000,3.800,TOP3,80.000,8.000,16.25375375375375375375,-85.0465465465465465465500000000000000000000,13.813813813813813813814000,-76.8481659797449271140500000000000000000000,-71.0789352105141578830500000000000000000000,-56.5359989224255152238824099722991689750700,
WA,Bunbury,6,1400,Soft,5,2026-09-28,5196062,5481877,Open,Maiden,14,False,5361065,All The Rage,12,7,55.5,False,S.D.Parnham,S.V.Vahala,False,1,,Australia,Bunbury,6,2026-09-28 08:18:00+00:00,12,All The Rage,14,Ladbrokes,13.000,3.300,TOP3,80.000,8.000,16.25375375375375375375,-85.0465465465465465465500000000000000000000,13.813813813813813813814000,-73.8577353577353577360500000000000000000000,-68.0885045885045885050500000000000000000000,-52.2482842028296573756629476584022038567500,
WA,Bunbury,6,1400,Soft,5,2026-09-28,5196062,5481877,Open,Maiden,14,False,5361065,All The Rage,12,7,55.5,False,S.D.Parnham,S.V.Vahala,False,1,,Australia,Bunbury,6,2026-09-28 08:18:00+00:00,12,All The Rage,14,Sportsbet,13.000,3.500,TOP3,80.000,8.000,16.25375375375375375375,-85.0465465465465465465500000000000000000000,13.813813813813813813814000,-75.1564366564366564368000000000000000000000,-69.3872058872058872058000000000000000000000,-54.0810834382262953689275510204081632653075,
WA,Bunbury,6,1400,Soft,5,2026-09-28,5196062,5481877,Open,Maiden,14,False,5361065,All The Rage,12,7,55.5,False,S.D.Parnham,S.V.Vahala,False,1,,Australia,Bunbury,6,2026-09-28 08:18:00+00:00,12,All The Rage,14,UniBet,14.000,4.200,TOP3,80.000,8.000,17.50500500500500500501,-83.8953953953953953953908000000000000000000,14.964964964964964964965000,-76.7525382525382525378908000000000000000000,-71.3953953953953953951408000000000000000000,-57.7899532185246470957462421768707482993200,
WA,Bunbury,6,1400,Soft,5,2026-09-28,5196062,5481877,Open,Maiden,14,False,5361065,All The Rage,12,7,55.5,False,S.D.Parnham,S.V.Vahala,False,1,,Australia,Bunbury,6,2026-09-28 08:18:00+00:00,12,All The Rage,14,Surge ,13.000,3.700,TOP3,80.000,8.000,16.25375375375375375375,-85.0465465465465465465500000000000000000000,13.813813813813813813814000,-76.3147378147378147383000000000000000000000,-70.5455070455070455073000000000000000000000,-55.7536881996341455803553323593864134404675,
VIC,Southside Cranbourne,9,800,Good,4,2026-09-28,5197870,5482053,Nominations,Trial,8,True,5361199,Prestige Blackjack,0,,,False,,J.Sandhu,True,1,,,,,,,,,,,,,,,,,,,,,
VIC,Park Kilmore,1,1450,Good,4,2026-09-28,5195834,5469791,Paying,Maiden,10,False,5361387,Golden Rainbow,12,16,58,False,J.Noonan,M.Laurie,False,2,,,,,,,,,,,,,,,,,,,,,
VIC,Southside Cranbourne,7,800,Good,4,2026-09-28,5197870,5482051,Nominations,Trial,9,True,5361410,Hot Samba,0,,,False,,G.M.Begg,True,1,,,,,,,,,,,,,,,,,,,,,
SA,Morphettville Parks,3,800,Good,4,2026-09-28,5197445,5482084,Paying,Trial,6,True,5361413,Holly Angel,7,0,,False,K.Crowther,Will Clarken & Charlotte Sorby,False,2,,,,,,,,,,,,,,,,,,,,,
WA,Bunbury,7,1695,Soft,5,2026-09-28,5196062,5466017,Open,BM 58,12,False,5361470,Back In The Fold,6,14,57.5,False,C.J.Parnham,D.L.Morton,False,3,,Australia,Bunbury,7,2026-09-28 08:54:00+00:00,6,Back In The Fold,12,Betr,13.000,2.650,TOP3,85.000,8.000,15.29674988224211022138,-85.9269901083372585963304000000000000000000,13.000471031559114460669000,-69.1635648543459668695804000000000000000000,-63.3943340851151976385804000000000000000000,-45.7724045728332467663665338554645781416875,
WA,Bunbury,7,1695,Soft,5,2026-09-28,5196062,5466017,Open,BM 58,12,False,5361470,Back In The Fold,6,14,57.5,False,C.J.Parnham,D.L.Morton,False,3,,Australia,Bunbury,7,2026-09-28 08:54:00+00:00,6,Back In The Fold,12,Dabble,13.000,3.000,TOP3,85.000,8.000,15.29674988224211022138,-85.9269901083372585963304000000000000000000,13.000471031559114460669000,-72.4654516467987970585804000000000000000000,-66.6962208775680278275804000000000000000000,-50.0295542109013611609970666666666666666675,
WA,Bunbury,7,1695,Soft,5,2026-09-28,5196062,5466017,Open,BM 58,12,False,5361470,Back In The Fold,6,14,57.5,False,C.J.Parnham,D.L.Morton,False,3,,Australia,Bunbury,7,2026-09-28 08:54:00+00:00,6,Back In The Fold,12,Ladbrokes,13.000,2.700,TOP3,85.000,8.000,15.29674988224211022138,-85.9269901083372585963304000000000000000000,13.000471031559114460669000,-69.6876738690210192805804000000000000000000,-63.9184430997902500495804000000000000000000,-46.4287311656338714487645563786008230452675,
WA,Bunbury,7,1695,Soft,5,2026-09-28,5196062,5466017,Open,BM 58,12,False,5361470,Back In The Fold,6,14,57.5,False,C.J.Parnham,D.L.Morton,False,3,,Australia,Bunbury,7,2026-09-28 08:54:00+00:00,6,Back In The Fold,12,Sportsbet,14.000,2.880,TOP3,85.000,8.000,16.47432878002826189355,-84.8436175223739990579340000000000000000000,14.083843617522373999058000,-69.5162365699930466769340000000000000000000,-64.1590937128501895341840000000000000000000,-47.1596724165538932379386296296296296296300,
WA,Bunbury,7,1695,Soft,5,2026-09-28,5196062,5466017,Open,BM 58,12,False,5361470,Back In The Fold,6,14,57.5,False,C.J.Parnham,D.L.Morton,False,3,,Australia,Bunbury,7,2026-09-28 08:54:00+00:00,6,Back In The Fold,12,UniBet,13.000,2.800,TOP3,85.000,8.000,15.29674988224211022138,-85.9269901083372585963304000000000000000000,13.000471031559114460669000,-70.6797373610845113438304000000000000000000,-64.9105065918537421128304000000000000000000,-47.6911188367517012964426448979591836734700,
WA,Bunbury,7,1695,Soft,5,2026-09-28,5196062,5466017,Open,BM 58,12,False,5361470,Back In The Fold,6,14,57.5,False,C.J.Parnham,D.L.Morton,False,3,,Australia,Bunbury,7,2026-09-28 08:54:00+00:00,6,Back In The Fold,12,Surge ,13.000,2.800,TOP3,85.000,8.000,15.29674988224211022138,-85.9269901083372585963304000000000000000000,13.000471031559114460669000,-70.6797373610845113438304000000000000000000,-64.9105065918537421128304000000000000000000,-47.6911188367517012964426448979591836734700,
WA,Bunbury,3,1400,Soft,5,2026-09-28,5196062,5481878,Open,Maiden,11,False,5361527,Talkisstillcheap,13,1,53.5,False,L.F.Fiore,B.P.Fiore,True,1,,Australia,Bunbury,3,2026-09-28 06:27:00+00:00,13,Talkisstillcheap,11,Betr,10.000,2.800,TOP3,34.000,8.000,29.45165094339622641509,-72.9044811320754716981172000000000000000000,24.410377358490566037736000,-61.1187668463611859836172000000000000000000,-53.6187668463611859836172000000000000000000,-36.3993790912591451672294448979591836734700,
WA,Bunbury,3,1400,Soft,5,2026-09-28,5196062,5481878,Open,Maiden,11,False,5361527,Talkisstillcheap,13,1,53.5,False,L.F.Fiore,B.P.Fiore,True,1,,Australia,Bunbury,3,2026-09-28 06:27:00+00:00,13,Talkisstillcheap,11,Dabble,10.000,3.100,TOP3,34.000,8.000,29.45165094339622641509,-72.9044811320754716981172000000000000000000,24.410377358490566037736000,-63.7109327449786975046172000000000000000000,-56.2109327449786975046172000000000000000000,-39.8217548053324956315854622268470343392300,
WA,Bunbury,3,1400,Soft,5,2026-09-28,5196062,5481878,Open,Maiden,11,False,5361527,Talkisstillcheap,13,1,53.5,False,L.F.Fiore,B.P.Fiore,True,1,,Australia,Bunbury,3,2026-09-28 06:27:00+00:00,13,Talkisstillcheap,11,Ladbrokes,10.000,2.800,TOP3,34.000,8.000,29.45165094339622641509,-72.9044811320754716981172000000000000000000,24.410377358490566037736000,-61.1187668463611859836172000000000000000000,-53.6187668463611859836172000000000000000000,-36.3993790912591451672294448979591836734700,
WA,Bunbury,3,1400,Soft,5,2026-09-28,5196062,5481878,Open,Maiden,11,False,5361527,Talkisstillcheap,13,1,53.5,False,L.F.Fiore,B.P.Fiore,True,1,,Australia,Bunbury,3,2026-09-28 06:27:00+00:00,13,Talkisstillcheap,11,Sportsbet,11.000,3.100,TOP3,34.000,8.000,32.39976415094339622642,-70.1922169811320754716936000000000000000000,27.122641509433962264151000,-59.6350322303989376416936000000000000000000,-52.8168504122171194599436000000000000000000,-36.4276724725709175869118622268470343392300,
WA,Bunbury,3,1400,Soft,5,2026-09-28,5196062,5481878,Open,Maiden,11,False,5361527,Talkisstillcheap,13,1,53.5,False,L.F.Fiore,B.P.Fiore,True,1,,Australia,Bunbury,3,2026-09-28 06:27:00+00:00,13,Talkisstillcheap,11,UniBet,9.500,2.800,TOP3,34.000,8.000,27.97759433962264150943,-74.2606132075471698113244000000000000000000,23.054245283018867924528000,-63.2643726060434104133244000000000000000000,-55.3696357639381472550744000000000000000000,-38.1502480088361064386866448979591836734700,
WA,Bunbury,3,1400,Soft,5,2026-09-28,5196062,5481878,Open,Maiden,11,False,5361527,Talkisstillcheap,13,1,53.5,False,L.F.Fiore,B.P.Fiore,True,1,,Australia,Bunbury,3,2026-09-28 06:27:00+00:00,13,Talkisstillcheap,11,Surge ,10.000,3.100,TOP3,34.000,8.000,29.45165094339622641509,-72.9044811320754716981172000000000000000000,24.410377358490566037736000,-63.7109327449786975046172000000000000000000,-56.2109327449786975046172000000000000000000,-39.8217548053324956315854622268470343392300,
NSW,Warwick Farm,7,792,Soft,5,2026-09-28,5197463,5481982,Paying,Trial,8,True,5361777,Badawi,1,0,,False,R.Bayliss,C.Maher,True,1,,,,,,,,,,,,,,,,,,,,,
NSW,Warwick Farm,6,792,Soft,5,2026-09-28,5197463,5481981,Paying,Trial,8,True,5361783,Brighton Pier,1,0,,False,A.Adkins,J.J.W.Pride,True,1,,,,,,,,,,,,,,,,,,,,,
NSW,Wagga,5,1600,Good,4,2026-09-28,5194203,5468769,Open,Maiden,10,False,5361830,Them Apples,7,4,59,False,J.Penza,D.J.Gorrel,False,4,,,,,,,,,,,,,,,,,,,,,
VIC,Park Kilmore,3,1200,Good,3,2026-09-28,5195834,5469788,Open,Maiden,11,False,5361851,Home And A Bay,10,15,57,True,B.Allen,Leon & Troy Corstens & Will Larkin,False,2,,,,,,,,,,,,,,,,,,,,,
NSW,Warwick Farm,9,792,Soft,5,2026-09-28,5197463,5477884,Paying,Trial,7,True,5361933,Glamour Magic,4,0,,False,J.Ford,J.J.W.Pride,False,1,,,,,,,,,,,,,,,,,,,,,
VIC,Coleraine,7,900,Good,4,2026-09-28,5197871,5482222,Paying,Trial,4,True,5362220,Run Forrest Run,4,0,,False,T.Madden,T.M.Cottier,True,1,,,,,,,,,,,,,,,,,,,,,
VIC,Southside Cranbourne,7,800,Good,4,2026-09-28,5197870,5482051,Nominations,Trial,9,True,5362381,Madiera Drive,0,,,False,,R.D.Griffiths,True,1,,,,,,,,,,,,,,,,,,,,,
VIC,Park Kilmore,4,1100,Good,3,2026-09-28,5195834,5469790,Open,Maiden,10,False,5362393,Plinian,13,6,57,True,J.Noonan,David & Coral Feek,False,2,,,,,,,,,,,,,,,,,,,,,
VIC,Southside Cranbourne,3,800,Good,4,2026-09-28,5197870,5482047,Nominations,Trial,9,True,5362453,Alibaba,0,,,False,,Ken & Kasey Keys,False,1,5,,,,,,,,,,,,,,,,,,,,
NSW,Warwick Farm,3,795,Soft,5,2026-09-28,5197463,5481985,Paying,Trial,8,True,5362498,Emirate Star,4,0,,True,Z.T.Lloyd,Annabel & Rob Archibald,False,5,,,,,,,,,,,,,,,,,,,,,
NSW,Warwick Farm,3,795,Soft,5,2026-09-28,5197463,5481985,Paying,Trial,8,True,5362514,Piedmont,6,0,,False,R.Bayliss,C.Maher,False,4,,,,,,,,,,,,,,,,,,,,,
VIC,Southside Cranbourne,5,800,Good,4,2026-09-28,5197870,5482049,Nominations,Trial,9,True,5362534,Whiskey Boy,0,,,False,,R.D.Griffiths,True,1,,,,,,,,,,,,,,,,,,,,,
WA,Bunbury,1,1000,Soft,5,2026-09-28,5196062,5466012,Open,Maiden,10,False,5362562,Andalady,10,5,55,False,L.F.Fiore,T.F.N.Noske,True,1,,Australia,Bunbury,1,2026-09-28 05:17:00+00:00,10,Andalady,10,Betr,1.550,1.050,TOP3,2.000,8.000,80.20833333333333333333,-26.2083333333333333333364000000000000000000,26.354166666666666666667000,-51.5539554531490015360864000000000000000000,-3.1668586789554531490864000000000000000000,0.2345018652622339259050965986394557823125,
WA,Bunbury,1,1000,Soft,5,2026-09-28,5196062,5466012,Open,Maiden,10,False,5362562,Andalady,10,5,55,False,L.F.Fiore,T.F.N.Noske,True,1,,Australia,Bunbury,1,2026-09-28 05:17:00+00:00,10,Andalady,10,Dabble,1.500,1.060,TOP3,2.000,8.000,77.60416666666666666667,-28.6041666666666666666636000000000000000000,23.958333333333333333333000,-57.8494496855345911956636000000000000000000,-7.8494496855345911954136000000000000000000,-3.8444657054705114515568894268422926308300,
WA,Bunbury,1,1000,Soft,5,2026-09-28,5196062,5466012,Open,Maiden,10,False,5362562,Andalady,10,5,55,False,L.F.Fiore,T.F.N.Noske,True,1,,Australia,Bunbury,1,2026-09-28 05:17:00+00:00,10,Andalady,10,Ladbrokes,1.500,1.070,TOP3,2.000,8.000,77.60416666666666666667,-28.6041666666666666666636000000000000000000,23.958333333333333333333000,-58.5107087227414330221636000000000000000000,-8.5107087227414330219136000000000000000000,-3.9251553993070719424651765569045331470000,
WA,Bunbury,1,1000,Soft,5,2026-09-28,5196062,5466012,Open,Maiden,10,False,5362562,Andalady,10,5,55,False,L.F.Fiore,T.F.N.Noske,True,1,,Australia,Bunbury,1,2026-09-28 05:17:00+00:00,10,Andalady,10,Sportsbet,1.500,1.050,TOP3,2.000,8.000,77.60416666666666666667,-28.6041666666666666666636000000000000000000,23.958333333333333333333000,-57.1755952380952380959136000000000000000000,-7.1755952380952380956636000000000000000000,-3.7742346938775510206721034013605442176875,
WA,Bunbury,1,1000,Soft,5,2026-09-28,5196062,5466012,Open,Maiden,10,False,5362562,Andalady,10,5,55,False,L.F.Fiore,T.F.N.Noske,True,1,,Australia,Bunbury,1,2026-09-28 05:17:00+00:00,10,Andalady,10,UniBet,1.550,1.050,TOP3,2.000,8.000,80.20833333333333333333,-26.2083333333333333333364000000000000000000,26.354166666666666666667000,-51.5539554531490015360864000000000000000000,-3.1668586789554531490864000000000000000000,0.2345018652622339259050965986394557823125,
WA,Bunbury,1,1000,Soft,5,2026-09-28,5196062,5466012,Open,Maiden,10,False,5362562,Andalady,10,5,55,False,L.F.Fiore,T.F.N.Noske,True,1,,Australia,Bunbury,1,2026-09-28 05:17:00+00:00,10,Andalady,10,Surge ,1.550,1.060,TOP3,2.000,8.000,80.20833333333333333333,-26.2083333333333333333364000000000000000000,26.354166666666666666667000,-52.2278099005883546358364000000000000000000,-3.8407131263948062488364000000000000000000,0.1642708536692734950203105731577073691700,
NSW,Wagga,1,1000,Good,0,2026-09-28,5197836,5482019,FinalFields,Trial,10,True,5362660,Midnight Grunt,6,4,,False,N.Heywood,W.Carroll,True,1,,,,,,,,,,,,,,,,,,,,,
VIC,Park Kilmore,4,1100,Good,3,2026-09-28,5195834,5469790,Open,Maiden,10,False,5362838,Soho Miss,14,10,55,False,L.J.Neindorf,Mick Price & Michael Kent (Jnr),True,1,,Australia,Kilmore,4,2026-09-28 05:00:00+00:00,14,Soho Miss,10,Betr,4.000,1.420,TOP3,9.000,8.000,44.73094170403587443946,-58.8475336322869955156968000000000000000000,30.941704035874439461883000,-43.5306322238362912901968000000000000000000,-24.7806322238362912901968000000000000000000,-9.1587318072522801813502417774251140646700,
VIC,Park Kilmore,4,1100,Good,3,2026-09-28,5195834,5469790,Open,Maiden,10,False,5362838,Soho Miss,14,10,55,False,L.J.Neindorf,Mick Price & Michael Kent (Jnr),True,1,,Australia,Kilmore,4,2026-09-28 05:00:00+00:00,14,Soho Miss,10,Dabble,4.000,1.500,TOP3,9.000,8.000,44.73094170403587443946,-58.8475336322869955156968000000000000000000,30.941704035874439461883000,-46.3475336322869955154468000000000000000000,-27.5975336322869955154468000000000000000000,-10.9308669656203288488634666666666666666675,
VIC,Park Kilmore,4,1100,Good,3,2026-09-28,5195834,5469790,Open,Maiden,10,False,5362838,Soho Miss,14,10,55,False,L.J.Neindorf,Mick Price & Michael Kent (Jnr),True,1,,Australia,Kilmore,4,2026-09-28 05:00:00+00:00,14,Soho Miss,10,Ladbrokes,4.200,1.550,TOP3,9.000,8.000,46.97309417040358744395,-56.7847533632286995515660000000000000000000,33.004484304932735426009000,-44.1119423033208654505660000000000000000000,-26.2547994461780083075660000000000000000000,-9.0851844617867492024390489073881373569200,
VIC,Park Kilmore,4,1100,Good,3,2026-09-28,5195834,5469790,Open,Maiden,10,False,5362838,Soho Miss,14,10,55,False,L.J.Neindorf,Mick Price & Michael Kent (Jnr),True,1,,Australia,Kilmore,4,2026-09-28 05:00:00+00:00,14,Soho Miss,10,Sportsbet,4.200,1.500,TOP3,9.000,8.000,46.97309417040358744395,-56.7847533632286995515660000000000000000000,33.004484304932735426009000,-42.4990390775144138373160000000000000000000,-24.6418962203715566943160000000000000000000,-7.9752295537048900277326666666666666666675,
VIC,Park Kilmore,4,1100,Good,3,2026-09-28,5195834,5469790,Open,Maiden,10,False,5362838,Soho Miss,14,10,55,False,L.J.Neindorf,Mick Price & Michael Kent (Jnr),True,1,,Australia,Kilmore,4,2026-09-28 05:00:00+00:00,14,Soho Miss,10,UniBet,4.200,1.500,TOP3,9.000,8.000,46.97309417040358744395,-56.7847533632286995515660000000000000000000,33.004484304932735426009000,-42.4990390775144138373160000000000000000000,-24.6418962203715566943160000000000000000000,-7.9752295537048900277326666666666666666675,
VIC,Park Kilmore,4,1100,Good,3,2026-09-28,5195834,5469790,Open,Maiden,10,False,5362838,Soho Miss,14,10,55,False,L.J.Neindorf,Mick Price & Michael Kent (Jnr),True,1,,Australia,Kilmore,4,2026-09-28 05:00:00+00:00,14,Soho Miss,10,Surge ,4.200,1.500,TOP3,9.000,8.000,46.97309417040358744395,-56.7847533632286995515660000000000000000000,33.004484304932735426009000,-42.4990390775144138373160000000000000000000,-24.6418962203715566943160000000000000000000,-7.9752295537048900277326666666666666666675,
VIC,Southside Cranbourne,3,800,Good,4,2026-09-28,5197870,5482047,Nominations,Trial,9,True,5362848,Angels Fury,0,,,False,,C.Maher,False,3,,,,,,,,,,,,,,,,,,,,,
NSW,Tamworth,5,1600,Good,4,2026-09-28,5196006,5468328,Open,BM 58,8,False,5362996,May The Force,8,1,55,False,J.Pracey-Holmes,L.R.Chandler,False,4,,Australia,Tamworth,5,2026-09-28 06:05:00+00:00,8,May The Force,8,Betr,6.000,1.920,TOP3,17.500,10.000,34.42528735632183908046,-69.0172413793103448275860000000000000000000,25.862068965517241379310000,-54.9547413793103448283360000000000000000000,-42.4547413793103448280860000000000000000000,-23.7372934626436781614089166666666666666675,
NSW,Tamworth,5,1600,Good,4,2026-09-28,5196006,5468328,Open,BM 58,8,False,5362996,May The Force,8,1,55,False,J.Pracey-Holmes,L.R.Chandler,False,4,,Australia,Tamworth,5,2026-09-28 06:05:00+00:00,8,May The Force,8,Dabble,6.000,2.100,TOP3,17.500,10.000,34.42528735632183908046,-69.0172413793103448275860000000000000000000,25.862068965517241379310000,-58.3029556650246305420860000000000000000000,-45.8029556650246305418360000000000000000000,-27.0954726718273516302577687074829931972800,
NSW,Tamworth,5,1600,Good,4,2026-09-28,5196006,5468328,Open,BM 58,8,False,5362996,May The Force,8,1,55,False,J.Pracey-Holmes,L.R.Chandler,False,4,,Australia,Tamworth,5,2026-09-28 06:05:00+00:00,8,May The Force,8,Ladbrokes,6.500,2.050,TOP3,17.500,10.000,37.29885057471264367816,-66.4310344827586206896560000000000000000000,28.448275862068965517241000,-52.9225917060231610271560000000000000000000,-41.3841301675616225659060000000000000000000,-22.6452842425170062660933884592504461630000,
NSW,Tamworth,5,1600,Good,4,2026-09-28,5196006,5468328,Open,BM 58,8,False,5362996,May The Force,8,1,55,False,J.Pracey-Holmes,L.R.Chandler,False,4,,Australia,Tamworth,5,2026-09-28 06:05:00+00:00,8,May The Force,8,Sportsbet,6.500,2.150,TOP3,17.500,10.000,37.29885057471264367816,-66.4310344827586206896560000000000000000000,28.448275862068965517241000,-54.6242366294491394726560000000000000000000,-43.0857750909876010114060000000000000000000,-24.4270406399329768902618680367766360194700,
NSW,Tamworth,5,1600,Good,4,2026-09-28,5196006,5468328,Open,BM 58,8,False,5362996,May The Force,8,1,55,False,J.Pracey-Holmes,L.R.Chandler,False,4,,Australia,Tamworth,5,2026-09-28 06:05:00+00:00,8,May The Force,8,UniBet,6.000,2.050,TOP3,17.500,10.000,34.42528735632183908046,-69.0172413793103448275860000000000000000000,25.862068965517241379310000,-57.4318755256518082430860000000000000000000,-44.9318755256518082428360000000000000000000,-26.1930296006071919430233884592504461630000,
NSW,Tamworth,5,1600,Good,4,2026-09-28,5196006,5468328,Open,BM 58,8,False,5362996,May The Force,8,1,55,False,J.Pracey-Holmes,L.R.Chandler,False,4,,Australia,Tamworth,5,2026-09-28 06:05:00+00:00,8,May The Force,8,Surge ,6.000,2.100,TOP3,17.500,10.000,34.42528735632183908046,-69.0172413793103448275860000000000000000000,25.862068965517241379310000,-58.3029556650246305420860000000000000000000,-45.8029556650246305418360000000000000000000,-27.0954726718273516302577687074829931972800,
NSW,Warwick Farm,8,792,Soft,5,2026-09-28,5197463,5481983,Paying,Trial,8,True,5363070,Regal Profit,6,0,,False,A.Adkins,G.Portelli,True,1,,,,,,,,,,,,,,,,,,,,,
VIC,Southside Cranbourne,14,1000,Good,4,2026-09-28,5197870,5482058,Nominations,Trial,9,True,5363081,Julius Maximus,0,,,False,,C.Maher,True,1,,,,,,,,,,,,,,,,,,,,,
VIC,Southside Cranbourne,7,800,Good,4,2026-09-28,5197870,5482051,Nominations,Trial,9,True,5363127,Pasatiempo,0,,,False,,Mick Price & Michael Kent (Jnr),False,1,,,,,,,,,,,,,,,,,,,,,
VIC,Southside Cranbourne,3,800,Good,4,2026-09-28,5197870,5482047,Nominations,Trial,9,True,5363137,Organised Crime,0,,,False,,L.M.Kennewell,False,4,,,,,,,,,,,,,,,,,,,,,
VIC,Southside Cranbourne,2,800,Good,4,2026-09-28,5197870,5482046,Nominations,Trial,8,True,5363137,Organised Crime,0,,,False,,L.M.Kennewell,False,4,,,,,,,,,,,,,,,,,,,,,
VIC,Coleraine,5,900,Good,4,2026-09-28,5197871,5482220,Paying,Trial,6,True,5363209,Piccadilly Thunder,1,0,,False,T.Madden,A.J.Purcell,True,1,,,,,,,,,,,,,,,,,,,,,
VIC,Southside Cranbourne,18,1200,Good,4,2026-09-28,5197870,5482062,Nominations,Trial,10,True,5363439,Planet Nero,0,,,False,,Mick Price & Michael Kent (Jnr),True,1,,,,,,,,,,,,,,,,,,,,,
VIC,Southside Cranbourne,14,1000,Good,4,2026-09-28,5197870,5482058,Nominations,Trial,9,True,5363502,Edge Of Wonder,0,,,False,,G.Eurell,True,1,,,,,,,,,,,,,,,,,,,,,
NSW,Tamworth,3,1400,Good,4,2026-09-28,5196006,5468329,Open,Maiden,9,False,5363548,Grafology,10,7,56.5,True,B.Looker,L.Mary,False,3,,,,,,,,,,,,,,,,,,,,,
VIC,Southside Cranbourne,16,1000,Good,4,2026-09-28,5197870,5482060,Nominations,Trial,8,True,5363558,Verismo,0,,,False,,Anthony & Sam Freedman,False,1,,,,,,,,,,,,,,,,,,,,,
WA,Bunbury,7,1695,Soft,5,2026-09-28,5196062,5466017,Open,BM 58,12,False,5363580,Royal Reflection,11,2,55.5,False,W.A.Pike,M.P.Grantham,False,2,,Australia,Bunbury,7,2026-09-28 08:54:00+00:00,11,Royal Reflection,12,Betr,1.350,1.050,TOP3,1.440,8.000,98.52941176470588235294,-9.3529411764705882352952000000000000000000,23.676470588235294117647000,-49.0354808590102707750452000000000000000000,6.5200746965452847804548000000000000000000,9.9214352407629718554462965986394557823125,
WA,Bunbury,7,1695,Soft,5,2026-09-28,5196062,5466017,Open,BM 58,12,False,5363580,Royal Reflection,11,2,55.5,False,W.A.Pike,M.P.Grantham,False,2,,Australia,Bunbury,7,2026-09-28 08:54:00+00:00,11,Royal Reflection,12,Dabble,1.360,1.050,TOP3,1.440,8.000,99.26470588235294117647,-8.6764705882352941176476000000000000000000,24.352941176470588235294000,-47.5420168067226890758976000000000000000000,7.6050420168067226888524000000000000000000,11.0064025610244097638438965986394557823125,
WA,Bunbury,7,1695,Soft,5,2026-09-28,5196062,5466017,Open,BM 58,12,False,5363580,Royal Reflection,11,2,55.5,False,W.A.Pike,M.P.Grantham,False,2,,Australia,Bunbury,7,2026-09-28 08:54:00+00:00,11,Royal Reflection,12,Ladbrokes,1.350,1.050,TOP3,1.440,8.000,98.52941176470588235294,-9.3529411764705882352952000000000000000000,23.676470588235294117647000,-49.0354808590102707750452000000000000000000,6.5200746965452847804548000000000000000000,9.9214352407629718554462965986394557823125,
WA,Bunbury,7,1695,Soft,5,2026-09-28,5196062,5466017,Open,BM 58,12,False,5363580,Royal Reflection,11,2,55.5,False,W.A.Pike,M.P.Grantham,False,2,,Australia,Bunbury,7,2026-09-28 08:54:00+00:00,11,Royal Reflection,12,Sportsbet,1.350,1.050,TOP3,1.440,8.000,98.52941176470588235294,-9.3529411764705882352952000000000000000000,23.676470588235294117647000,-49.0354808590102707750452000000000000000000,6.5200746965452847804548000000000000000000,9.9214352407629718554462965986394557823125,
WA,Bunbury,7,1695,Soft,5,2026-09-28,5196062,5466017,Open,BM 58,12,False,5363580,Royal Reflection,11,2,55.5,False,W.A.Pike,M.P.Grantham,False,2,,Australia,Bunbury,7,2026-09-28 08:54:00+00:00,11,Royal Reflection,12,UniBet,1.400,1.030,TOP3,1.440,8.000,102.20588235294117647059,-5.9705882352941176470572000000000000000000,27.058823529411764705882000,-40.2979113975687362318072000000000000000000,13.2735171738598351964428000000000000000000,15.3943579694107825054206254312376284286925,
WA,Bunbury,7,1695,Soft,5,2026-09-28,5196062,5466017,Open,BM 58,12,False,5363580,Royal Reflection,11,2,55.5,False,W.A.Pike,M.P.Grantham,False,2,,Australia,Bunbury,7,2026-09-28 08:54:00+00:00,11,Royal Reflection,12,Surge ,1.350,1.050,TOP3,1.440,8.000,98.52941176470588235294,-9.3529411764705882352952000000000000000000,23.676470588235294117647000,-49.0354808590102707750452000000000000000000,6.5200746965452847804548000000000000000000,9.9214352407629718554462965986394557823125,
VIC,Southside Cranbourne,14,1000,Good,4,2026-09-28,5197870,5482058,Nominations,Trial,9,True,5363598,The Turk,0,,,False,,J.Sandhu,True,1,,,,,,,,,,,,,,,,,,,,,
SA,Morphettville Parks,4,800,Good,4,2026-09-28,5197445,5482076,Paying,Trial,6,True,5363615,Zakkaya,6,0,,False,B.Price,T.J.Doudle,True,1,,,,,,,,,,,,,,,,,,,,,
VIC,Southside Cranbourne,3,800,Good,4,2026-09-28,5197870,5482047,Nominations,Trial,9,True,5363666,Fun Party,0,,,False,,G.Eurell,True,1,,,,,,,,,,,,,,,,,,,,,
VIC,Park Kilmore,5,1100,Good,3,2026-09-28,5195834,5469784,Open,BM 58,9,False,5363686,Knurl,8,8,57.5,False,D.J.Dunn,R.P.Hunter,False,2,,Australia,Kilmore,5,2026-09-28 05:30:00+00:00,8,Knurl,9,Betr,16.000,3.400,TOP3,50.000,8.000,32.03125000000000000000,-70.5312500000000000000000000000000000000000,27.644230769230769230769000,-57.8474264705882352942500000000000000000000,-53.1599264705882352942500000000000000000000,-37.5889922145328719725051903114186851211075,
VIC,Park Kilmore,5,1100,Good,3,2026-09-28,5195834,5469784,Open,BM 58,9,False,5363686,Knurl,8,8,57.5,False,D.J.Dunn,R.P.Hunter,False,2,,Australia,Kilmore,5,2026-09-28 05:30:00+00:00,8,Knurl,9,Dabble,16.000,3.700,TOP3,50.000,8.000,32.03125000000000000000,-70.5312500000000000000000000000000000000000,27.644230769230769230769000,-59.6359797297297297297500000000000000000000,-54.9484797297297297297500000000000000000000,-40.1566608838568298028053323593864134404675,
VIC,Park Kilmore,5,1100,Good,3,2026-09-28,5195834,5469784,Open,BM 58,9,False,5363686,Knurl,8,8,57.5,False,D.J.Dunn,R.P.Hunter,False,2,,Australia,Kilmore,5,2026-09-28 05:30:00+00:00,8,Knurl,9,Ladbrokes,16.000,3.300,TOP3,50.000,8.000,32.03125000000000000000,-70.5312500000000000000000000000000000000000,27.644230769230769230769000,-57.1789772727272727275000000000000000000000,-52.4914772727272727275000000000000000000000,-36.6512568870523415981129476584022038567500,
VIC,Park Kilmore,5,1100,Good,3,2026-09-28,5195834,5469784,Open,BM 58,9,False,5363686,Knurl,8,8,57.5,False,D.J.Dunn,R.P.Hunter,False,2,,Australia,Kilmore,5,2026-09-28 05:30:00+00:00,8,Knurl,9,Sportsbet,16.000,3.600,TOP3,50.000,8.000,32.03125000000000000000,-70.5312500000000000000000000000000000000000,27.644230769230769230769000,-59.0729166666666666665000000000000000000000,-54.3854166666666666665000000000000000000000,-39.3391203703703703701296296296296296296300,
VIC,Park Kilmore,5,1100,Good,3,2026-09-28,5195834,5469784,Open,BM 58,9,False,5363686,Knurl,8,8,57.5,False,D.J.Dunn,R.P.Hunter,False,2,,Australia,Kilmore,5,2026-09-28 05:30:00+00:00,8,Knurl,9,UniBet,17.000,4.000,TOP3,50.000,8.000,34.03445512820512820513,-68.6883012820512820512804000000000000000000,29.487179487179487179487000,-58.7618306938159879332804000000000000000000,-54.3500659879336349922804000000000000000000,-40.2875659879336349922804000000000000000000,
VIC,Park Kilmore,5,1100,Good,3,2026-09-28,5195834,5469784,Open,BM 58,9,False,5363686,Knurl,8,8,57.5,False,D.J.Dunn,R.P.Hunter,False,2,,Australia,Kilmore,5,2026-09-28 05:30:00+00:00,8,Knurl,9,Surge ,16.000,3.700,TOP3,50.000,8.000,32.03125000000000000000,-70.5312500000000000000000000000000000000000,27.644230769230769230769000,-59.6359797297297297297500000000000000000000,-54.9484797297297297297500000000000000000000,-40.1566608838568298028053323593864134404675,
WA,Bunbury,4,2025,Soft,5,2026-09-28,5196062,5466015,Open,Maiden,11,False,5363735,Forever Victorious,11,12,56,False,C.T.Johnston-Porter,H.M.Taylor,False,5,,Australia,Bunbury,4,2026-09-28 07:04:00+00:00,11,Forever Victorious,11,Betr,2.600,1.220,TOP3,4.700,8.000,56.06060606060606060606,-48.4242424242424242424248000000000000000000,31.861471861471861471861000,-44.6411402804845427786748000000000000000000,-15.7949864343306966251748000000000000000000,-4.7092567917614947978741415748454716474075,
WA,Bunbury,4,2025,Soft,5,2026-09-28,5196062,5466015,Open,Maiden,11,False,5363735,Forever Victorious,11,12,56,False,C.T.Johnston-Porter,H.M.Taylor,False,5,,Australia,Bunbury,4,2026-09-28 07:04:00+00:00,11,Forever Victorious,11,Dabble,2.600,1.300,TOP3,4.700,8.000,56.06060606060606060606,-48.4242424242424242424248000000000000000000,31.861471861471861471861000,-48.4242424242424242416748000000000000000000,-19.5780885780885780881748000000000000000000,-6.2644791106329567864307171597633136094675,
WA,Bunbury,4,2025,Soft,5,2026-09-28,5196062,5466015,Open,Maiden,11,False,5363735,Forever Victorious,11,12,56,False,C.T.Johnston-Porter,H.M.Taylor,False,5,,Australia,Bunbury,4,2026-09-28 07:04:00+00:00,11,Forever Victorious,11,Ladbrokes,2.600,1.300,TOP3,4.700,8.000,56.06060606060606060606,-48.4242424242424242424248000000000000000000,31.861471861471861471861000,-48.4242424242424242416748000000000000000000,-19.5780885780885780881748000000000000000000,-6.2644791106329567864307171597633136094675,
WA,Bunbury,4,2025,Soft,5,2026-09-28,5196062,5466015,Open,Maiden,11,False,5363735,Forever Victorious,11,12,56,False,C.T.Johnston-Porter,H.M.Taylor,False,5,,Australia,Bunbury,4,2026-09-28 07:04:00+00:00,11,Forever Victorious,11,Sportsbet,2.600,1.250,TOP3,4.700,8.000,56.06060606060606060606,-48.4242424242424242424248000000000000000000,31.861471861471861471861000,-46.1165501165501165494248000000000000000000,-17.2703962703962703959248000000000000000000,-5.2703962703962703959248000000000000000000,
WA,Bunbury,4,2025,Soft,5,2026-09-28,5196062,5466015,Open,Maiden,11,False,5363735,Forever Victorious,11,12,56,False,C.T.Johnston-Porter,H.M.Taylor,False,5,,Australia,Bunbury,4,2026-09-28 07:04:00+00:00,11,Forever Victorious,11,UniBet,2.700,1.280,TOP3,4.700,8.000,58.22510822510822510823,-46.4329004329004329004284000000000000000000,33.852813852813852813853000,-43.3947059884559884559284000000000000000000,-15.6169282106782106781784000000000000000000,-2.7995453981782106781784000000000000000000,
WA,Bunbury,4,2025,Soft,5,2026-09-28,5196062,5466015,Open,Maiden,11,False,5363735,Forever Victorious,11,12,56,False,C.T.Johnston-Porter,H.M.Taylor,False,5,,Australia,Bunbury,4,2026-09-28 07:04:00+00:00,11,Forever Victorious,11,Surge ,2.600,1.300,TOP3,4.700,8.000,56.06060606060606060606,-48.4242424242424242424248000000000000000000,31.861471861471861471861000,-48.4242424242424242416748000000000000000000,-19.5780885780885780881748000000000000000000,-6.2644791106329567864307171597633136094675,
VIC,Park Kilmore,3,1200,Good,3,2026-09-28,5195834,5469788,Open,Maiden,11,False,5363842,Around The Marx,9,5,57,True,C.G.Gaudray,David & Coral Feek,False,1,2,,,,,,,,,,,,,,,,,,,,
VIC,Southside Cranbourne,7,800,Good,4,2026-09-28,5197870,5482051,Nominations,Trial,9,True,5363843,Banner Headline,0,,,False,,C.W.Mcdonald,True,1,,,,,,,,,,,,,,,,,,,,,
VIC,Coleraine,8,900,Good,4,2026-09-28,5197871,5482223,Paying,Trial,4,True,5364067,Divine Eruption,4,0,,False,C.N.Rawiller,S.W.Wilde,False,1,,,,,,,,,,,,,,,,,,,,,
VIC,Southside Cranbourne,14,1000,Good,4,2026-09-28,5197870,5482058,Nominations,Trial,9,True,5364148,Ciphered,0,,,False,,G.M.Bedggood,False,1,,,,,,,,,,,,,,,,,,,,,
VIC,Park Kilmore,3,1200,Good,3,2026-09-28,5195834,5469788,Open,Maiden,11,False,5364219,Method Man,13,3,57,False,J.Noonan,A.W.Noonan,True,1,,Australia,Kilmore,3,2026-09-28 04:30:00+00:00,13,Method Man,11,Betr,23.000,3.800,TOP3,36.000,8.000,64.00334075723830734967,-41.1169265033407572383036000000000000000000,56.347438752783964365256000,-27.9018235285123819523036000000000000000000,-24.6409539632949906480536000000000000000000,-10.0980176752063479888860099722991689750700,
VIC,Park Kilmore,3,1200,Good,3,2026-09-28,5195834,5469788,Open,Maiden,11,False,5364219,Method Man,13,3,57,False,J.Noonan,A.W.Noonan,True,1,,Australia,Kilmore,3,2026-09-28 04:30:00+00:00,13,Method Man,11,Dabble,23.000,3.900,TOP3,36.000,8.000,64.00334075723830734967,-41.1169265033407572383036000000000000000000,56.347438752783964365256000,-28.4078964030063090773036000000000000000000,-25.1470268377889177730536000000000000000000,-10.8472240764476948932380181459566074950700,
VIC,Park Kilmore,3,1200,Good,3,2026-09-28,5195834,5469788,Open,Maiden,11,False,5364219,Method Man,13,3,57,False,J.Noonan,A.W.Noonan,True,1,,Australia,Kilmore,3,2026-09-28 04:30:00+00:00,13,Method Man,11,Ladbrokes,21.000,3.600,TOP3,36.000,8.000,58.43541202672605790646,-46.2394209354120267260568000000000000000000,51.224944320712694877506000,-32.5489447449358362500568000000000000000000,-28.9775161735072648213068000000000000000000,-13.9312198772109685249364296296296296296300,
VIC,Park Kilmore,3,1200,Good,3,2026-09-28,5195834,5469788,Open,Maiden,11,False,5364219,Method Man,13,3,57,False,J.Noonan,A.W.Noonan,True,1,,Australia,Kilmore,3,2026-09-28 04:30:00+00:00,13,Method Man,11,Sportsbet,20.000,3.750,TOP3,36.000,8.000,55.65144766146993318486,-48.8006681514476614699288000000000000000000,48.663697104677060133630000,-36.3006681514476614696788000000000000000000,-32.5506681514476614696788000000000000000000,-17.8840014847809948028954666666666666666675,
VIC,Park Kilmore,3,1200,Good,3,2026-09-28,5195834,5469788,Open,Maiden,11,False,5364219,Method Man,13,3,57,False,J.Noonan,A.W.Noonan,True,1,,Australia,Kilmore,3,2026-09-28 04:30:00+00:00,13,Method Man,11,UniBet,21.000,3.900,TOP3,36.000,8.000,58.43541202672605790646,-46.2394209354120267260568000000000000000000,51.224944320712694877506000,-34.1515088474999388140568000000000000000000,-30.5800802760713673853068000000000000000000,-16.2802775147301445054912181459566074950700,
VIC,Park Kilmore,3,1200,Good,3,2026-09-28,5195834,5469788,Open,Maiden,11,False,5364219,Method Man,13,3,57,False,J.Noonan,A.W.Noonan,True,1,,Australia,Kilmore,3,2026-09-28 04:30:00+00:00,13,Method Man,11,Surge ,21.000,3.800,TOP3,36.000,8.000,58.43541202672605790646,-46.2394209354120267260568000000000000000000,51.224944320712694877506000,-33.6454359730060116890568000000000000000000,-30.0740074015774402603068000000000000000000,-15.5310711134887976011392099722991689750700,
SA,Morphettville Parks,7,1000,Good,4,2026-09-28,5197445,5475295,Paying,Trial,9,True,5364247,Placo,1,0,,False,T.Voorham,L.G.O'Connor,False,10,8,,,,,,,,,,,,,,,,,,,,
SA,Morphettville Parks,8,1000,Good,4,2026-09-28,5197445,5482078,Paying,Trial,9,True,5364290,Flaming Navy,6,0,,False,B.Price,T.J.Doudle,False,3,,,,,,,,,,,,,,,,,,,,,
SA,Morphettville Parks,14,1000,Good,4,2026-09-28,5197445,5482073,Paying,Trial,8,True,5364696,Insidious,7,0,,True,T.J.Pannell,M.J.Hickmott,True,1,,,,,,,,,,,,,,,,,,,,,
SA,Morphettville Parks,13,1000,Good,4,2026-09-28,5197445,5482086,Paying,Trial,7,True,5364696,Insidious,2,0,,False,T.J.Pannell,M.J.Hickmott,True,1,,,,,,,,,,,,,,,,,,,,,
VIC,Coleraine,6,900,Good,4,2026-09-28,5197871,5482221,Paying,Trial,5,True,5364737,Star Kells,1,0,,False,P.C.Bell,Maddie Raymond & Patrick Bell,True,1,,,,,,,,,,,,,,,,,,,,,
NSW,Wagga,4,1000,Good,4,2026-09-28,5194203,5468763,Open,BM 64,9,False,5364769,La Stiava,9,8,55,False,M.A.Cahill,N.F.Gardner,False,4,,Australia,Wagga,4,2026-09-28 05:10:00+00:00,9,La Stiava,9,Dabble,9.000,2.450,TOP3,29.000,10.000,31.10726643598615916955,-72.0034602076124567474050000000000000000000,24.913494809688581314879000,-58.0578819763199397404050000000000000000000,-49.7245486429866064071550000000000000000000,-31.6070975809291303555042294877134527280300,
NSW,Wagga,4,1000,Good,4,2026-09-28,5194203,5468763,Open,BM 64,9,False,5364769,La Stiava,9,8,55,False,M.A.Cahill,N.F.Gardner,False,4,,Australia,Wagga,4,2026-09-28 05:10:00+00:00,9,La Stiava,9,Ladbrokes,9.500,2.500,TOP3,29.000,10.000,32.83737024221453287197,-70.4463667820069204152270000000000000000000,26.470588235294117647059000,-56.2358404662174467317270000000000000000000,-48.3411036241121835734770000000000000000000,-30.3411036241121835734770000000000000000000,
NSW,Wagga,4,1000,Good,4,2026-09-28,5194203,5468763,Open,BM 64,9,False,5364769,La Stiava,9,8,55,False,M.A.Cahill,N.F.Gardner,False,4,,Australia,Wagga,4,2026-09-28 05:10:00+00:00,9,La Stiava,9,Sportsbet,9.500,2.600,TOP3,29.000,10.000,32.83737024221453287197,-70.4463667820069204152270000000000000000000,26.470588235294117647059000,-57.3896866200636005782270000000000000000000,-49.4949497779583374199770000000000000000000,-31.7434704880175090176900177514792899408300,
NSW,Wagga,4,1000,Good,4,2026-09-28,5194203,5468763,Open,BM 64,9,False,5364769,La Stiava,9,8,55,False,M.A.Cahill,N.F.Gardner,False,4,,Australia,Wagga,4,2026-09-28 05:10:00+00:00,9,La Stiava,9,UniBet,9.000,2.450,TOP3,29.000,10.000,31.10726643598615916955,-72.0034602076124567474050000000000000000000,24.913494809688581314879000,-58.0578819763199397404050000000000000000000,-49.7245486429866064071550000000000000000000,-31.6070975809291303555042294877134527280300,
NSW,Wagga,4,1000,Good,4,2026-09-28,5194203,5468763,Open,BM 64,9,False,5364769,La Stiava,9,8,55,False,M.A.Cahill,N.F.Gardner,False,4,,Australia,Wagga,4,2026-09-28 05:10:00+00:00,9,La Stiava,9,Surge ,9.000,2.450,TOP3,29.000,10.000,31.10726643598615916955,-72.0034602076124567474050000000000000000000,24.913494809688581314879000,-58.0578819763199397404050000000000000000000,-49.7245486429866064071550000000000000000000,-31.6070975809291303555042294877134527280300,
NSW,Wagga,6,1200,Good,4,2026-09-28,5194203,5468767,Open,Maiden,8,False,5364820,Hay Deer,11,12,55,True,J.Van Overmeire,M.J.Dale,True,1,,,,,,,,,,,,,,,,,,,,,
SA,Morphettville Parks,13,1000,Good,4,2026-09-28,5197445,5482086,Paying,Trial,7,True,5364892,Ramzikah,6,0,,False,B.Price,T.J.Doudle,True,1,,,,,,,,,,,,,,,,,,,,,
VIC,Coleraine,3,900,Good,4,2026-09-28,5197871,5482219,Paying,Trial,5,True,5364894,Prince Of Caviar/Fialka (Nz)/2023,3,0,,False,L.Meech,T.Dabernig,True,1,,,,,,,,,,,,,,,,,,,,,
SA,Morphettville Parks,4,800,Good,4,2026-09-28,5197445,5482076,Paying,Trial,6,True,5364895,Silverleaves,3,0,,False,P.Brewster,J.Tzaferis,False,1,,,,,,,,,,,,,,,,,,,,,
VIC,Southside Cranbourne,12,1000,Good,4,2026-09-28,5197870,5482056,Nominations,Trial,11,True,5364904,Unit Five,0,,,False,,C.Maher,False,3,,,,,,,,,,,,,,,,,,,,,
SA,Morphettville Parks,12,1000,Good,4,2026-09-28,5197445,5482085,Paying,Trial,6,True,5364905,Super Wonder,3,0,,False,C.Munro,Richard & Chantelle Jolly,False,4,,,,,,,,,,,,,,,,,,,,,
NSW,Warwick Farm,6,792,Soft,5,2026-09-28,5197463,5481981,Paying,Trial,8,True,5364978,I Am Forceful,3,0,,False,C.Schofield,C.Maher,True,1,,,,,,,,,,,,,,,,,,,,,
VIC,Park Kilmore,1,1450,Good,4,2026-09-28,5195834,5469791,Paying,Maiden,10,False,5365044,Chilly Sav,16,4,56,False,L.K.Cartwright,Peter G Moody & Katherine Coleman,False,2,,,,,,,,,,,,,,,,,,,,,
NSW,Tamworth,2,1200,Good,4,2026-09-28,5196006,5468330,Interim,Maiden,9,False,5365119,Chasing Camilla,4,11,57,True,M.Weir,W.T.Wilkes,False,2,,,,,,,,,,,,,,,,,,,,,
VIC,Park Kilmore,2,1450,Good,4,2026-09-28,5195834,5469787,Paying,Maiden,10,False,5365238,Anglais,9,7,55.5,False,D.W.Stackhouse,N.R.Ryan,False,3,2,,,,,,,,,,,,,,,,,,,,
VIC,Park Kilmore,3,1200,Good,3,2026-09-28,5195834,5469788,Open,Maiden,11,False,5365254,Jourama,11,11,57,False,W.J.Egan,Anthony & Sam Freedman,False,3,,Australia,Kilmore,3,2026-09-28 04:30:00+00:00,11,Jourama,11,Betr,4.200,1.320,TOP3,5.000,8.000,85.16260162601626016260,-21.6504065040650406504080000000000000000000,59.837398373983739837398000,-0.5465104001689367544080000000000000000000,17.3106324569739203885920000000000000000000,31.0847371401695126749997134986225895316800,
VIC,Park Kilmore,3,1200,Good,3,2026-09-28,5195834,5469788,Open,Maiden,11,False,5365254,Jourama,11,11,57,False,W.J.Egan,Anthony & Sam Freedman,False,3,,Australia,Kilmore,3,2026-09-28 04:30:00+00:00,11,Jourama,11,Dabble,4.400,1.400,TOP3,5.000,8.000,89.22764227642276422764,-17.9105691056910569105712000000000000000000,63.577235772357723577236000,1.5699503748284236081788000000000000000000,18.6154049202829690629288000000000000000000,33.9215273692625608998012489795918367346925,
VIC,Park Kilmore,3,1200,Good,3,2026-09-28,5195834,5469788,Open,Maiden,11,False,5365254,Jourama,11,11,57,False,W.J.Egan,Anthony & Sam Freedman,False,3,,Australia,Kilmore,3,2026-09-28 04:30:00+00:00,11,Jourama,11,Ladbrokes,4.200,1.450,TOP3,5.000,8.000,85.16260162601626016260,-21.6504065040650406504080000000000000000000,59.837398373983739837398000,-5.6405542873162721776580000000000000000000,12.2165885698265849653420000000000000000000,28.2689072380786658214166135552913198573125,
VIC,Park Kilmore,3,1200,Good,3,2026-09-28,5195834,5469788,Open,Maiden,11,False,5365254,Jourama,11,11,57,False,W.J.Egan,Anthony & Sam Freedman,False,3,,Australia,Kilmore,3,2026-09-28 04:30:00+00:00,11,Jourama,11,Sportsbet,4.200,1.300,TOP3,5.000,8.000,85.16260162601626016260,-21.6504065040650406504080000000000000000000,59.837398373983739837398000,0.3276154739569373713420000000000000000000,18.1847583310997945143420000000000000000000,31.4983677985554158160860828402366863905325,
VIC,Park Kilmore,3,1200,Good,3,2026-09-28,5195834,5469788,Open,Maiden,11,False,5365254,Jourama,11,11,57,False,W.J.Egan,Anthony & Sam Freedman,False,3,,Australia,Kilmore,3,2026-09-28 04:30:00+00:00,11,Jourama,11,UniBet,4.400,1.380,TOP3,5.000,8.000,89.22764227642276422764,-17.9105691056910569105712000000000000000000,63.577235772357723577236000,2.3463478903563739194288000000000000000000,19.3918024358109193741788000000000000000000,34.3571458510598166644979556395715185885300,
VIC,Park Kilmore,3,1200,Good,3,2026-09-28,5195834,5469788,Open,Maiden,11,False,5365254,Jourama,11,11,57,False,W.J.Egan,Anthony & Sam Freedman,False,3,,Australia,Kilmore,3,2026-09-28 04:30:00+00:00,11,Jourama,11,Surge ,4.400,1.450,TOP3,5.000,8.000,89.22764227642276422764,-17.9105691056910569105712000000000000000000,63.577235772357723577236000,-0.2773402655656650613212000000000000000000,16.7681142798888803934288000000000000000000,32.8204329481409612495034135552913198573125,
NSW,Wagga,1,1400,Good,4,2026-09-28,5194203,5468768,Paying,Maiden,11,False,5365304,The Friskee Flash,10,3,56,False,M.A.Cahill,N.Osborne,False,3,,,,,,,,,,,,,,,,,,,,,
VIC,Southside Cranbourne,14,1000,Good,4,2026-09-28,5197870,5482058,Nominations,Trial,9,True,5365338,Gwendeling,0,,,False,,Anthony & Sam Freedman,True,1,,,,,,,,,,,,,,,,,,,,,
VIC,Southside Cranbourne,5,800,Good,4,2026-09-28,5197870,5482049,Nominations,Trial,9,True,5365519,Theatric Story,0,,,False,,G.Eurell,True,1,,,,,,,,,,,,,,,,,,,,,
VIC,Southside Cranbourne,9,800,Good,4,2026-09-28,5197870,5482053,Nominations,Trial,8,True,5365616,Prolific Angel,0,,,False,,Anthony & Sam Freedman,False,1,,,,,,,,,,,,,,,,,,,,,
SA,Morphettville Parks,5,800,Good,4,2026-09-28,5197445,5482077,Paying,Trial,6,True,5365624,Noble Espoir,4,0,,False,J.Holder,Shayne & Chelsea Cahill,True,1,,,,,,,,,,,,,,,,,,,,,
VIC,Park Kilmore,1,1450,Good,4,2026-09-28,5195834,5469791,Paying,Maiden,10,False,5365706,The Pallet Man,14,8,58,True,J.B.Stanley,B.S.Stanley,False,1,,,,,,,,,,,,,,,,,,,,,
VIC,Southside Cranbourne,12,1000,Good,4,2026-09-28,5197870,5482056,Nominations,Trial,11,True,5365706,The Pallet Man,0,,,False,,B.S.Stanley,False,1,,,,,,,,,,,,,,,,,,,,,
VIC,Southside Cranbourne,9,800,Good,4,2026-09-28,5197870,5482053,Nominations,Trial,8,True,5365709,Slugger,0,,,False,,Mick Price & Michael Kent (Jnr),True,1,,,,,,,,,,,,,,,,,,,,,
VIC,Southside Cranbourne,14,1000,Good,4,2026-09-28,5197870,5482058,Nominations,Trial,9,True,5365833,Blue Dream,0,,,False,,G.M.Begg,True,1,,,,,,,,,,,,,,,,,,,,,
SA,Morphettville Parks,12,1000,Good,4,2026-09-28,5197445,5482085,Paying,Trial,6,True,5365840,Haniata,2,0,,True,T.J.Pannell,M.J.Hickmott,True,1,,,,,,,,,,,,,,,,,,,,,
VIC,Southside Cranbourne,18,1200,Good,4,2026-09-28,5197870,5482062,Nominations,Trial,10,True,5365897,Brighthill,0,,,False,,J.R.Laing,False,1,,,,,,,,,,,,,,,,,,,,,
VIC,Coleraine,2,900,Good,4,2026-09-28,5197871,5482217,Paying,Trial,5,True,5365919,Moscow Miss,3,0,,False,L.Meech,T.Dabernig,True,1,,,,,,,,,,,,,,,,,,,,,
VIC,Southside Cranbourne,17,1000,Good,4,2026-09-28,5197870,5482061,Nominations,Trial,8,True,5365945,Oda Mae,0,,,False,,J.R.Laing,False,1,,,,,,,,,,,,,,,,,,,,,
VIC,Park Kilmore,4,1100,Good,3,2026-09-28,5195834,5469790,Open,Maiden,10,False,5365992,Bohemian Blitz,11,2,57,False,S.K.Kennedy,J.R.Mcardle,False,2,,Australia,Kilmore,4,2026-09-28 05:00:00+00:00,11,Bohemian Blitz,10,Betr,5.500,1.670,TOP3,8.000,8.000,69.31818181818181818182,-36.2272727272727272727256000000000000000000,52.272727272727272727273000,-18.5898203592814371257256000000000000000000,-4.9534567229178007622256000000000000000000,13.0643997796459340436615239556814514683200,
VIC,Park Kilmore,4,1100,Good,3,2026-09-28,5195834,5469790,Open,Maiden,10,False,5365992,Bohemian Blitz,11,2,57,False,S.K.Kennedy,J.R.Mcardle,False,2,,Australia,Kilmore,4,2026-09-28 05:00:00+00:00,11,Bohemian Blitz,10,Dabble,5.000,1.700,TOP3,8.000,8.000,63.00505050505050505051,-42.0353535353535353535308000000000000000000,46.464646464646464646465000,-27.9177064765300059420308000000000000000000,-12.9177064765300059420308000000000000000000,5.2483834888679179334484387543252595155700,
VIC,Park Kilmore,4,1100,Good,3,2026-09-28,5195834,5469790,Open,Maiden,10,False,5365992,Bohemian Blitz,11,2,57,False,S.K.Kennedy,J.R.Mcardle,False,2,,Australia,Kilmore,4,2026-09-28 05:00:00+00:00,11,Bohemian Blitz,10,Ladbrokes,5.000,1.650,TOP3,8.000,8.000,63.00505050505050505051,-42.0353535353535353535308000000000000000000,46.464646464646464646465000,-26.5808080808080808077808000000000000000000,-11.5808080808080808077808000000000000000000,6.3255280073461891646083184573002754820925,
VIC,Park Kilmore,4,1100,Good,3,2026-09-28,5195834,5469790,Open,Maiden,10,False,5365992,Bohemian Blitz,11,2,57,False,S.K.Kennedy,J.R.Mcardle,False,2,,Australia,Kilmore,4,2026-09-28 05:00:00+00:00,11,Bohemian Blitz,10,Sportsbet,5.000,1.570,TOP3,8.000,8.000,63.00505050505050505051,-42.0353535353535353535308000000000000000000,46.464646464646464646465000,-24.2646528984108601942808000000000000000000,-9.2646528984108601942808000000000000000000,8.0788498806065441628900081463751064951925,
VIC,Park Kilmore,4,1100,Good,3,2026-09-28,5195834,5469790,Open,Maiden,10,False,5365992,Bohemian Blitz,11,2,57,False,S.K.Kennedy,J.R.Mcardle,False,2,,Australia,Kilmore,4,2026-09-28 05:00:00+00:00,11,Bohemian Blitz,10,UniBet,5.000,1.700,TOP3,8.000,8.000,63.00505050505050505051,-42.0353535353535353535308000000000000000000,46.464646464646464646465000,-27.9177064765300059420308000000000000000000,-12.9177064765300059420308000000000000000000,5.2483834888679179334484387543252595155700,
VIC,Park Kilmore,4,1100,Good,3,2026-09-28,5195834,5469790,Open,Maiden,10,False,5365992,Bohemian Blitz,11,2,57,False,S.K.Kennedy,J.R.Mcardle,False,2,,Australia,Kilmore,4,2026-09-28 05:00:00+00:00,11,Bohemian Blitz,10,Surge ,5.000,1.700,TOP3,8.000,8.000,63.00505050505050505051,-42.0353535353535353535308000000000000000000,46.464646464646464646465000,-27.9177064765300059420308000000000000000000,-12.9177064765300059420308000000000000000000,5.2483834888679179334484387543252595155700,
VIC,Park Kilmore,1,1450,Good,4,2026-09-28,5195834,5469791,Paying,Maiden,10,False,5366109,Magnum,11,14,58,False,R.J.Hurdle,L.Smith,False,3,,,,,,,,,,,,,,,,,,,,,
VIC,Southside Cranbourne,9,800,Good,4,2026-09-28,5197870,5482053,Nominations,Trial,8,True,5366188,Strasbourg/Haraka Sana/2023,0,,,False,,G.Eurell,True,1,,,,,,,,,,,,,,,,,,,,,
VIC,Park Kilmore,1,1450,Good,4,2026-09-28,5195834,5469791,Paying,Maiden,10,False,5366229,Dispatches,3,13,58,True,W.J.Egan,D.E.A.Sutton,False,2,,,,,,,,,,,,,,,,,,,,,
VIC,Coleraine,3,900,Good,4,2026-09-28,5197871,5482219,Paying,Trial,5,True,5366283,Nicento,0,0,,True,,S.W.Wilde,True,1,,,,,,,,,,,,,,,,,,,,,
WA,Bunbury,4,2025,Soft,5,2026-09-28,5196062,5466015,Open,Maiden,11,False,5366608,Miss Applecross,14,7,53.5,True,N.Faithfull,J.N.Pateman,False,5,4,,,,,,,,,,,,,,,,,,,,
VIC,Park Kilmore,5,1100,Good,3,2026-09-28,5195834,5469784,Open,BM 58,9,False,5366610,Lagunanini,12,9,55.5,False,B.A.Shinn,Trent Busuttin & Natalie Young,False,1,,Australia,Kilmore,5,2026-09-28 05:30:00+00:00,12,Lagunanini,9,Betr,4.200,1.500,TOP3,6.400,8.000,66.29746835443037974684,-39.0063291139240506329072000000000000000000,46.582278481012658227848000,-24.7206148282097649186572000000000000000000,-6.8634719710669077756572000000000000000000,9.8031946955997588909261333333333333333325,
VIC,Park Kilmore,5,1100,Good,3,2026-09-28,5195834,5469784,Open,BM 58,9,False,5366610,Lagunanini,12,9,55.5,False,B.A.Shinn,Trent Busuttin & Natalie Young,False,1,,Australia,Kilmore,5,2026-09-28 05:30:00+00:00,12,Lagunanini,9,Dabble,4.000,1.550,TOP3,6.400,8.000,63.13291139240506329114,-41.9177215189873417721512000000000000000000,43.670886075949367088608000,-31.0306247447937933851512000000000000000000,-12.2806247447937933851512000000000000000000,4.8889902395974657199757510926118626430800,
VIC,Park Kilmore,5,1100,Good,3,2026-09-28,5195834,5469784,Open,BM 58,9,False,5366610,Lagunanini,12,9,55.5,False,B.A.Shinn,Trent Busuttin & Natalie Young,False,1,,Australia,Kilmore,5,2026-09-28 05:30:00+00:00,12,Lagunanini,9,Ladbrokes,4.400,1.600,TOP3,6.400,8.000,69.46202531645569620253,-36.0949367088607594936724000000000000000000,49.493670886075949367089000,-23.3108457997698504031724000000000000000000,-6.2653912543153049484224000000000000000000,11.3127337456846950515776000000000000000000,
VIC,Park Kilmore,5,1100,Good,3,2026-09-28,5195834,5469784,Open,BM 58,9,False,5366610,Lagunanini,12,9,55.5,False,B.A.Shinn,Trent Busuttin & Natalie Young,False,1,,Australia,Kilmore,5,2026-09-28 05:30:00+00:00,12,Lagunanini,9,Sportsbet,4.000,1.500,TOP3,6.400,8.000,63.13291139240506329114,-41.9177215189873417721512000000000000000000,43.670886075949367088608000,-29.4177215189873417719012000000000000000000,-10.6677215189873417719012000000000000000000,5.9989451476793248946821333333333333333325,
VIC,Park Kilmore,5,1100,Good,3,2026-09-28,5195834,5469784,Open,BM 58,9,False,5366610,Lagunanini,12,9,55.5,False,B.A.Shinn,Trent Busuttin & Natalie Young,False,1,,Australia,Kilmore,5,2026-09-28 05:30:00+00:00,12,Lagunanini,9,UniBet,4.200,1.550,TOP3,6.400,8.000,66.29746835443037974684,-39.0063291139240506329072000000000000000000,46.582278481012658227848000,-26.3335180540162165319072000000000000000000,-8.4763751968733593889072000000000000000000,8.6932397875178997162197510926118626430800,
VIC,Park Kilmore,5,1100,Good,3,2026-09-28,5195834,5469784,Open,BM 58,9,False,5366610,Lagunanini,12,9,55.5,False,B.A.Shinn,Trent Busuttin & Natalie Young,False,1,,Australia,Kilmore,5,2026-09-28 05:30:00+00:00,12,Lagunanini,9,Surge ,4.000,1.600,TOP3,6.400,8.000,63.13291139240506329114,-41.9177215189873417721512000000000000000000,43.670886075949367088608000,-32.5427215189873417721512000000000000000000,-13.7927215189873417721512000000000000000000,3.7854034810126582278488000000000000000000,
VIC,Southside Cranbourne,16,1000,Good,4,2026-09-28,5197870,5482060,Nominations,Trial,8,True,5366674,Chaville,0,,,False,,Mick Price & Michael Kent (Jnr),True,1,,,,,,,,,,,,,,,,,,,,,
NSW,Wagga,1,1000,Good,0,2026-09-28,5197836,5482019,FinalFields,Trial,10,True,5366691,Brawlin Lass,2,5,,False,,M.Travers,True,1,,,,,,,,,,,,,,,,,,,,,
VIC,Southside Cranbourne,9,800,Good,4,2026-09-28,5197870,5482053,Nominations,Trial,8,True,5366810,Rubicube,0,,,False,,G.Eurell,True,1,,,,,,,,,,,,,,,,,,,,,
NSW,Warwick Farm,2,795,Soft,5,2026-09-28,5197463,5481984,Paying,Trial,9,True,5366858,Obsidian Dream,6,0,,False,A.B.Collett,J.J.W.Pride,False,1,,,,,,,,,,,,,,,,,,,,,
NSW,Warwick Farm,6,792,Soft,5,2026-09-28,5197463,5481981,Paying,Trial,8,True,5366970,Satiri,6,0,,False,Z.T.Lloyd,Mick Price & Michael Kent (Jnr),True,1,,,,,,,,,,,,,,,,,,,,,
VIC,Park Kilmore,1,1450,Good,4,2026-09-28,5195834,5469791,Paying,Maiden,10,False,5367007,Got Bingo,4,12,58,False,D.J.Dunn,E.A.Cummings,True,1,,,,,,,,,,,,,,,,,,,,,
NSW,Warwick Farm,6,792,Soft,5,2026-09-28,5197463,5481981,Paying,Trial,8,True,5367068,North Counsel,5,0,,False,J.Collett,M.C.Smith,True,1,,,,,,,,,,,,,,,,,,,,,
NSW,Tamworth,2,1200,Good,4,2026-09-28,5196006,5468330,Interim,Maiden,9,False,5367147,Boot Hill,6,1,56,False,G.Buckley,M.K.Mason,False,2,,,,,,,,,,,,,,,,,,,,,
VIC,Southside Cranbourne,14,1000,Good,4,2026-09-28,5197870,5482058,Nominations,Trial,9,True,5367164,Little Gangster,0,,,False,,S.W.Mathrick,False,2,,,,,,,,,,,,,,,,,,,,,
SA,Morphettville Parks,4,800,Good,4,2026-09-28,5197445,5482076,Paying,Trial,6,True,5367180,Ole Go,2,0,,False,T.J.Pannell,M.J.Hickmott,False,1,3,,,,,,,,,,,,,,,,,,,,
VIC,Southside Cranbourne,3,800,Good,4,2026-09-28,5197870,5482047,Nominations,Trial,9,True,5367187,Sound Byte,0,,,False,,C.M.Alderson,False,1,,,,,,,,,,,,,,,,,,,,,
VIC,Coleraine,4,900,Good,4,2026-09-28,5197871,5482218,Paying,Trial,5,True,5367188,Go Gidget,2,0,,False,L.Meech,T.Dabernig,True,1,,,,,,,,,,,,,,,,,,,,,
VIC,Southside Cranbourne,5,800,Good,4,2026-09-28,5197870,5482049,Nominations,Trial,9,True,5367311,Zaras Rose,0,,,False,,C.Maher,True,1,,,,,,,,,,,,,,,,,,,,,
VIC,Southside Cranbourne,7,800,Good,4,2026-09-28,5197870,5482051,Nominations,Trial,9,True,5367357,Bourne Legacy,0,,,False,,Anthony & Sam Freedman,False,1,,,,,,,,,,,,,,,,,,,,,
SA,Morphettville Parks,13,1000,Good,4,2026-09-28,5197445,5482086,Paying,Trial,7,True,5367452,White Sands,5,0,,False,J.Toeroek,Richard & Chantelle Jolly,True,1,,,,,,,,,,,,,,,,,,,,,
VIC,Park Kilmore,1,1450,Good,4,2026-09-28,5195834,5469791,Paying,Maiden,10,False,5367470,Victors Pavilion,8,11,58,True,L.K.Cartwright,Peter G Moody & Katherine Coleman,False,3,,,,,,,,,,,,,,,,,,,,,
VIC,Park Kilmore,3,1200,Good,3,2026-09-28,5195834,5469788,Open,Maiden,11,False,5367475,March On By,12,7,57,False,D.G.Thornton,S.Zahra,False,4,,Australia,Kilmore,3,2026-09-28 04:30:00+00:00,12,March On By,11,Betr,51.000,6.000,TOP3,100.000,8.000,51.03082465972778222578,-53.0516413130504403522824000000000000000000,46.036829463570856685348000,-43.4928177836386756460324000000000000000000,-42.0222295483445579990324000000000000000000,-31.6055628816778913321990666666666666666675,
VIC,Park Kilmore,3,1200,Good,3,2026-09-28,5195834,5469788,Open,Maiden,11,False,5367475,March On By,12,7,57,False,D.G.Thornton,S.Zahra,False,4,,Australia,Kilmore,3,2026-09-28 04:30:00+00:00,12,March On By,11,Dabble,51.000,6.000,TOP3,100.000,8.000,51.03082465972778222578,-53.0516413130504403522824000000000000000000,46.036829463570856685348000,-43.4928177836386756460324000000000000000000,-42.0222295483445579990324000000000000000000,-31.6055628816778913321990666666666666666675,
VIC,Park Kilmore,3,1200,Good,3,2026-09-28,5195834,5469788,Open,Maiden,11,False,5367475,March On By,12,7,57,False,D.G.Thornton,S.Zahra,False,4,,Australia,Kilmore,3,2026-09-28 04:30:00+00:00,12,March On By,11,Ladbrokes,46.000,6.000,TOP3,100.000,8.000,46.02682145716573258607,-57.6553242594075260208156000000000000000000,41.433146517213771016813000,-48.4161938246249173255656000000000000000000,-46.7857590420162216730656000000000000000000,-36.3690923753495550062322666666666666666675,
VIC,Park Kilmore,3,1200,Good,3,2026-09-28,5195834,5469788,Open,Maiden,11,False,5367475,March On By,12,7,57,False,D.G.Thornton,S.Zahra,False,4,,Australia,Kilmore,3,2026-09-28 04:30:00+00:00,12,March On By,11,Sportsbet,41.000,7.500,TOP3,100.000,8.000,41.02281825460368294636,-62.2590072057646116893488000000000000000000,36.829463570856685348279000,-55.9175437911304653480988000000000000000000,-54.0882754984475385188488000000000000000000,-45.4216088317808718523654666666666666666675,
VIC,Park Kilmore,3,1200,Good,3,2026-09-28,5195834,5469788,Open,Maiden,11,False,5367475,March On By,12,7,57,False,D.G.Thornton,S.Zahra,False,4,,Australia,Kilmore,3,2026-09-28 04:30:00+00:00,12,March On By,11,UniBet,41.000,5.500,TOP3,100.000,8.000,41.02281825460368294636,-62.2590072057646116893488000000000000000000,36.829463570856685348279000,-52.2811801547668289843488000000000000000000,-50.4519118620839021550988000000000000000000,-39.2948870686954724031194611570247933884300,
VIC,Park Kilmore,3,1200,Good,3,2026-09-28,5195834,5469788,Open,Maiden,11,False,5367475,March On By,12,7,57,False,D.G.Thornton,S.Zahra,False,4,,Australia,Kilmore,3,2026-09-28 04:30:00+00:00,12,March On By,11,Surge ,41.000,4.800,TOP3,100.000,8.000,41.02281825460368294636,-62.2590072057646116893488000000000000000000,36.829463570856685348279000,-50.2925437911304653480988000000000000000000,-48.4632754984475385188488000000000000000000,-36.0934838317808718523279666666666666666675,
VIC,Southside Cranbourne,5,800,Good,4,2026-09-28,5197870,5482049,Nominations,Trial,9,True,5367543,Engulf,0,,,False,,C.W.Mcdonald,True,1,,,,,,,,,,,,,,,,,,,,,
VIC,Southside Cranbourne,16,1000,Good,4,2026-09-28,5197870,5482060,Nominations,Trial,8,True,5367614,Action Point,0,,,False,,G.M.Begg,True,1,,,,,,,,,,,,,,,,,,,,,
VIC,Southside Cranbourne,16,1000,Good,4,2026-09-28,5197870,5482060,Nominations,Trial,8,True,5367880,Mr Barlow,0,,,False,,L.M.Kennewell,True,1,,,,,,,,,,,,,,,,,,,,,
VIC,Southside Cranbourne,3,800,Good,4,2026-09-28,5197870,5482047,Nominations,Trial,9,True,5368076,Terracotta Warrior,0,,,False,,Mick Price & Michael Kent (Jnr),False,1,,,,,,,,,,,,,,,,,,,,,
VIC,Southside Cranbourne,16,1000,Good,4,2026-09-28,5197870,5482060,Nominations,Trial,8,True,5368180,Hellbent/Dilemmas/2023,0,,,False,,J.Sandhu,True,1,,,,,,,,,,,,,,,,,,,,,
SA,Morphettville Parks,12,1000,Good,4,2026-09-28,5197445,5482085,Paying,Trial,6,True,5368221,Zarros,6,0,,False,K.Crowther,T.J.Doudle,True,1,,,,,,,,,,,,,,,,,,,,,
NSW,Wagga,1,1400,Good,4,2026-09-28,5194203,5468768,Paying,Maiden,11,False,5368254,Ultrasonic,4,7,56.5,False,J.Penza,D.Beasley,False,4,,,,,,,,,,,,,,,,,,,,,
NSW,Wagga,1,1000,Good,0,2026-09-28,5197836,5482019,FinalFields,Trial,10,True,5368423,Humbug Girl,4,6,,False,,G.J.Colvin,True,1,,,,,,,,,,,,,,,,,,,,,
VIC,Coleraine,8,900,Good,4,2026-09-28,5197871,5482223,Paying,Trial,4,True,5368607,Fammi,2,0,,False,L.Meech,T.Dabernig,True,1,,,,,,,,,,,,,,,,,,,,,
NSW,Warwick Farm,6,792,Soft,5,2026-09-28,5197463,5481981,Paying,Trial,8,True,5368638,Zourrific,9,0,,False,K.Mcevoy,P.J.Snowden,False,1,,,,,,,,,,,,,,,,,,,,,
VIC,Southside Cranbourne,5,800,Good,4,2026-09-28,5197870,5482049,Nominations,Trial,9,True,5368667,Royal Tea,0,,,False,,A.G.Rae,True,1,,,,,,,,,,,,,,,,,,,,,
VIC,Southside Cranbourne,16,1000,Good,4,2026-09-28,5197870,5482060,Nominations,Trial,8,True,5368691,Ministry,0,,,False,,G.M.Begg,True,1,,,,,,,,,,,,,,,,,,,,,
VIC,Southside Cranbourne,7,800,Good,4,2026-09-28,5197870,5482051,Nominations,Trial,9,True,5368874,Prestige Valour,0,,,False,,J.Sandhu,True,1,,,,,,,,,,,,,,,,,,,,,
NSW,Warwick Farm,6,792,Soft,5,2026-09-28,5197463,5481981,Paying,Trial,8,True,5368903,Wings Of Glory,8,0,,True,,C.Maher,False,1,,,,,,,,,,,,,,,,,,,,,
WA,Bunbury,1,1000,Soft,5,2026-09-28,5196062,5466012,Open,Maiden,10,False,5369085,Prophecy Girl,8,8,55,False,C.J.Parnham,M.L.Lane,False,2,,Australia,Bunbury,1,2026-09-28 05:17:00+00:00,8,Prophecy Girl,10,Betr,13.000,2.650,TOP3,32.000,8.000,40.69548872180451127820,-62.5601503759398496240560000000000000000000,34.586466165413533834586000,-45.7967251219485578973060000000000000000000,-40.0274943527177886663060000000000000000000,-22.4055648404358377940921338554645781416875,
WA,Bunbury,1,1000,Soft,5,2026-09-28,5196062,5466012,Open,Maiden,10,False,5369085,Prophecy Girl,8,8,55,False,C.J.Parnham,M.L.Lane,False,2,,Australia,Bunbury,1,2026-09-28 05:17:00+00:00,8,Prophecy Girl,10,Dabble,13.000,2.900,TOP3,32.000,8.000,40.69548872180451127820,-62.5601503759398496240560000000000000000000,34.586466165413533834586000,-48.2365429488841467070560000000000000000000,-42.4673121796533774760560000000000000000000,-25.5231980298317365724662259215219976218800,
WA,Bunbury,1,1000,Soft,5,2026-09-28,5196062,5466012,Open,Maiden,10,False,5369085,Prophecy Girl,8,8,55,False,C.J.Parnham,M.L.Lane,False,2,,Australia,Bunbury,1,2026-09-28 05:17:00+00:00,8,Prophecy Girl,10,Ladbrokes,14.000,2.800,TOP3,32.000,8.000,43.82832080200501253133,-59.6779448621553884711764000000000000000000,37.468671679197994987469000,-43.6065162907268170421764000000000000000000,-38.2493734335839598994264000000000000000000,-21.0299856784819190830386448979591836734700,
WA,Bunbury,1,1000,Soft,5,2026-09-28,5196062,5466012,Open,Maiden,10,False,5369085,Prophecy Girl,8,8,55,False,C.J.Parnham,M.L.Lane,False,2,,Australia,Bunbury,1,2026-09-28 05:17:00+00:00,8,Prophecy Girl,10,Sportsbet,14.000,3.000,TOP3,32.000,8.000,43.82832080200501253133,-59.6779448621553884711764000000000000000000,37.468671679197994987469000,-45.3922305764411027569264000000000000000000,-40.0350877192982456141764000000000000000000,-23.3684210526315789475930666666666666666675,
WA,Bunbury,1,1000,Soft,5,2026-09-28,5196062,5466012,Open,Maiden,10,False,5369085,Prophecy Girl,8,8,55,False,C.J.Parnham,M.L.Lane,False,2,,Australia,Bunbury,1,2026-09-28 05:17:00+00:00,8,Prophecy Girl,10,UniBet,13.000,2.900,TOP3,32.000,8.000,40.69548872180451127820,-62.5601503759398496240560000000000000000000,34.586466165413533834586000,-48.2365429488841467070560000000000000000000,-42.4673121796533774760560000000000000000000,-25.5231980298317365724662259215219976218800,
WA,Bunbury,1,1000,Soft,5,2026-09-28,5196062,5466012,Open,Maiden,10,False,5369085,Prophecy Girl,8,8,55,False,C.J.Parnham,M.L.Lane,False,2,,Australia,Bunbury,1,2026-09-28 05:17:00+00:00,8,Prophecy Girl,10,Surge ,13.000,2.700,TOP3,32.000,8.000,40.69548872180451127820,-62.5601503759398496240560000000000000000000,34.586466165413533834586000,-46.3208341366236103083060000000000000000000,-40.5516033673928410773060000000000000000000,-23.0618914332364624764901563786008230452675,
WA,Bunbury,2,1100,Soft,5,2026-09-28,5196062,5466013,Open,Maiden,11,False,5369089,Bold Flying,9,7,55.5,False,S.F.Mcgruddy,R.I.Bayliss,True,1,,Australia,Bunbury,2,2026-09-28 05:52:00+00:00,9,Bold Flying,11,Betr,4.200,1.550,TOP3,9.400,8.000,44.95708154506437768240,-58.6394849785407725321920000000000000000000,31.587982832618025751073000,-45.9666739186329384311920000000000000000000,-28.1095310614900812881920000000000000000000,-10.9399160770988221830650489073881373569200,
WA,Bunbury,2,1100,Soft,5,2026-09-28,5196062,5466013,Open,Maiden,11,False,5369089,Bold Flying,9,7,55.5,False,S.F.Mcgruddy,R.I.Bayliss,True,1,,Australia,Bunbury,2,2026-09-28 05:52:00+00:00,9,Bold Flying,11,Dabble,4.000,1.650,TOP3,9.400,8.000,42.81115879828326180258,-60.6137339055793991416264000000000000000000,29.613733905579399141631000,-52.6591884510339445958764000000000000000000,-33.9091884510339445958764000000000000000000,-16.0028523628796746234872815426997245179075,
WA,Bunbury,2,1100,Soft,5,2026-09-28,5196062,5466013,Open,Maiden,11,False,5369089,Bold Flying,9,7,55.5,False,S.F.Mcgruddy,R.I.Bayliss,True,1,,Australia,Bunbury,2,2026-09-28 05:52:00+00:00,9,Bold Flying,11,Ladbrokes,4.200,1.650,TOP3,9.400,8.000,44.95708154506437768240,-58.6394849785407725321920000000000000000000,31.587982832618025751073000,-48.8992252382810322724420000000000000000000,-31.0420823811381751294420000000000000000000,-13.1357462929839051570528815426997245179075,
WA,Bunbury,2,1100,Soft,5,2026-09-28,5196062,5466013,Open,Maiden,11,False,5369089,Bold Flying,9,7,55.5,False,S.F.Mcgruddy,R.I.Bayliss,True,1,,Australia,Bunbury,2,2026-09-28 05:52:00+00:00,9,Bold Flying,11,Sportsbet,4.000,1.500,TOP3,9.400,8.000,42.81115879828326180258,-60.6137339055793991416264000000000000000000,29.613733905579399141631000,-48.1137339055793991413764000000000000000000,-29.3637339055793991413764000000000000000000,-12.6970672389127324747930666666666666666675,
WA,Bunbury,2,1100,Soft,5,2026-09-28,5196062,5466013,Open,Maiden,11,False,5369089,Bold Flying,9,7,55.5,False,S.F.Mcgruddy,R.I.Bayliss,True,1,,Australia,Bunbury,2,2026-09-28 05:52:00+00:00,9,Bold Flying,11,UniBet,4.000,1.600,TOP3,9.400,8.000,42.81115879828326180258,-60.6137339055793991416264000000000000000000,29.613733905579399141631000,-51.2387339055793991416264000000000000000000,-32.4887339055793991416264000000000000000000,-14.9106089055793991416264000000000000000000,
WA,Bunbury,2,1100,Soft,5,2026-09-28,5196062,5466013,Open,Maiden,11,False,5369089,Bold Flying,9,7,55.5,False,S.F.Mcgruddy,R.I.Bayliss,True,1,,Australia,Bunbury,2,2026-09-28 05:52:00+00:00,9,Bold Flying,11,Surge ,4.200,1.650,TOP3,9.400,8.000,44.95708154506437768240,-58.6394849785407725321920000000000000000000,31.587982832618025751073000,-48.8992252382810322724420000000000000000000,-31.0420823811381751294420000000000000000000,-13.1357462929839051570528815426997245179075,
SA,Morphettville Parks,12,1000,Good,4,2026-09-28,5197445,5482085,Paying,Trial,6,True,5369259,Sparklingrebellion,1,0,,False,R.L.Hammond,A.J.Gluyas,True,1,,,,,,,,,,,,,,,,,,,,,
VIC,Southside Cranbourne,16,1000,Good,4,2026-09-28,5197870,5482060,Nominations,Trial,8,True,5369276,Prestige Inside,0,,,False,,M.Jenkins,True,1,,,,,,,,,,,,,,,,,,,,,
SA,Morphettville Parks,14,1000,Good,4,2026-09-28,5197445,5482073,Paying,Trial,8,True,5369300,Babylon Blue,4,0,,True,R.L.Hammond,A.J.Gluyas,False,1,,,,,,,,,,,,,,,,,,,,,
NSW,Tamworth,2,1200,Good,4,2026-09-28,5196006,5468330,Interim,Maiden,9,False,5369433,Syllable,8,7,56,False,D.Dillon,H.L.Williams,False,2,,,,,,,,,,,,,,,,,,,,,
SA,Morphettville Parks,5,800,Good,4,2026-09-28,5197445,5482077,Paying,Trial,6,True,5369452,Crosswired,3,0,,False,D.Caboche,Kerri Mcanulty & Clint Binnie,True,1,,,,,,,,,,,,,,,,,,,,,
NSW,Wagga,6,1200,Good,4,2026-09-28,5194203,5468767,Open,Maiden,8,False,5369491,Snitzel Tycoon,12,5,55,True,Z.E.Waller,A.Dale,False,5,,,,,,,,,,,,,,,,,,,,,
VIC,Southside Cranbourne,9,800,Good,4,2026-09-28,5197870,5482053,Nominations,Trial,8,True,5369639,Berardo,0,,,False,,M.W.Walker,True,1,,,,,,,,,,,,,,,,,,,,,
VIC,Southside Cranbourne,9,800,Good,4,2026-09-28,5197870,5482053,Nominations,Trial,8,True,5369819,Smart Step,0,,,False,,C.W.Mcdonald,True,1,,,,,,,,,,,,,,,,,,,,,
NSW,Warwick Farm,8,792,Soft,5,2026-09-28,5197463,5481983,Paying,Trial,8,True,5370079,Hit The Runway,3,0,,False,L.Day,C.Maher,True,1,,,,,,,,,,,,,,,,,,,,,
NSW,Warwick Farm,8,792,Soft,5,2026-09-28,5197463,5481983,Paying,Trial,8,True,5370118,Rerate,7,0,,False,L.Riordan,R.Litt,True,1,,,,,,,,,,,,,,,,,,,,,
NSW,Warwick Farm,7,792,Soft,5,2026-09-28,5197463,5481982,Paying,Trial,8,True,5370155,Empire Quest,3,0,,False,T.Sherry,Annabel & Rob Archibald,True,1,,,,,,,,,,,,,,,,,,,,,
VIC,Park Kilmore,3,1200,Good,3,2026-09-28,5195834,5469788,Open,Maiden,11,False,5370159,Star Of Macedon,14,19,57,False,B.A.Shinn,John Symons & Sheila Laxon,False,5,,Australia,Kilmore,3,2026-09-28 04:30:00+00:00,14,Star Of Macedon,11,Betr,1.550,1.050,TOP3,1.840,8.000,87.50000000000000000000,-19.5000000000000000000000000000000000000000,28.750000000000000000000000,-44.8456221198156682027500000000000000000000,3.5414746543778801842500000000000000000000,6.9428351985955672592414965986394557823125,
VIC,Park Kilmore,3,1200,Good,3,2026-09-28,5195834,5469788,Open,Maiden,11,False,5370159,Star Of Macedon,14,19,57,False,B.A.Shinn,John Symons & Sheila Laxon,False,5,,Australia,Kilmore,3,2026-09-28 04:30:00+00:00,14,Star Of Macedon,11,Dabble,1.550,1.070,TOP3,1.840,8.000,87.50000000000000000000,-19.5000000000000000000000000000000000000000,28.750000000000000000000000,-46.1807356044618631290000000000000000000000,2.2063611697316852580000000000000000000000,6.7919144931660463374484234430954668530000,
VIC,Park Kilmore,3,1200,Good,3,2026-09-28,5195834,5469788,Open,Maiden,11,False,5370159,Star Of Macedon,14,19,57,False,B.A.Shinn,John Symons & Sheila Laxon,False,5,,Australia,Kilmore,3,2026-09-28 04:30:00+00:00,14,Star Of Macedon,11,Ladbrokes,1.600,1.090,TOP3,1.840,8.000,90.34090909090909090909,-16.8863636363636363636372000000000000000000,31.363636363636363636364000,-41.8290241868223519596372000000000000000000,5.0459758131776480403628000000000000000000,10.7273157677269284036928227253598181971200,
VIC,Park Kilmore,3,1200,Good,3,2026-09-28,5195834,5469788,Open,Maiden,11,False,5370159,Star Of Macedon,14,19,57,False,B.A.Shinn,John Symons & Sheila Laxon,False,5,,Australia,Kilmore,3,2026-09-28 04:30:00+00:00,14,Star Of Macedon,11,Sportsbet,1.550,1.060,TOP3,1.840,8.000,87.50000000000000000000,-19.5000000000000000000000000000000000000000,28.750000000000000000000000,-45.5194765672550213025000000000000000000000,2.8676202069385270845000000000000000000000,6.8726041870026068283567105731577073691700,
VIC,Park Kilmore,3,1200,Good,3,2026-09-28,5195834,5469788,Open,Maiden,11,False,5370159,Star Of Macedon,14,19,57,False,B.A.Shinn,John Symons & Sheila Laxon,False,5,,Australia,Kilmore,3,2026-09-28 04:30:00+00:00,14,Star Of Macedon,11,UniBet,1.600,1.050,TOP3,1.840,8.000,90.34090909090909090909,-16.8863636363636363636372000000000000000000,31.363636363636363636364000,-39.2077922077922077923872000000000000000000,7.6672077922077922076128000000000000000000,11.0685683364254792826042965986394557823125,
VIC,Park Kilmore,3,1200,Good,3,2026-09-28,5195834,5469788,Open,Maiden,11,False,5370159,Star Of Macedon,14,19,57,False,B.A.Shinn,John Symons & Sheila Laxon,False,5,,Australia,Kilmore,3,2026-09-28 04:30:00+00:00,14,Star Of Macedon,11,Surge ,1.550,1.070,TOP3,1.840,8.000,87.50000000000000000000,-19.5000000000000000000000000000000000000000,28.750000000000000000000000,-46.1807356044618631290000000000000000000000,2.2063611697316852580000000000000000000000,6.7919144931660463374484234430954668530000,
VIC,Park Kilmore,1,1450,Good,4,2026-09-28,5195834,5469791,Paying,Maiden,10,False,5370238,Bloomin Rich,1,2,58,False,J.Duffy,C.A.Weeding,False,2,,,,,,,,,,,,,,,,,,,,,
NSW,Tamworth,2,1200,Good,4,2026-09-28,5196006,5468330,Interim,Maiden,9,False,5370256,Midnight Amour,5,5,56.5,False,N.Palmer,Brett & Georgie Cavanough,True,1,,,,,,,,,,,,,,,,,,,,,
WA,Bunbury,3,1400,Soft,5,2026-09-28,5196062,5481878,Open,Maiden,11,False,5370280,Ze Deel,12,5,53.5,False,C.A.Cooper,T.F.N.Noske,False,2,,Australia,Bunbury,3,2026-09-28 06:27:00+00:00,12,Ze Deel,11,Betr,4.000,1.600,TOP3,10.500,8.000,38.29174664107485604607,-64.7715930902111324376156000000000000000000,26.487523992322456813820000,-55.3965930902111324376156000000000000000000,-36.6465930902111324376156000000000000000000,-19.0684680902111324376156000000000000000000,
WA,Bunbury,3,1400,Soft,5,2026-09-28,5196062,5481878,Open,Maiden,11,False,5370280,Ze Deel,12,5,53.5,False,C.A.Cooper,T.F.N.Noske,False,2,,Australia,Bunbury,3,2026-09-28 06:27:00+00:00,12,Ze Deel,11,Dabble,4.000,1.700,TOP3,10.500,8.000,38.29174664107485604607,-64.7715930902111324376156000000000000000000,26.487523992322456813820000,-58.1539460313876030261156000000000000000000,-39.4039460313876030261156000000000000000000,-21.2378560659896791506363612456747404844300,
WA,Bunbury,3,1400,Soft,5,2026-09-28,5196062,5481878,Open,Maiden,11,False,5370280,Ze Deel,12,5,53.5,False,C.A.Cooper,T.F.N.Noske,False,2,,Australia,Bunbury,3,2026-09-28 06:27:00+00:00,12,Ze Deel,11,Ladbrokes,4.000,1.650,TOP3,10.500,8.000,38.29174664107485604607,-64.7715930902111324376156000000000000000000,26.487523992322456813820000,-56.8170476356656778918656000000000000000000,-38.0670476356656778918656000000000000000000,-20.1607115475114079194764815426997245179075,
WA,Bunbury,3,1400,Soft,5,2026-09-28,5196062,5481878,Open,Maiden,11,False,5370280,Ze Deel,12,5,53.5,False,C.A.Cooper,T.F.N.Noske,False,2,,Australia,Bunbury,3,2026-09-28 06:27:00+00:00,12,Ze Deel,11,Sportsbet,4.200,1.570,TOP3,10.500,8.000,40.21113243761996161228,-63.0057581573896353167024000000000000000000,28.253358925143953934741000,-50.9493432347326744434524000000000000000000,-33.0922003775898173004524000000000000000000,-15.7486975985724129432815918536248935048075,
WA,Bunbury,3,1400,Soft,5,2026-09-28,5196062,5481878,Open,Maiden,11,False,5370280,Ze Deel,12,5,53.5,False,C.A.Cooper,T.F.N.Noske,False,2,,Australia,Bunbury,3,2026-09-28 06:27:00+00:00,12,Ze Deel,11,UniBet,4.400,1.700,TOP3,10.500,8.000,42.13051823416506717850,-61.2399232245681381957800000000000000000000,30.019193857965451055662000,-51.2131852566536996937800000000000000000000,-34.1677307111991542390300000000000000000000,-16.0016407458012303635507612456747404844300,
WA,Bunbury,3,1400,Soft,5,2026-09-28,5196062,5481878,Open,Maiden,11,False,5370280,Ze Deel,12,5,53.5,False,C.A.Cooper,T.F.N.Noske,False,2,,Australia,Bunbury,3,2026-09-28 06:27:00+00:00,12,Ze Deel,11,Surge ,4.200,1.700,TOP3,10.500,8.000,40.21113243761996161228,-63.0057581573896353167024000000000000000000,28.253358925143953934741000,-54.6023968128518201912024000000000000000000,-36.7452539557089630482024000000000000000000,-18.5791639903110391727231612456747404844300,
NSW,Warwick Farm,6,792,Soft,5,2026-09-28,5197463,5481981,Paying,Trial,8,True,5370294,Teeming,7,0,,False,L.Riordan,R.Litt,True,1,,,,,,,,,,,,,,,,,,,,,
WA,Bunbury,8,1200,Soft,5,2026-09-28,5196062,5466018,Open,BM 70,13,False,5370303,Champagne Talks,10,8,56.5,True,A.P.Hearn,C.A.Stelmach,False,8,,,,,,,,,,,,,,,,,,,,,
NSW,Warwick Farm,7,792,Soft,5,2026-09-28,5197463,5481982,Paying,Trial,8,True,5370363,Liparus,5,0,,False,L.Riordan,R.Litt,True,1,,,,,,,,,,,,,,,,,,,,,
NSW,Warwick Farm,6,792,Soft,5,2026-09-28,5197463,5481981,Paying,Trial,8,True,5370424,Doueihi,2,0,,False,T.Sherry,R.P.Quinn,True,1,,,,,,,,,,,,,,,,,,,,,
SA,Morphettville Parks,6,800,Good,4,2026-09-28,5197445,5475291,Paying,Trial,9,True,5370554,Wit Mielies,7,0,,False,C.P.Murtagh,S.Rutten,True,1,,,,,,,,,,,,,,,,,,,,,
NSW,Warwick Farm,2,795,Soft,5,2026-09-28,5197463,5481984,Paying,Trial,9,True,5370614,Pentagon,7,0,,False,S.S.Llewellyn,Marc & Mitchell Conners,False,1,,,,,,,,,,,,,,,,,,,,,
NSW,Warwick Farm,8,792,Soft,5,2026-09-28,5197463,5481983,Paying,Trial,8,True,5370836,Another Soiree,1,0,,False,A.J.Calder,Annabel & Rob Archibald,True,1,,,,,,,,,,,,,,,,,,,,,
VIC,Park Kilmore,1,1450,Good,4,2026-09-28,5195834,5469791,Paying,Maiden,10,False,5371080,Levens Hall,5,10,58,True,D.W.Stackhouse,"Ben, Will & Jd Hayes",False,3,,,,,,,,,,,,,,,,,,,,,
VIC,Coleraine,1,1300,Good,4,2026-09-28,5197871,5482216,Paying,Trial,5,True,5371089,Young Stirling,3,0,,False,J.D.Hill,S.W.Wilde,True,1,,,,,,,,,,,,,,,,,,,,,
WA,Bunbury,1,1000,Soft,5,2026-09-28,5196062,5466012,Open,Maiden,10,False,5371206,Aura Magna,5,4,55,False,H.J.Nottle,D.T.Mcauliffe,False,5,,Australia,Bunbury,1,2026-09-28 05:17:00+00:00,5,Aura Magna,10,Betr,6.500,1.750,TOP3,12.500,8.000,52.25442834138486312399,-51.9259259259259259259292000000000000000000,40.740740740740740740741000,-32.1457061457061457056792000000000000000000,-20.6072446072446072444292000000000000000000,-2.2398976684690970403322612244897959183675,
WA,Bunbury,1,1000,Soft,5,2026-09-28,5196062,5466012,Open,Maiden,10,False,5371206,Aura Magna,5,4,55,False,H.J.Nottle,D.T.Mcauliffe,False,5,,Australia,Bunbury,1,2026-09-28 05:17:00+00:00,5,Aura Magna,10,Dabble,6.000,1.800,TOP3,12.500,8.000,48.22866344605475040258,-55.6296296296296296296264000000000000000000,37.037037037037037037037000,-38.9629629629629629631264000000000000000000,-26.4629629629629629628764000000000000000000,-7.9444444444444444443949185185185185185200,
WA,Bunbury,1,1000,Soft,5,2026-09-28,5196062,5466012,Open,Maiden,10,False,5371206,Aura Magna,5,4,55,False,H.J.Nottle,D.T.Mcauliffe,False,5,,Australia,Bunbury,1,2026-09-28 05:17:00+00:00,5,Aura Magna,10,Ladbrokes,6.500,1.800,TOP3,12.500,8.000,52.25442834138486312399,-51.9259259259259259259292000000000000000000,40.740740740740740740741000,-33.3361823361823361814292000000000000000000,-21.7977207977207977201792000000000000000000,-3.2792022792022792016977185185185185185200,
WA,Bunbury,1,1000,Soft,5,2026-09-28,5196062,5466012,Open,Maiden,10,False,5371206,Aura Magna,5,4,55,False,H.J.Nottle,D.T.Mcauliffe,False,5,,Australia,Bunbury,1,2026-09-28 05:17:00+00:00,5,Aura Magna,10,Sportsbet,6.500,1.700,TOP3,12.500,8.000,52.25442834138486312399,-51.9259259259259259259292000000000000000000,40.740740740740740740741000,-30.8852019440254734369292000000000000000000,-19.3467404055639349756792000000000000000000,-1.1806504401660111001999612456747404844300,
WA,Bunbury,1,1000,Soft,5,2026-09-28,5196062,5466012,Open,Maiden,10,False,5371206,Aura Magna,5,4,55,False,H.J.Nottle,D.T.Mcauliffe,False,5,,Australia,Bunbury,1,2026-09-28 05:17:00+00:00,5,Aura Magna,10,UniBet,6.500,1.800,TOP3,12.500,8.000,52.25442834138486312399,-51.9259259259259259259292000000000000000000,40.740740740740740740741000,-33.3361823361823361814292000000000000000000,-21.7977207977207977201792000000000000000000,-3.2792022792022792016977185185185185185200,
WA,Bunbury,1,1000,Soft,5,2026-09-28,5196062,5466012,Open,Maiden,10,False,5371206,Aura Magna,5,4,55,False,H.J.Nottle,D.T.Mcauliffe,False,5,,Australia,Bunbury,1,2026-09-28 05:17:00+00:00,5,Aura Magna,10,Surge ,6.500,1.850,TOP3,12.500,8.000,52.25442834138486312399,-51.9259259259259259259292000000000000000000,40.740740740740740740741000,-34.4623084623084623079292000000000000000000,-22.9238469238469238466792000000000000000000,-4.2971120808958646794005294375456537618700,
SA,Morphettville Parks,13,1000,Good,4,2026-09-28,5197445,5482086,Paying,Trial,7,True,5371241,From The Get Go,7,0,,False,A.J.Stead,R.G.Day,True,1,,,,,,,,,,,,,,,,,,,,,
VIC,Park Kilmore,1,1450,Good,4,2026-09-28,5195834,5469791,Paying,Maiden,10,False,5371307,Regal Banter,10,9,56,False,L.J.Neindorf,M.W.Walker,False,1,,,,,,,,,,,,,,,,,,,,,
WA,Bunbury,1,1000,Soft,5,2026-09-28,5196062,5466012,Open,Maiden,10,False,5371332,Capall Gasta,1,6,57,False,J.K.Tsang,D.O'Connor,False,5,7,Australia,Bunbury,1,2026-09-28 05:17:00+00:00,1,Capall Gasta,10,Betr,81.000,9.000,TOP3,410.000,8.000,19.75751366120218579235,-81.8230874316939890710380000000000000000000,17.954722872755659640906000,-75.3416059502125075892880000000000000000000,-74.4156800242865816635380000000000000000000,-67.0082726168791742561954074074074074074075,
WA,Bunbury,1,1000,Soft,5,2026-09-28,5196062,5466012,Open,Maiden,10,False,5371332,Capall Gasta,1,6,57,False,J.K.Tsang,D.O'Connor,False,5,7,Australia,Bunbury,1,2026-09-28 05:17:00+00:00,1,Capall Gasta,10,Dabble,71.000,6.000,TOP3,410.000,8.000,17.31801327088212334114,-84.0674277907884465261512000000000000000000,15.710382513661202185792000,-73.6801038471264746954012000000000000000000,-72.6237658189574606106512000000000000000000,-62.2070991522907939438178666666666666666675,
WA,Bunbury,1,1000,Soft,5,2026-09-28,5196062,5466012,Open,Maiden,10,False,5371332,Capall Gasta,1,6,57,False,J.K.Tsang,D.O'Connor,False,5,7,Australia,Bunbury,1,2026-09-28 05:17:00+00:00,1,Capall Gasta,10,Ladbrokes,81.000,8.500,TOP3,410.000,8.000,19.75751366120218579235,-81.8230874316939890710380000000000000000000,17.954722872755659640906000,-74.8514098717811350405380000000000000000000,-73.9254839458552091147880000000000000000000,-66.1400168178275274541582422145328719723200,
WA,Bunbury,1,1000,Soft,5,2026-09-28,5196062,5466012,Open,Maiden,10,False,5371332,Capall Gasta,1,6,57,False,J.K.Tsang,D.O'Connor,False,5,7,Australia,Bunbury,1,2026-09-28 05:17:00+00:00,1,Capall Gasta,10,Sportsbet,81.000,13.250,TOP3,410.000,8.000,19.75751366120218579235,-81.8230874316939890710380000000000000000000,17.954722872755659640906000,-78.0145619250552748847880000000000000000000,-77.0886359991293489590380000000000000000000,-71.8554569318456180939494453542185831256675,
WA,Bunbury,1,1000,Soft,5,2026-09-28,5196062,5466012,Open,Maiden,10,False,5371332,Capall Gasta,1,6,57,False,J.K.Tsang,D.O'Connor,False,5,7,Australia,Bunbury,1,2026-09-28 05:17:00+00:00,1,Capall Gasta,10,UniBet,81.000,7.000,TOP3,410.000,8.000,19.75751366120218579235,-81.8230874316939890710380000000000000000000,17.954722872755659640906000,-72.9606535692601266370380000000000000000000,-72.0347276433342007112880000000000000000000,-62.8510541739464456094002448979591836734700,
WA,Bunbury,1,1000,Soft,5,2026-09-28,5196062,5466012,Open,Maiden,10,False,5371332,Capall Gasta,1,6,57,False,J.K.Tsang,D.O'Connor,False,5,7,Australia,Bunbury,1,2026-09-28 05:17:00+00:00,1,Capall Gasta,10,Surge ,81.000,6.500,TOP3,410.000,8.000,19.75751366120218579235,-81.8230874316939890710380000000000000000000,17.954722872755659640906000,-72.1364777450843024612880000000000000000000,-71.2105518191583765355380000000000000000000,-61.4472382096909209144359289940828402366875,
WA,Bunbury,1,1000,Soft,5,2026-09-28,5196062,5466012,Open,Maiden,10,False,5371344,Divine Mirage,6,10,55,False,M.L.Ramoly,N.D.Parnham,False,1,,Australia,Bunbury,1,2026-09-28 05:17:00+00:00,6,Divine Mirage,10,Betr,10.000,2.250,TOP3,21.000,8.000,47.75334608030592734226,-56.0669216061185468451208000000000000000000,39.579349904397705544933000,-37.7335882727852135121208000000000000000000,-30.2335882727852135121208000000000000000000,-11.7150697542666949936393185185185185185200,
WA,Bunbury,1,1000,Soft,5,2026-09-28,5196062,5466012,Open,Maiden,10,False,5371344,Divine Mirage,6,10,55,False,M.L.Ramoly,N.D.Parnham,False,1,,Australia,Bunbury,1,2026-09-28 05:17:00+00:00,6,Divine Mirage,10,Dabble,9.000,2.350,TOP3,21.000,8.000,42.97323135755258126195,-60.4646271510516252390060000000000000000000,35.181644359464627151052000,-45.2164002006970153095060000000000000000000,-36.8830668673636819762560000000000000000000,-18.5489790448195443573859230421004979628800,
WA,Bunbury,1,1000,Soft,5,2026-09-28,5196062,5466012,Open,Maiden,10,False,5371344,Divine Mirage,6,10,55,False,M.L.Ramoly,N.D.Parnham,False,1,,Australia,Bunbury,1,2026-09-28 05:17:00+00:00,6,Divine Mirage,10,Ladbrokes,10.000,2.300,TOP3,21.000,8.000,47.75334608030592734226,-56.0669216061185468451208000000000000000000,39.579349904397705544933000,-38.4582259539446338018708000000000000000000,-30.9582259539446338018708000000000000000000,-12.5272240635854655599345996219281663516075,
WA,Bunbury,1,1000,Soft,5,2026-09-28,5196062,5466012,Open,Maiden,10,False,5371344,Divine Mirage,6,10,55,False,M.L.Ramoly,N.D.Parnham,False,1,,Australia,Bunbury,1,2026-09-28 05:17:00+00:00,6,Divine Mirage,10,Sportsbet,10.000,2.380,TOP3,21.000,8.000,47.75334608030592734226,-56.0669216061185468451208000000000000000000,39.579349904397705544933000,-39.5543165641017401226208000000000000000000,-32.0543165641017401226208000000000000000000,-13.7823018758735076531926169620789492267500,
WA,Bunbury,1,1000,Soft,5,2026-09-28,5196062,5466012,Open,Maiden,10,False,5371344,Divine Mirage,6,10,55,False,M.L.Ramoly,N.D.Parnham,False,1,,Australia,Bunbury,1,2026-09-28 05:17:00+00:00,6,Divine Mirage,10,UniBet,9.500,2.350,TOP3,21.000,8.000,45.36328871892925430210,-58.2657743785850860420680000000000000000000,37.380497131931166347992000,-42.1403544457743357625680000000000000000000,-34.2456176036690726043180000000000000000000,-15.9115297811249349854479230421004979628800,
WA,Bunbury,1,1000,Soft,5,2026-09-28,5196062,5466012,Open,Maiden,10,False,5371344,Divine Mirage,6,10,55,False,M.L.Ramoly,N.D.Parnham,False,1,,Australia,Bunbury,1,2026-09-28 05:17:00+00:00,6,Divine Mirage,10,Surge ,10.000,2.400,TOP3,21.000,8.000,47.75334608030592734226,-56.0669216061185468451208000000000000000000,39.579349904397705544933000,-39.8169216061185468448708000000000000000000,-32.3169216061185468448708000000000000000000,-14.0877549394518801781624666666666666666675,
VIC,Coleraine,5,900,Good,4,2026-09-28,5197871,5482220,Paying,Trial,6,True,5371399,Prince Of Caviar/Miss Prestigious/2023,5,0,,False,L.Meech,T.Dabernig,True,1,,,,,,,,,,,,,,,,,,,,,
VIC,Park Kilmore,2,1450,Good,4,2026-09-28,5195834,5469787,Paying,Maiden,10,False,5371496,Kermalina,10,12,55.5,False,D.G.Thornton,J.W.Edwards,True,1,,,,,,,,,,,,,,,,,,,,,
NSW,Warwick Farm,7,792,Soft,5,2026-09-28,5197463,5481982,Paying,Trial,8,True,5371604,Nights Like This,7,0,,False,A.Adkins,J.J.W.Pride,True,1,,,,,,,,,,,,,,,,,,,,,
WA,Bunbury,1,1000,Soft,5,2026-09-28,5196062,5466012,Open,Maiden,10,False,5371641,Spinifex,4,3,57,False,N.J.Riordan,C.G.Willis,True,1,,Australia,Bunbury,1,2026-09-28 05:17:00+00:00,4,Spinifex,10,Betr,126.000,12.000,TOP3,830.000,8.000,15.18098129940235203393,-86.0334972045498361287844000000000000000000,13.856757277809909388857000,-80.9739733950260266055344000000000000000000,-80.3787352997879313672844000000000000000000,-74.6495686331212647008260666666666666666675,
WA,Bunbury,1,1000,Soft,5,2026-09-28,5196062,5466012,Open,Maiden,10,False,5371641,Spinifex,4,3,57,False,N.J.Riordan,C.G.Willis,True,1,,Australia,Bunbury,1,2026-09-28 05:17:00+00:00,4,Spinifex,10,Dabble,126.000,11.000,TOP3,830.000,8.000,15.18098129940235203393,-86.0334972045498361287844000000000000000000,13.856757277809909388857000,-80.4057915768442084235344000000000000000000,-79.8105534816061131852844000000000000000000,-73.6122063741680966564145652892561983471075,
WA,Bunbury,1,1000,Soft,5,2026-09-28,5196062,5466012,Open,Maiden,10,False,5371641,Spinifex,4,3,57,False,N.J.Riordan,C.G.Willis,True,1,,Australia,Bunbury,1,2026-09-28 05:17:00+00:00,4,Spinifex,10,Ladbrokes,151.000,13.000,TOP3,830.000,8.000,18.19331983805668016194,-83.2621457489878542510152000000000000000000,16.628108733371891266628000,-78.4862924632007936295152000000000000000000,-77.9896037214789393247652000000000000000000,-72.6641599344966908038598745562130177514800,
WA,Bunbury,1,1000,Soft,5,2026-09-28,5196062,5466012,Open,Maiden,10,False,5371641,Spinifex,4,3,57,False,N.J.Riordan,C.G.Willis,True,1,,Australia,Bunbury,1,2026-09-28 05:17:00+00:00,4,Spinifex,10,Sportsbet,151.000,20.250,TOP3,830.000,8.000,18.19331983805668016194,-83.2621457489878542510152000000000000000000,16.628108733371891266628000,-80.5518195287278591567652000000000000000000,-80.0551307870060048520152000000000000000000,-76.5343260316333482447489677183356195701875,
WA,Bunbury,1,1000,Soft,5,2026-09-28,5196062,5466012,Open,Maiden,10,False,5371641,Spinifex,4,3,57,False,N.J.Riordan,C.G.Willis,True,1,,Australia,Bunbury,1,2026-09-28 05:17:00+00:00,4,Spinifex,10,UniBet,126.000,9.000,TOP3,830.000,8.000,15.18098129940235203393,-86.0334972045498361287844000000000000000000,13.856757277809909388857000,-78.8906400616926932720344000000000000000000,-78.2954019664545980337844000000000000000000,-70.8879945590471906264418074074074074074075,
WA,Bunbury,1,1000,Soft,5,2026-09-28,5196062,5466012,Open,Maiden,10,False,5371641,Spinifex,4,3,57,False,N.J.Riordan,C.G.Willis,True,1,,Australia,Bunbury,1,2026-09-28 05:17:00+00:00,4,Spinifex,10,Surge ,126.000,10.000,TOP3,830.000,8.000,15.18098129940235203393,-86.0334972045498361287844000000000000000000,13.856757277809909388857000,-79.7239733950260266052844000000000000000000,-79.1287352997879313670344000000000000000000,-72.3787352997879313670344000000000000000000,
VIC,Coleraine,7,900,Good,4,2026-09-28,5197871,5482222,Paying,Trial,4,True,5371666,Prince Of Caviar/La Celestina/2023,2,0,,False,P.C.Bell,Maddie Raymond & Patrick Bell,True,1,,,,,,,,,,,,,,,,,,,,,
VIC,Coleraine,8,900,Good,4,2026-09-28,5197871,5482223,Paying,Trial,4,True,5371739,Empire Fella,1,0,,False,P.C.Bell,Maddie Raymond & Patrick Bell,True,1,,,,,,,,,,,,,,,,,,,,,
VIC,Park Kilmore,1,1450,Good,4,2026-09-28,5195834,5469791,Paying,Maiden,10,False,5371808,Musical Journey,6,5,58,False,C.Macredmond,M.S.S.Cumani,False,2,,,,,,,,,,,,,,,,,,,,,
SA,Morphettville Parks,7,1000,Good,4,2026-09-28,5197445,5475295,Paying,Trial,9,True,5371885,Party Crasher,2,0,,False,A.Webb,M.J.Hickmott,False,1,,,,,,,,,,,,,,,,,,,,,
VIC,Southside Cranbourne,6,800,Good,4,2026-09-28,5197870,5482050,Nominations,Trial,8,True,5371913,On The Loose,0,,,False,,R.D.Griffiths,False,1,4,,,,,,,,,,,,,,,,,,,,
VIC,Southside Cranbourne,5,800,Good,4,2026-09-28,5197870,5482049,Nominations,Trial,9,True,5372221,Bakushin,0,,,False,,R.J.Laming,True,1,,,,,,,,,,,,,,,,,,,,,
WA,Bunbury,6,1400,Soft,5,2026-09-28,5196062,5481877,Open,Maiden,14,False,5372294,Browning Street,11,13,55.5,False,N.Faithfull,S.Naylor,False,2,,Australia,Bunbury,6,2026-09-28 08:18:00+00:00,11,Browning Street,14,Betr,4.800,1.920,TOP3,7.000,8.000,69.21965317919075144509,-36.3179190751445086705172000000000000000000,50.520231213872832369942000,-28.5054190751445086702672000000000000000000,-12.8804190751445086705172000000000000000000,5.8370288415221579961598833333333333333325,
WA,Bunbury,6,1400,Soft,5,2026-09-28,5196062,5481877,Open,Maiden,14,False,5372294,Browning Street,11,13,55.5,False,N.Faithfull,S.Naylor,False,2,,Australia,Bunbury,6,2026-09-28 08:18:00+00:00,11,Browning Street,14,Dabble,4.800,1.950,TOP3,7.000,8.000,69.21965317919075144509,-36.3179190751445086705172000000000000000000,50.520231213872832369942000,-29.1063806136060471317672000000000000000000,-13.4813806136060471320172000000000000000000,5.2562919702203828482643581854043392504925,
WA,Bunbury,6,1400,Soft,5,2026-09-28,5196062,5481877,Open,Maiden,14,False,5372294,Browning Street,11,13,55.5,False,N.Faithfull,S.Naylor,False,2,,Australia,Bunbury,6,2026-09-28 08:18:00+00:00,11,Browning Street,14,Ladbrokes,4.800,1.750,TOP3,7.000,8.000,69.21965317919075144509,-36.3179190751445086705172000000000000000000,50.520231213872832369942000,-24.7107762180016515272672000000000000000000,-9.0857762180016515275172000000000000000000,9.2815707207738586765797387755102040816325,
WA,Bunbury,6,1400,Soft,5,2026-09-28,5196062,5481877,Open,Maiden,14,False,5372294,Browning Street,11,13,55.5,False,N.Faithfull,S.Naylor,False,2,,Australia,Bunbury,6,2026-09-28 08:18:00+00:00,11,Browning Street,14,Sportsbet,4.800,1.880,TOP3,7.000,8.000,69.21965317919075144509,-36.3179190751445086705172000000000000000000,50.520231213872832369942000,-27.6743020538679129250172000000000000000000,-12.0493020538679129252672000000000000000000,6.6243059135381531679672952467179719330000,
WA,Bunbury,6,1400,Soft,5,2026-09-28,5196062,5481877,Open,Maiden,14,False,5372294,Browning Street,11,13,55.5,False,N.Faithfull,S.Naylor,False,2,,Australia,Bunbury,6,2026-09-28 08:18:00+00:00,11,Browning Street,14,UniBet,5.000,2.000,TOP3,7.000,8.000,72.10982658959537572254,-33.6589595375722543352632000000000000000000,53.179190751445086705202000,-26.1589595375722543352632000000000000000000,-11.1589595375722543352632000000000000000000,7.5910404624277456647368000000000000000000,
WA,Bunbury,6,1400,Soft,5,2026-09-28,5196062,5481877,Open,Maiden,14,False,5372294,Browning Street,11,13,55.5,False,N.Faithfull,S.Naylor,False,2,,Australia,Bunbury,6,2026-09-28 08:18:00+00:00,11,Browning Street,14,Surge ,5.000,2.000,TOP3,7.000,8.000,72.10982658959537572254,-33.6589595375722543352632000000000000000000,53.179190751445086705202000,-26.1589595375722543352632000000000000000000,-11.1589595375722543352632000000000000000000,7.5910404624277456647368000000000000000000,
NSW,Warwick Farm,8,792,Soft,5,2026-09-28,5197463,5481983,Paying,Trial,8,True,5372343,Elegant Anders,2,0,,False,A.B.Collett,D.A.Pfieffer,True,1,,,,,,,,,,,,,,,,,,,,,
NSW,Warwick Farm,8,792,Soft,5,2026-09-28,5197463,5481983,Paying,Trial,8,True,5372424,Swagger,8,0,,False,R.Jones,A.Turner,False,1,,,,,,,,,,,,,,,,,,,,,
SA,Morphettville Parks,15,1000,Good,4,2026-09-28,5197445,5482074,Paying,Trial,8,True,5372700,Steely Miss,2,0,,False,J.B.Opperman,M.J.Seyers,True,1,,,,,,,,,,,,,,,,,,,,,
VIC,Southside Cranbourne,14,1000,Good,4,2026-09-28,5197870,5482058,Nominations,Trial,9,True,5372713,Russian Camelot (Ire)/Clover Beat/2023,0,,,False,,Trent Busuttin & Natalie Young,True,1,,,,,,,,,,,,,,,,,,,,,
SA,Morphettville Parks,5,800,Good,4,2026-09-28,5197445,5482077,Paying,Trial,6,True,5372720,Mohatu,1,0,,False,T.Voorham,Peter & Belinda Blanch,False,1,,,,,,,,,,,,,,,,,,,,,
VIC,Southside Cranbourne,5,800,Good,4,2026-09-28,5197870,5482049,Nominations,Trial,9,True,5372840,Pocket Watch,0,,,False,,G.M.Begg,True,1,,,,,,,,,,,,,,,,,,,,,
SA,Morphettville Parks,4,800,Good,4,2026-09-28,5197445,5482076,Paying,Trial,6,True,5372885,Neveu,4,0,,False,A.J.Stead,J.B.O'Connor,False,6,5,,,,,,,,,,,,,,,,,,,,
NSW,Tamworth,1,2100,Good,4,2026-09-28,5196006,5468325,Paying,BM 64,6,False,5373244,Calzino,4,7,58,False,I.Neale,S.I.Singleton,False,7,,,,,,,,,,,,,,,,,,,,,
VIC,Park Kilmore,8,1200,Good,3,2026-09-28,5195834,5469789,Open,BM 58,12,False,5373531,Whimsy Smile,14,3,57.5,False,J.Mcneil,"Ben, Will & Jd Hayes",False,5,,Australia,Kilmore,8,2026-09-28 07:00:00+00:00,14,Whimsy Smile,12,Dabble,7.000,2.500,TOP3,12.500,8.000,56.28019323671497584541,-48.2222222222222222222228000000000000000000,44.444444444444444444444000,-39.6507936507936507932228000000000000000000,-28.9365079365079365077228000000000000000000,-10.9365079365079365077228000000000000000000,
VIC,Park Kilmore,8,1200,Good,3,2026-09-28,5195834,5469789,Open,BM 58,12,False,5373531,Whimsy Smile,14,3,57.5,False,J.Mcneil,"Ben, Will & Jd Hayes",False,5,,Australia,Kilmore,8,2026-09-28 07:00:00+00:00,14,Whimsy Smile,12,Ladbrokes,7.500,2.350,TOP3,12.500,8.000,60.30595813204508856683,-44.5185185185185185185164000000000000000000,48.148148148148148148148000,-32.6036249014972419220164000000000000000000,-22.6036249014972419222664000000000000000000,-4.2695370789531043033963230421004979628800,
VIC,Park Kilmore,8,1200,Good,3,2026-09-28,5195834,5469789,Open,BM 58,12,False,5373531,Whimsy Smile,14,3,57.5,False,J.Mcneil,"Ben, Will & Jd Hayes",False,5,,Australia,Kilmore,8,2026-09-28 07:00:00+00:00,14,Whimsy Smile,12,Sportsbet,7.500,2.200,TOP3,12.500,8.000,60.30595813204508856683,-44.5185185185185185185164000000000000000000,48.148148148148148148148000,-30.4276094276094276092664000000000000000000,-20.4276094276094276095164000000000000000000,-1.8325681052953780227705322314049586776875,
VIC,Park Kilmore,8,1200,Good,3,2026-09-28,5195834,5469789,Open,BM 58,12,False,5373531,Whimsy Smile,14,3,57.5,False,J.Mcneil,"Ben, Will & Jd Hayes",False,5,,Australia,Kilmore,8,2026-09-28 07:00:00+00:00,14,Whimsy Smile,12,UniBet,7.500,2.450,TOP3,12.500,8.000,60.30595813204508856683,-44.5185185185185185185164000000000000000000,48.148148148148148148148000,-33.9062736205593348445164000000000000000000,-23.9062736205593348447664000000000000000000,-5.7888225585018587931156294877134527280300,
VIC,Park Kilmore,8,1200,Good,3,2026-09-28,5195834,5469789,Open,BM 58,12,False,5373531,Whimsy Smile,14,3,57.5,False,J.Mcneil,"Ben, Will & Jd Hayes",False,5,,Australia,Kilmore,8,2026-09-28 07:00:00+00:00,14,Whimsy Smile,12,Surge ,7.500,2.600,TOP3,12.500,8.000,60.30595813204508856683,-44.5185185185185185185164000000000000000000,48.148148148148148148148000,-35.6723646723646723645164000000000000000000,-25.6723646723646723647664000000000000000000,-7.9208853824238439624794177514792899408300,
VIC,Park Kilmore,4,1100,Good,3,2026-09-28,5195834,5469790,Open,Maiden,10,False,5373884,Hes A Dandy,2,14,59.5,True,L.Currie,"Ben, Will & Jd Hayes",True,1,,,,,,,,,,,,,,,,,,,,,
NSW,Wagga,5,1600,Good,4,2026-09-28,5194203,5468769,Open,Maiden,10,False,5373920,Hold This,3,1,59,False,B.Mcdougall,D.L.Scott,False,7,5,Australia,Wagga,5,2026-09-28 05:45:00+00:00,3,Hold This,10,Dabble,4.400,1.500,TOP3,25.000,10.000,17.63052208835341365462,-84.1325301204819277108420000000000000000000,12.289156626506024096386000,-68.2234392113910186200920000000000000000000,-51.1779846659364731653420000000000000000000,-34.5113179992698064987586666666666666666675,
NSW,Wagga,5,1600,Good,4,2026-09-28,5194203,5468769,Open,Maiden,10,False,5373920,Hold This,3,1,59,False,B.Mcdougall,D.L.Scott,False,7,5,Australia,Wagga,5,2026-09-28 05:45:00+00:00,3,Hold This,10,Ladbrokes,4.400,1.550,TOP3,25.000,10.000,17.63052208835341365462,-84.1325301204819277108420000000000000000000,12.289156626506024096386000,-69.8363424371974702333420000000000000000000,-52.7908878917429247785920000000000000000000,-35.6212729073516656734650489073881373569200,
NSW,Wagga,5,1600,Good,4,2026-09-28,5194203,5468769,Open,Maiden,10,False,5373920,Hold This,3,1,59,False,B.Mcdougall,D.L.Scott,False,7,5,Australia,Wagga,5,2026-09-28 05:45:00+00:00,3,Hold This,10,Sportsbet,4.600,1.500,TOP3,25.000,10.000,18.43373493975903614458,-83.4096385542168674698780000000000000000000,13.012048192771084337349000,-66.0183342063907805136280000000000000000000,-49.7139863803038239916280000000000000000000,-33.0473197136371573250446666666666666666675,
NSW,Wagga,5,1600,Good,4,2026-09-28,5194203,5468769,Open,Maiden,10,False,5373920,Hold This,3,1,59,False,B.Mcdougall,D.L.Scott,False,7,5,Australia,Wagga,5,2026-09-28 05:45:00+00:00,3,Hold This,10,UniBet,4.800,1.550,TOP3,25.000,10.000,19.23694779116465863454,-82.6867469879518072289140000000000000000000,13.734939759036144578313000,-65.5496502137582588414140000000000000000000,-49.9246502137582588416640000000000000000000,-32.7550352293669997365370489073881373569200,
NSW,Wagga,5,1600,Good,4,2026-09-28,5194203,5468769,Open,Maiden,10,False,5373920,Hold This,3,1,59,False,B.Mcdougall,D.L.Scott,False,7,5,Australia,Wagga,5,2026-09-28 05:45:00+00:00,3,Hold This,10,Surge ,4.600,1.550,TOP3,25.000,10.000,18.43373493975903614458,-83.4096385542168674698780000000000000000000,13.012048192771084337349000,-67.6312374321972321268780000000000000000000,-51.3268896061102756048780000000000000000000,-34.1572746217190164997510489073881373569200,
VIC,Southside Cranbourne,7,800,Good,4,2026-09-28,5197870,5482051,Nominations,Trial,9,True,5374482,Tequilas Bro,0,,,False,,G.Eurell,True,1,,,,,,,,,,,,,,,,,,,,,
VIC,Park Kilmore,4,1100,Good,3,2026-09-28,5195834,5469790,Open,Maiden,10,False,5374509,Hes On Point,12,1,57,False,J.M.Allen,L.Smith,True,1,,Australia,Kilmore,4,2026-09-28 05:00:00+00:00,12,Hes On Point,10,Betr,2.700,1.190,TOP3,3.250,8.000,84.85804416403785488959,-21.9305993690851735015772000000000000000000,49.337539432176656151420000,-14.4609448406071156113272000000000000000000,13.3168329371706621664228000000000000000000,23.3796816060499785986250279500035308240925,
VIC,Park Kilmore,4,1100,Good,3,2026-09-28,5195834,5469790,Open,Maiden,10,False,5374509,Hes On Point,12,1,57,False,J.M.Allen,L.Smith,True,1,,Australia,Kilmore,4,2026-09-28 05:00:00+00:00,12,Hes On Point,10,Dabble,2.600,1.280,TOP3,3.250,8.000,81.70347003154574132492,-24.8328075709779179810736000000000000000000,46.435331230283911671924000,-23.9313652632856102880736000000000000000000,4.9147885828682358654264000000000000000000,17.7321713953682358654264000000000000000000,
VIC,Park Kilmore,4,1100,Good,3,2026-09-28,5195834,5469790,Open,Maiden,10,False,5374509,Hes On Point,12,1,57,False,J.M.Allen,L.Smith,True,1,,Australia,Kilmore,4,2026-09-28 05:00:00+00:00,12,Hes On Point,10,Ladbrokes,2.700,1.220,TOP3,3.250,8.000,84.85804416403785488959,-21.9305993690851735015772000000000000000000,49.337539432176656151420000,-16.0107450885751552863272000000000000000000,11.7670326892026224914228000000000000000000,22.8527623317718243187234584251545283525925,
VIC,Park Kilmore,4,1100,Good,3,2026-09-28,5195834,5469790,Open,Maiden,10,False,5374509,Hes On Point,12,1,57,False,J.M.Allen,L.Smith,True,1,,Australia,Kilmore,4,2026-09-28 05:00:00+00:00,12,Hes On Point,10,Sportsbet,2.600,1.250,TOP3,3.250,8.000,81.70347003154574132492,-24.8328075709779179810736000000000000000000,46.435331230283911671924000,-22.5251152632856102880736000000000000000000,6.3210385828682358654264000000000000000000,18.3210385828682358654264000000000000000000,
VIC,Park Kilmore,4,1100,Good,3,2026-09-28,5195834,5469790,Open,Maiden,10,False,5374509,Hes On Point,12,1,57,False,J.M.Allen,L.Smith,True,1,,Australia,Kilmore,4,2026-09-28 05:00:00+00:00,12,Hes On Point,10,UniBet,2.700,1.280,TOP3,3.250,8.000,84.85804416403785488959,-21.9305993690851735015772000000000000000000,49.337539432176656151420000,-18.8924049246407290570772000000000000000000,8.8853728531370487206728000000000000000000,21.7027556656370487206728000000000000000000,
VIC,Park Kilmore,4,1100,Good,3,2026-09-28,5195834,5469790,Open,Maiden,10,False,5374509,Hes On Point,12,1,57,False,J.M.Allen,L.Smith,True,1,,Australia,Kilmore,4,2026-09-28 05:00:00+00:00,12,Hes On Point,10,Surge ,2.600,1.280,TOP3,3.250,8.000,81.70347003154574132492,-24.8328075709779179810736000000000000000000,46.435331230283911671924000,-23.9313652632856102880736000000000000000000,4.9147885828682358654264000000000000000000,17.7321713953682358654264000000000000000000,
NSW,Wagga,3,1600,Good,4,2026-09-28,5194203,5468764,Open,BM 70,5,False,5374947,Spread The Love,7,3,55,False,J.Van Overmeire,D.L.Seib,False,3,,Australia,Wagga,3,2026-09-28 04:35:00+00:00,7,Spread The Love,5,Dabble,2.900,,,3.200,10.000,93.22580645161290322581,-16.0967741935483870967710000000000000000000,55.161290322580645161290000,,,,
NSW,Wagga,3,1600,Good,4,2026-09-28,5194203,5468764,Open,BM 70,5,False,5374947,Spread The Love,7,3,55,False,J.Van Overmeire,D.L.Seib,False,3,,Australia,Wagga,3,2026-09-28 04:35:00+00:00,7,Spread The Love,5,Ladbrokes,3.000,1.600,TOP2,3.200,10.000,96.45161290322580645161,-13.1935483870967741935510000000000000000000,58.064516129032258064516000,8.6814516129032258066990000000000000000000,26.2595766129032258066990000000000000000000,35.32329731602822580669900000000000000000000000000000000000000000000000000000000000,
NSW,Wagga,3,1600,Good,4,2026-09-28,5194203,5468764,Open,BM 70,5,False,5374947,Spread The Love,7,3,55,False,J.Van Overmeire,D.L.Seib,False,3,,Australia,Wagga,3,2026-09-28 04:35:00+00:00,7,Spread The Love,5,Sportsbet,2.900,1.500,TOP2,3.200,10.000,93.22580645161290322581,-16.0967741935483870967710000000000000000000,55.161290322580645161290000,8.0411568409343715244790000000000000000000,24.7078235076010381910623333333333333333325,32.11523091500844559834011111111111111111055555555555555555555925925925925925925925,
NSW,Wagga,3,1600,Good,4,2026-09-28,5194203,5468764,Open,BM 70,5,False,5374947,Spread The Love,7,3,55,False,J.Van Overmeire,D.L.Seib,False,3,,Australia,Wagga,3,2026-09-28 04:35:00+00:00,7,Spread The Love,5,UniBet,2.900,1.400,TOP2,3.200,10.000,93.22580645161290322581,-16.0967741935483870967710000000000000000000,55.161290322580645161290000,11.6125854123629429524790000000000000000000,26.9187078613425347893514489795918367346925,32.54136508749830321932604289879216992919549354435651811745105531028738025822573925,
NSW,Wagga,3,1600,Good,4,2026-09-28,5194203,5468764,Open,BM 70,5,False,5374947,Spread The Love,7,3,55,False,J.Van Overmeire,D.L.Seib,False,3,,Australia,Wagga,3,2026-09-28 04:35:00+00:00,7,Spread The Love,5,Surge ,2.900,1.610,TOP2,3.200,10.000,93.22580645161290322581,-16.0967741935483870967710000000000000000000,55.161290322580645161290000,4.6250077726113901579790000000000000000000,22.2747898026256642985863743296940704448125,31.49562805155330213701303084106302936429277082134078693026374758374683704522453125,
NSW,Warwick Farm,1,1200,Soft,5,2026-09-28,5197463,5477873,Paying,Trial,9,True,5375132,Sir Chartwell,10,0,,False,A.B.Collett,Annabel & Rob Archibald,False,1,,,,,,,,,,,,,,,,,,,,,
SA,Morphettville Parks,5,800,Good,4,2026-09-28,5197445,5482077,Paying,Trial,6,True,5375161,Maria Elena,6,0,,False,B.Price,T.J.Doudle,True,1,,,,,,,,,,,,,,,,,,,,,
VIC,Park Kilmore,6,2000,Good,3,2026-09-28,5195834,5469785,Open,BM 0-57,12,False,5375230,Kawa,11,8,59,False,J.Mcneil,M.S.S.Cumani,False,10,7,Australia,Kilmore,6,2026-09-28 06:00:00+00:00,11,Kawa,12,Dabble,4.600,1.900,TOP3,8.200,8.000,56.52709359605911330049,-47.9950738916256157635492000000000000000000,40.788177339901477832512000,-41.1300853332732130177992000000000000000000,-24.8257375071862564957992000000000000000000,-6.1276765653580016481683135734072022160675,
VIC,Park Kilmore,6,2000,Good,3,2026-09-28,5195834,5469785,Open,BM 0-57,12,False,5375230,Kawa,11,8,59,False,J.Mcneil,M.S.S.Cumani,False,10,7,Australia,Kilmore,6,2026-09-28 06:00:00+00:00,11,Kawa,12,Ladbrokes,4.800,1.900,TOP3,8.200,8.000,58.99014778325123152709,-45.7290640394088669950772000000000000000000,43.054187192118226600985000,-37.5053798288825512048272000000000000000000,-21.8803798288825512050772000000000000000000,-3.1823188870542963574463135734072022160675,
VIC,Park Kilmore,6,2000,Good,3,2026-09-28,5195834,5469785,Open,BM 0-57,12,False,5375230,Kawa,11,8,59,False,J.Mcneil,M.S.S.Cumani,False,10,7,Australia,Kilmore,6,2026-09-28 06:00:00+00:00,11,Kawa,12,Sportsbet,4.800,1.750,TOP3,8.200,8.000,58.99014778325123152709,-45.7290640394088669950772000000000000000000,43.054187192118226600985000,-34.1219211822660098518272000000000000000000,-18.4969211822660098520772000000000000000000,-0.1295742434904996479802612244897959183675,
VIC,Park Kilmore,6,2000,Good,3,2026-09-28,5195834,5469785,Open,BM 0-57,12,False,5375230,Kawa,11,8,59,False,J.Mcneil,M.S.S.Cumani,False,10,7,Australia,Kilmore,6,2026-09-28 06:00:00+00:00,11,Kawa,12,UniBet,4.800,1.900,TOP3,8.200,8.000,58.99014778325123152709,-45.7290640394088669950772000000000000000000,43.054187192118226600985000,-37.5053798288825512048272000000000000000000,-21.8803798288825512050772000000000000000000,-3.1823188870542963574463135734072022160675,
VIC,Park Kilmore,6,2000,Good,3,2026-09-28,5195834,5469785,Open,BM 0-57,12,False,5375230,Kawa,11,8,59,False,J.Mcneil,M.S.S.Cumani,False,10,7,Australia,Kilmore,6,2026-09-28 06:00:00+00:00,11,Kawa,12,Surge ,4.800,1.950,TOP3,8.200,8.000,58.99014778325123152709,-45.7290640394088669950772000000000000000000,43.054187192118226600985000,-38.5175255778704054563272000000000000000000,-22.8925255778704054565772000000000000000000,-4.1548529940439754762956418145956607495075,
VIC,Park Kilmore,6,2000,Good,3,2026-09-28,5195834,5469785,Open,BM 0-57,12,False,5375230,Kawa,11,8,59,False,J.Mcneil,M.S.S.Cumani,False,10,7,Australia,Kilmore,6,2026-09-28 06:00:00+00:00,11,Kawa,12,Betr,4.800,1.820,TOP3,8.200,8.000,58.99014778325123152709,-45.7290640394088669950772000000000000000000,43.054187192118226600985000,-35.7702728306176582033272000000000000000000,-20.1452728306176582035772000000000000000000,-1.5786745936897509460036883468180171476875,
NSW,Warwick Farm,1,1200,Soft,5,2026-09-28,5197463,5477873,Paying,Trial,9,True,5375276,Autumn Winter,4,0,,False,R.Jones,M.C.Smith,False,1,,,,,,,,,,,,,,,,,,,,,
VIC,Coleraine,1,1300,Good,4,2026-09-28,5197871,5482216,Paying,Trial,5,True,5375294,Renaissance Girl,1,0,,False,L.Meech,S.W.Wilde,True,1,,,,,,,,,,,,,,,,,,,,,
VIC,Park Kilmore,5,1100,Good,3,2026-09-28,5195834,5469784,Open,BM 58,9,False,5375363,Tallingas Avanti,10,13,57,True,,A.Smith,False,3,,,,,,,,,,,,,,,,,,,,,
VIC,Coleraine,7,900,Good,4,2026-09-28,5197871,5482222,Paying,Trial,4,True,5375434,Starseatic,0,0,,True,,P.A.Chow,False,1,,,,,,,,,,,,,,,,,,,,,
VIC,Southside Cranbourne,9,800,Good,4,2026-09-28,5197870,5482053,Nominations,Trial,8,True,5375751,Harry Angel (Ire)/Dress/2023,0,,,False,,S.Wynne,True,1,,,,,,,,,,,,,,,,,,,,,
WA,Bunbury,1,1000,Soft,5,2026-09-28,5196062,5466012,Open,Maiden,10,False,5376019,Magnificent Malcom,2,1,57,False,H.M.Watson,J.Krispyn,False,4,,Australia,Bunbury,1,2026-09-28 05:17:00+00:00,2,Magnificent Malcom,10,Betr,16.000,3.000,TOP3,60.000,8.000,26.68558077436582109479,-75.4492656875834445927932000000000000000000,23.030707610146862483311000,-59.8242656875834445930432000000000000000000,-55.1367656875834445930432000000000000000000,-38.4700990209167779264598666666666666666675,
WA,Bunbury,1,1000,Soft,5,2026-09-28,5196062,5466012,Open,Maiden,10,False,5376019,Magnificent Malcom,2,1,57,False,H.M.Watson,J.Krispyn,False,4,,Australia,Bunbury,1,2026-09-28 05:17:00+00:00,2,Magnificent Malcom,10,Dabble,16.000,3.200,TOP3,60.000,8.000,26.68558077436582109479,-75.4492656875834445927932000000000000000000,23.030707610146862483311000,-61.3867656875834445927932000000000000000000,-56.6992656875834445927932000000000000000000,-40.5859844375834445927932000000000000000000,
WA,Bunbury,1,1000,Soft,5,2026-09-28,5196062,5466012,Open,Maiden,10,False,5376019,Magnificent Malcom,2,1,57,False,H.M.Watson,J.Krispyn,False,4,,Australia,Bunbury,1,2026-09-28 05:17:00+00:00,2,Magnificent Malcom,10,Ladbrokes,16.000,2.700,TOP3,60.000,8.000,26.68558077436582109479,-75.4492656875834445927932000000000000000000,23.030707610146862483311000,-57.0464879098056668150432000000000000000000,-52.3589879098056668150432000000000000000000,-34.8692759756492882142273563786008230452675,
WA,Bunbury,1,1000,Soft,5,2026-09-28,5196062,5466012,Open,Maiden,10,False,5376019,Magnificent Malcom,2,1,57,False,H.M.Watson,J.Krispyn,False,4,,Australia,Bunbury,1,2026-09-28 05:17:00+00:00,2,Magnificent Malcom,10,Sportsbet,16.000,3.400,TOP3,60.000,8.000,26.68558077436582109479,-75.4492656875834445927932000000000000000000,23.030707610146862483311000,-62.7654421581716798870432000000000000000000,-58.0779421581716798870432000000000000000000,-42.5070079021163165652983903114186851211075,
WA,Bunbury,1,1000,Soft,5,2026-09-28,5196062,5466012,Open,Maiden,10,False,5376019,Magnificent Malcom,2,1,57,False,H.M.Watson,J.Krispyn,False,4,,Australia,Bunbury,1,2026-09-28 05:17:00+00:00,2,Magnificent Malcom,10,UniBet,17.000,3.400,TOP3,60.000,8.000,28.35447263017356475300,-73.9138851802403204272400000000000000000000,24.566088117489986648865000,-60.6785910625932616034900000000000000000000,-56.2668263567109086624900000000000000000000,-40.6958921006555453407451903114186851211075,
WA,Bunbury,1,1000,Soft,5,2026-09-28,5196062,5466012,Open,Maiden,10,False,5376019,Magnificent Malcom,2,1,57,False,H.M.Watson,J.Krispyn,False,4,,Australia,Bunbury,1,2026-09-28 05:17:00+00:00,2,Magnificent Malcom,10,Surge ,16.000,3.200,TOP3,60.000,8.000,26.68558077436582109479,-75.4492656875834445927932000000000000000000,23.030707610146862483311000,-61.3867656875834445927932000000000000000000,-56.6992656875834445927932000000000000000000,-40.5859844375834445927932000000000000000000,
WA,Bunbury,2,1100,Soft,5,2026-09-28,5196062,5466013,Open,Maiden,11,False,5376083,Himalayan Express,12,10,53.5,False,V.A.Corver,R.P.Hill,False,2,,Australia,Bunbury,2,2026-09-28 05:52:00+00:00,12,Himalayan Express,11,Betr,34.000,6.000,TOP3,600.000,8.000,5.66575543405787438325,-94.7875050006667555674100000000000000000000,5.060674756634217895719000,-86.6992697065491085081600000000000000000000,-84.4933873536079320376600000000000000000000,-74.0767206869412653708266666666666666666675,
WA,Bunbury,2,1100,Soft,5,2026-09-28,5196062,5466013,Open,Maiden,11,False,5376083,Himalayan Express,12,10,53.5,False,V.A.Corver,R.P.Hill,False,2,,Australia,Bunbury,2,2026-09-28 05:52:00+00:00,12,Himalayan Express,11,Dabble,31.000,5.500,TOP3,600.000,8.000,5.16568875850113348446,-95.2475663421789571942968000000000000000000,4.600613415122016268836000,-86.4499123832346756697968000000000000000000,-84.0305575445249982502968000000000000000000,-72.8735327511365684983174611570247933884300,
WA,Bunbury,2,1100,Soft,5,2026-09-28,5196062,5466013,Open,Maiden,11,False,5376083,Himalayan Express,12,10,53.5,False,V.A.Corver,R.P.Hill,False,2,,Australia,Bunbury,2,2026-09-28 05:52:00+00:00,12,Himalayan Express,11,Ladbrokes,34.000,6.000,TOP3,600.000,8.000,5.66575543405787438325,-94.7875050006667555674100000000000000000000,5.060674756634217895719000,-86.6992697065491085081600000000000000000000,-84.4933873536079320376600000000000000000000,-74.0767206869412653708266666666666666666675,
WA,Bunbury,2,1100,Soft,5,2026-09-28,5196062,5466013,Open,Maiden,11,False,5376083,Himalayan Express,12,10,53.5,False,V.A.Corver,R.P.Hill,False,2,,Australia,Bunbury,2,2026-09-28 05:52:00+00:00,12,Himalayan Express,11,Sportsbet,34.000,7.250,TOP3,600.000,8.000,5.66575543405787438325,-94.7875050006667555674100000000000000000000,5.060674756634217895719000,-88.8544421203422119566600000000000000000000,-86.6485597674010354861600000000000000000000,-77.7306049517054350105170154577883472057075,
WA,Bunbury,2,1100,Soft,5,2026-09-28,5196062,5466013,Open,Maiden,11,False,5376083,Himalayan Express,12,10,53.5,False,V.A.Corver,R.P.Hill,False,2,,Australia,Bunbury,2,2026-09-28 05:52:00+00:00,12,Himalayan Express,11,UniBet,26.000,5.250,TOP3,600.000,8.000,4.33224429923989865315,-96.0143352446992932391020000000000000000000,3.833844512601680224030000,-87.4978517282157767558520000000000000000000,-84.6132363436003921403520000000000000000000,-73.0486104932602560859523401360544217687075,
WA,Bunbury,2,1100,Soft,5,2026-09-28,5196062,5466013,Open,Maiden,11,False,5376083,Himalayan Express,12,10,53.5,False,V.A.Corver,R.P.Hill,False,2,,Australia,Bunbury,2,2026-09-28 05:52:00+00:00,12,Himalayan Express,11,Surge ,34.000,6.000,TOP3,600.000,8.000,5.66575543405787438325,-94.7875050006667555674100000000000000000000,5.060674756634217895719000,-86.6992697065491085081600000000000000000000,-84.4933873536079320376600000000000000000000,-74.0767206869412653708266666666666666666675,
SA,Morphettville Parks,13,1000,Good,4,2026-09-28,5197445,5482086,Paying,Trial,7,True,5376389,Lethal Harry,1,0,,False,C.Jones,Richard & Chantelle Jolly,True,1,,,,,,,,,,,,,,,,,,,,,
VIC,Park Kilmore,1,1450,Good,4,2026-09-28,5195834,5469791,Paying,Maiden,10,False,5376405,Levent,13,1,58,False,D.W.Stackhouse,Amy & Ash Yargi,False,2,,,,,,,,,,,,,,,,,,,,,
NSW,Tamworth,2,1200,Good,4,2026-09-28,5196006,5468330,Interim,Maiden,9,False,5376435,Mongolian Master,1,8,59,False,Z.Wadick,D.J.Hatch,False,4,,,,,,,,,,,,,,,,,,,,,
VIC,Park Kilmore,1,1450,Good,4,2026-09-28,5195834,5469791,Paying,Maiden,10,False,5376454,Refuse To Curtsy,9,7,56,False,J.M.Allen,T.Carberry,False,2,,,,,,,,,,,,,,,,,,,,,
NSW,Warwick Farm,8,792,Soft,5,2026-09-28,5197463,5481983,Paying,Trial,8,True,5376582,Ironglint,4,0,,False,B.Panya,B.Heys,True,1,,,,,,,,,,,,,,,,,,,,,
SA,Morphettville Parks,12,1000,Good,4,2026-09-28,5197445,5482085,Paying,Trial,6,True,5376589,Douglas Head,8,0,,False,D.Caboche,J.V.Hyam,False,1,,,,,,,,,,,,,,,,,,,,,
WA,Bunbury,1,1000,Soft,5,2026-09-28,5196062,5466012,Open,Maiden,10,False,5376846,Splintabelle,9,7,55,False,B.M.Parnham,D.R.Harrison,False,2,,Australia,Bunbury,1,2026-09-28 05:17:00+00:00,9,Splintabelle,10,Betr,16.000,3.000,TOP3,250.000,8.000,6.39804737516005121639,-94.1137964148527528809212000000000000000000,5.521766965428937259923000,-78.4887964148527528811712000000000000000000,-73.8012964148527528811712000000000000000000,-57.1346297481860862145878666666666666666675,
WA,Bunbury,1,1000,Soft,5,2026-09-28,5196062,5466012,Open,Maiden,10,False,5376846,Splintabelle,9,7,55,False,B.M.Parnham,D.R.Harrison,False,2,,Australia,Bunbury,1,2026-09-28 05:17:00+00:00,9,Splintabelle,10,Dabble,16.000,3.300,TOP3,250.000,8.000,6.39804737516005121639,-94.1137964148527528809212000000000000000000,5.521766965428937259923000,-80.7615236875800256084212000000000000000000,-76.0740236875800256084212000000000000000000,-60.2338033019050944790341476584022038567500,
WA,Bunbury,1,1000,Soft,5,2026-09-28,5196062,5466012,Open,Maiden,10,False,5376846,Splintabelle,9,7,55,False,B.M.Parnham,D.R.Harrison,False,2,,Australia,Bunbury,1,2026-09-28 05:17:00+00:00,9,Splintabelle,10,Ladbrokes,17.000,3.200,TOP3,250.000,8.000,6.79817541613316261204,-93.7456786171574903969232000000000000000000,5.889884763124199743918000,-79.1317080289221962789232000000000000000000,-74.7199433230398433379232000000000000000000,-58.6066620730398433379232000000000000000000,
WA,Bunbury,1,1000,Soft,5,2026-09-28,5196062,5466012,Open,Maiden,10,False,5376846,Splintabelle,9,7,55,False,B.M.Parnham,D.R.Harrison,False,2,,Australia,Bunbury,1,2026-09-28 05:17:00+00:00,9,Splintabelle,10,Sportsbet,17.000,3.500,TOP3,250.000,8.000,6.79817541613316261204,-93.7456786171574903969232000000000000000000,5.889884763124199743918000,-81.1406366003507677071732000000000000000000,-76.7288718944684147661732000000000000000000,-61.4227494454888229293007510204081632653075,
WA,Bunbury,1,1000,Soft,5,2026-09-28,5196062,5466012,Open,Maiden,10,False,5376846,Splintabelle,9,7,55,False,B.M.Parnham,D.R.Harrison,False,2,,Australia,Bunbury,1,2026-09-28 05:17:00+00:00,9,Splintabelle,10,UniBet,15.000,3.200,TOP3,250.000,8.000,5.99791933418693982074,-94.4819142125480153649192000000000000000000,5.153649167733674775928000,-81.0444142125480153654192000000000000000000,-76.0444142125480153651692000000000000000000,-59.9311329625480153651692000000000000000000,
WA,Bunbury,1,1000,Soft,5,2026-09-28,5196062,5466012,Open,Maiden,10,False,5376846,Splintabelle,9,7,55,False,B.M.Parnham,D.R.Harrison,False,2,,Australia,Bunbury,1,2026-09-28 05:17:00+00:00,9,Splintabelle,10,Surge ,16.000,3.200,TOP3,250.000,8.000,6.39804737516005121639,-94.1137964148527528809212000000000000000000,5.521766965428937259923000,-80.0512964148527528809212000000000000000000,-75.3637964148527528809212000000000000000000,-59.2505151648527528809212000000000000000000,
WA,Bunbury,1,1000,Soft,5,2026-09-28,5196062,5466012,Open,Maiden,10,False,5376896,Fredath,3,2,57,False,J.Noske,G.C.Ballantyne,True,1,,Australia,Bunbury,1,2026-09-28 05:17:00+00:00,3,Fredath,10,Betr,15.000,2.900,TOP3,250.000,8.000,5.99791933418693982074,-94.4819142125480153649192000000000000000000,5.153649167733674775928000,-78.6198452470307739864192000000000000000000,-73.6198452470307739861692000000000000000000,-56.6757310972091330825794259215219976218800,
WA,Bunbury,1,1000,Soft,5,2026-09-28,5196062,5466012,Open,Maiden,10,False,5376896,Fredath,3,2,57,False,J.Noske,G.C.Ballantyne,True,1,,Australia,Bunbury,1,2026-09-28 05:17:00+00:00,3,Fredath,10,Dabble,14.000,3.000,TOP3,250.000,8.000,5.59779129321382842510,-94.8500320102432778489080000000000000000000,4.785531370038412291933000,-80.5643177245289921346580000000000000000000,-75.2071748673861349919080000000000000000000,-58.5405082007194683253246666666666666666675,
WA,Bunbury,1,1000,Soft,5,2026-09-28,5196062,5466012,Open,Maiden,10,False,5376896,Fredath,3,2,57,False,J.Noske,G.C.Ballantyne,True,1,,Australia,Bunbury,1,2026-09-28 05:17:00+00:00,3,Fredath,10,Ladbrokes,15.000,2.900,TOP3,250.000,8.000,5.99791933418693982074,-94.4819142125480153649192000000000000000000,5.153649167733674775928000,-78.6198452470307739864192000000000000000000,-73.6198452470307739861692000000000000000000,-56.6757310972091330825794259215219976218800,
WA,Bunbury,1,1000,Soft,5,2026-09-28,5196062,5466012,Open,Maiden,10,False,5376896,Fredath,3,2,57,False,J.Noske,G.C.Ballantyne,True,1,,Australia,Bunbury,1,2026-09-28 05:17:00+00:00,3,Fredath,10,Sportsbet,15.000,3.200,TOP3,250.000,8.000,5.99791933418693982074,-94.4819142125480153649192000000000000000000,5.153649167733674775928000,-81.0444142125480153654192000000000000000000,-76.0444142125480153651692000000000000000000,-59.9311329625480153651692000000000000000000,
WA,Bunbury,1,1000,Soft,5,2026-09-28,5196062,5466012,Open,Maiden,10,False,5376896,Fredath,3,2,57,False,J.Noske,G.C.Ballantyne,True,1,,Australia,Bunbury,1,2026-09-28 05:17:00+00:00,3,Fredath,10,UniBet,14.000,3.000,TOP3,250.000,8.000,5.59779129321382842510,-94.8500320102432778489080000000000000000000,4.785531370038412291933000,-80.5643177245289921346580000000000000000000,-75.2071748673861349919080000000000000000000,-58.5405082007194683253246666666666666666675,
WA,Bunbury,1,1000,Soft,5,2026-09-28,5196062,5466012,Open,Maiden,10,False,5376896,Fredath,3,2,57,False,J.Noske,G.C.Ballantyne,True,1,,Australia,Bunbury,1,2026-09-28 05:17:00+00:00,3,Fredath,10,Surge ,15.000,3.100,TOP3,250.000,8.000,5.99791933418693982074,-94.4819142125480153649192000000000000000000,5.153649167733674775928000,-80.2883658254512411719192000000000000000000,-75.2883658254512411716692000000000000000000,-58.8991878858050392986374622268470343392300,
WA,Bunbury,1,1000,Soft,5,2026-09-28,5196062,5466012,Open,Maiden,10,False,5377211,Mr Kaplan,7,9,55,False,S.D.Parnham,T.M.Andrews,False,1,,Australia,Bunbury,1,2026-09-28 05:17:00+00:00,7,Mr Kaplan,10,Betr,11.000,2.400,TOP3,24.000,8.000,45.94481605351170568562,-57.7307692307692307692296000000000000000000,38.461538461538461538462000,-40.1171328671328671324796000000000000000000,-33.2989510489510489507296000000000000000000,-15.0697843822843822840212666666666666666675,
WA,Bunbury,1,1000,Soft,5,2026-09-28,5196062,5466012,Open,Maiden,10,False,5377211,Mr Kaplan,7,9,55,False,S.D.Parnham,T.M.Andrews,False,1,,Australia,Bunbury,1,2026-09-28 05:17:00+00:00,7,Mr Kaplan,10,Dabble,10.000,2.500,TOP3,24.000,8.000,41.76421404682274247492,-61.5769230769230769230736000000000000000000,34.615384615384615384615000,-46.5769230769230769230736000000000000000000,-39.0769230769230769230736000000000000000000,-21.0769230769230769230736000000000000000000,
WA,Bunbury,1,1000,Soft,5,2026-09-28,5196062,5466012,Open,Maiden,10,False,5377211,Mr Kaplan,7,9,55,False,S.D.Parnham,T.M.Andrews,False,1,,Australia,Bunbury,1,2026-09-28 05:17:00+00:00,7,Mr Kaplan,10,Ladbrokes,11.000,2.450,TOP3,24.000,8.000,45.94481605351170568562,-57.7307692307692307692296000000000000000000,38.461538461538461538462000,-40.7548879691736834592296000000000000000000,-33.9367061509918652774796000000000000000000,-15.8192550889343892258288294877134527280300,
WA,Bunbury,1,1000,Soft,5,2026-09-28,5196062,5466012,Open,Maiden,10,False,5377211,Mr Kaplan,7,9,55,False,S.D.Parnham,T.M.Andrews,False,1,,Australia,Bunbury,1,2026-09-28 05:17:00+00:00,7,Mr Kaplan,10,Sportsbet,12.000,2.630,TOP3,24.000,8.000,50.12541806020066889632,-53.8846153846153846153856000000000000000000,42.307692307692307692308000,-37.8675051184556887971356000000000000000000,-31.6175051184556887973856000000000000000000,-13.9434025580601358762171611039627578828675,
WA,Bunbury,1,1000,Soft,5,2026-09-28,5196062,5466012,Open,Maiden,10,False,5377211,Mr Kaplan,7,9,55,False,S.D.Parnham,T.M.Andrews,False,1,,Australia,Bunbury,1,2026-09-28 05:17:00+00:00,7,Mr Kaplan,10,UniBet,10.000,2.400,TOP3,24.000,8.000,41.76421404682274247492,-61.5769230769230769230736000000000000000000,34.615384615384615384615000,-45.3269230769230769228236000000000000000000,-37.8269230769230769228236000000000000000000,-19.5977564102564102561152666666666666666675,
WA,Bunbury,1,1000,Soft,5,2026-09-28,5196062,5466012,Open,Maiden,10,False,5377211,Mr Kaplan,7,9,55,False,S.D.Parnham,T.M.Andrews,False,1,,Australia,Bunbury,1,2026-09-28 05:17:00+00:00,7,Mr Kaplan,10,Surge ,11.000,2.500,TOP3,24.000,8.000,45.94481605351170568562,-57.7307692307692307692296000000000000000000,38.461538461538461538462000,-41.3671328671328671327296000000000000000000,-34.5489510489510489509796000000000000000000,-16.5489510489510489509796000000000000000000,
SA,Morphettville Parks,6,800,Good,4,2026-09-28,5197445,5475291,Paying,Trial,9,True,5377354,Cybicks,10,0,,True,T.J.Pannell,H.G.M.Bryce,True,1,,,,,,,,,,,,,,,,,,,,,
SA,Morphettville Parks,5,800,Good,4,2026-09-28,5197445,5482077,Paying,Trial,6,True,5377354,Cybicks,2,0,,False,T.J.Pannell,H.G.M.Bryce,True,1,,,,,,,,,,,,,,,,,,,,,
VIC,Southside Cranbourne,10,650,Good,4,2026-09-28,5197870,5482054,Nominations,Trial,6,True,5377378,Home Affairs/Anjeo (Ire)/2024,0,,,False,,Mick Price & Michael Kent (Jnr),True,1,,,,,,,,,,,,,,,,,,,,,
NSW,Warwick Farm,5,795,Soft,5,2026-09-28,5197463,5477878,Paying,Trial,8,True,5377719,Nautical Mile,6,5,,False,C.Schofield,J.J.W.Pride,True,1,,,,,,,,,,,,,,,,,,,,,
NSW,Warwick Farm,5,795,Soft,5,2026-09-28,5197463,5477878,Paying,Trial,8,True,5377782,Bolthole,1,1,,False,A.Adkins,J.J.W.Pride,True,1,,,,,,,,,,,,,,,,,,,,,
WA,Bunbury,6,1400,Soft,5,2026-09-28,5196062,5481877,Open,Maiden,14,False,5378014,Dynastic Lass,13,4,53.5,False,V.A.Corver,R.P.Hill,False,3,2,Australia,Bunbury,6,2026-09-28 08:18:00+00:00,13,Dynastic Lass,14,Betr,8.500,2.750,TOP3,29.000,8.000,29.35684647302904564315,-72.9917012448132780083020000000000000000000,23.858921161825726141079000,-63.3660327956154170453020000000000000000000,-54.5425033838507111633020000000000000000000,-37.1871314830242648823846446280991735537200,
WA,Bunbury,6,1400,Soft,5,2026-09-28,5196062,5481877,Open,Maiden,14,False,5378014,Dynastic Lass,13,4,53.5,False,V.A.Corver,R.P.Hill,False,3,2,Australia,Bunbury,6,2026-09-28 08:18:00+00:00,13,Dynastic Lass,14,Dabble,8.000,2.750,TOP3,29.000,8.000,27.62793914246196403873,-74.5822959889349930843684000000000000000000,22.268326417704011065007000,-66.0595687162077203573684000000000000000000,-56.6845687162077203573684000000000000000000,-39.3291968153812740764510446280991735537200,
WA,Bunbury,6,1400,Soft,5,2026-09-28,5196062,5481877,Open,Maiden,14,False,5378014,Dynastic Lass,13,4,53.5,False,V.A.Corver,R.P.Hill,False,3,2,Australia,Bunbury,6,2026-09-28 08:18:00+00:00,13,Dynastic Lass,14,Ladbrokes,8.500,2.800,TOP3,29.000,8.000,29.35684647302904564315,-72.9917012448132780083020000000000000000000,23.858921161825726141079000,-63.8530457826284040578020000000000000000000,-55.0295163708636981758020000000000000000000,-37.8101286157616573594142448979591836734700,
WA,Bunbury,6,1400,Soft,5,2026-09-28,5196062,5481877,Open,Maiden,14,False,5378014,Dynastic Lass,13,4,53.5,False,V.A.Corver,R.P.Hill,False,3,2,Australia,Bunbury,6,2026-09-28 08:18:00+00:00,13,Dynastic Lass,14,Sportsbet,8.500,2.700,TOP3,29.000,8.000,29.35684647302904564315,-72.9917012448132780083020000000000000000000,23.858921161825726141079000,-62.8609822905649119945520000000000000000000,-54.0374528788002061125520000000000000000000,-36.5477409446438275117361563786008230452675,
WA,Bunbury,6,1400,Soft,5,2026-09-28,5196062,5481877,Open,Maiden,14,False,5378014,Dynastic Lass,13,4,53.5,False,V.A.Corver,R.P.Hill,False,3,2,Australia,Bunbury,6,2026-09-28 08:18:00+00:00,13,Dynastic Lass,14,UniBet,8.000,2.750,TOP3,29.000,8.000,27.62793914246196403873,-74.5822959889349930843684000000000000000000,22.268326417704011065007000,-66.0595687162077203573684000000000000000000,-56.6845687162077203573684000000000000000000,-39.3291968153812740764510446280991735537200,
WA,Bunbury,6,1400,Soft,5,2026-09-28,5196062,5481877,Open,Maiden,14,False,5378014,Dynastic Lass,13,4,53.5,False,V.A.Corver,R.P.Hill,False,3,2,Australia,Bunbury,6,2026-09-28 08:18:00+00:00,13,Dynastic Lass,14,Surge ,8.500,2.900,TOP3,29.000,8.000,29.35684647302904564315,-72.9917012448132780083020000000000000000000,23.858921161825726141079000,-64.7766911028254483933020000000000000000000,-55.9531616910607425113020000000000000000000,-39.0090475412391016077122259215219976218800,
VIC,Southside Cranbourne,3,800,Good,4,2026-09-28,5197870,5482047,Nominations,Trial,9,True,5378146,Sedotta,0,,,False,,Trent Busuttin & Natalie Young,True,1,,,,,,,,,,,,,,,,,,,,,
VIC,Southside Cranbourne,11,650,Good,4,2026-09-28,5197870,5482055,Nominations,Trial,6,True,5378411,I Am Invincible/Chanteline (Usa)/2024,0,,,False,,Mick Price & Michael Kent (Jnr),True,1,,,,,,,,,,,,,,,,,,,,,
SA,Morphettville Parks,16,1000,Good,4,2026-09-28,5197445,5482075,Paying,Trial,8,True,5378662,Fiorona,2,0,,False,T.Voorham,Gordon Richards & Damien Moyle,False,1,,,,,,,,,,,,,,,,,,,,,
NSW,Wagga,1,1400,Good,4,2026-09-28,5194203,5468768,Paying,Maiden,11,False,5378998,Backflips,5,8,56,False,B.Mcdougall,M.Travers,False,5,,,,,,,,,,,,,,,,,,,,,
VIC,Southside Cranbourne,18,1200,Good,4,2026-09-28,5197870,5482062,Nominations,Trial,10,True,5379004,Aye Aye,0,,,False,,Mick Price & Michael Kent (Jnr),True,1,,,,,,,,,,,,,,,,,,,,,
VIC,Southside Cranbourne,16,1000,Good,4,2026-09-28,5197870,5482060,Nominations,Trial,8,True,5379038,High Performance,0,,,False,,S.W.Mathrick,True,1,,,,,,,,,,,,,,,,,,,,,
WA,Bunbury,2,1100,Soft,5,2026-09-28,5196062,5466013,Open,Maiden,11,False,5379162,My Malena,11,2,53.5,False,L.F.Fiore,D.R.Harrison,False,4,,Australia,Bunbury,2,2026-09-28 05:52:00+00:00,11,My Malena,11,Betr,3.200,1.350,TOP3,6.400,8.000,50.47468354430379746835,-53.5632911392405063291180000000000000000000,32.025316455696202531646000,-44.8827355836849507736180000000000000000000,-21.4452355836849507736180000000000000000000,-7.0419434026149919258546255144032921810700,
WA,Bunbury,2,1100,Soft,5,2026-09-28,5196062,5466013,Open,Maiden,11,False,5379162,My Malena,11,2,53.5,False,L.F.Fiore,D.R.Harrison,False,4,,Australia,Bunbury,2,2026-09-28 05:52:00+00:00,11,My Malena,11,Dabble,3.100,1.450,TOP3,6.400,8.000,48.89240506329113924051,-55.0189873417721518987308000000000000000000,30.569620253164556962025000,-51.6819461849312175269808000000000000000000,-27.4883977978344433334808000000000000000000,-11.4360791295823624774061864447086801426875,
WA,Bunbury,2,1100,Soft,5,2026-09-28,5196062,5466013,Open,Maiden,11,False,5379162,My Malena,11,2,53.5,False,L.F.Fiore,D.R.Harrison,False,4,,Australia,Bunbury,2,2026-09-28 05:52:00+00:00,11,My Malena,11,Ladbrokes,3.100,1.260,TOP3,6.400,8.000,48.89240506329113924051,-55.0189873417721518987308000000000000000000,30.569620253164556962025000,-43.8822745921561764764808000000000000000000,-19.6887262050594022829808000000000000000000,-7.4060353509399767348230146636432350718075,
WA,Bunbury,2,1100,Soft,5,2026-09-28,5196062,5466013,Open,Maiden,11,False,5379162,My Malena,11,2,53.5,False,L.F.Fiore,D.R.Harrison,False,4,,Australia,Bunbury,2,2026-09-28 05:52:00+00:00,11,My Malena,11,Sportsbet,3.200,1.330,TOP3,6.400,8.000,50.47468354430379746835,-53.5632911392405063291180000000000000000000,32.025316455696202531646000,-44.0473136956314837728680000000000000000000,-20.6098136956314837728680000000000000000000,-6.6180674126307488527901974108202837921875,
WA,Bunbury,2,1100,Soft,5,2026-09-28,5196062,5466013,Open,Maiden,11,False,5379162,My Malena,11,2,53.5,False,L.F.Fiore,D.R.Harrison,False,4,,Australia,Bunbury,2,2026-09-28 05:52:00+00:00,11,My Malena,11,UniBet,3.300,1.400,TOP3,6.400,8.000,52.05696202531645569620,-52.1075949367088607594960000000000000000000,33.481012658227848101266000,-43.9907118198257438762460000000000000000000,-21.2634390925530166037460000000000000000000,-5.9573166435734247668735510204081632653075,
WA,Bunbury,2,1100,Soft,5,2026-09-28,5196062,5466013,Open,Maiden,11,False,5379162,My Malena,11,2,53.5,False,L.F.Fiore,D.R.Harrison,False,4,,Australia,Bunbury,2,2026-09-28 05:52:00+00:00,11,My Malena,11,Surge ,3.200,1.400,TOP3,6.400,8.000,50.47468354430379746835,-53.5632911392405063291180000000000000000000,32.025316455696202531646000,-46.8668625678119349008680000000000000000000,-23.4293625678119349008680000000000000000000,-8.1232401188323430639955510204081632653075,
VIC,Southside Cranbourne,10,650,Good,4,2026-09-28,5197870,5482054,Nominations,Trial,6,True,5379264,Red Sisters,0,,,False,,C.M.Alderson,True,1,,,,,,,,,,,,,,,,,,,,,
NSW,Warwick Farm,5,795,Soft,5,2026-09-28,5197463,5477878,Paying,Trial,8,True,5379568,Ready Formula,7,3,,False,L.Beuzelin,G.Allendorf,True,1,,,,,,,,,,,,,,,,,,,,,
VIC,Southside Cranbourne,3,800,Good,4,2026-09-28,5197870,5482047,Nominations,Trial,9,True,5379853,Relilah,0,,,False,,R.D.Griffiths,True,1,,,,,,,,,,,,,,,,,,,,,
VIC,Park Kilmore,3,1200,Good,3,2026-09-28,5195834,5469788,Open,Maiden,11,False,5379908,Sihaya,8,10,57.5,True,L.Currie,"Ben, Will & Jd Hayes",True,1,,,,,,,,,,,,,,,,,,,,,
NSW,Warwick Farm,5,795,Soft,5,2026-09-28,5197463,5477878,Paying,Trial,8,True,5380724,Goddess Rising,2,0,,True,Z.T.Lloyd,Annabel & Rob Archibald,True,1,,,,,,,,,,,,,,,,,,,,,
VIC,Southside Cranbourne,10,650,Good,4,2026-09-28,5197870,5482054,Nominations,Trial,6,True,5381799,Too Darn Hot (Gb)/Imoto/2024,0,,,False,,C.Maher,True,1,,,,,,,,,,,,,,,,,,,,,
NSW,Warwick Farm,5,795,Soft,5,2026-09-28,5197463,5477878,Paying,Trial,8,True,5382219,Liars Dice,3,7,,False,W.Costin,G.Allendorf,True,1,,,,,,,,,,,,,,,,,,,,,
VIC,Southside Cranbourne,10,650,Good,4,2026-09-28,5197870,5482054,Nominations,Trial,6,True,5382949,Amsterdam,0,,,False,,C.Maher,True,1,,,,,,,,,,,,,,,,,,,,,
WA,Bunbury,2,1100,Soft,5,2026-09-28,5196062,5466013,Open,Maiden,11,False,5382997,Bondex,10,4,55.5,False,N.Faithfull,M.J.D.Hall,False,2,,,,,,,,,,,,,,,,,,,,,
VIC,Southside Cranbourne,11,650,Good,4,2026-09-28,5197870,5482055,Nominations,Trial,6,True,5383170,Labyrinth,0,,,False,,C.M.Alderson,True,1,,,,,,,,,,,,,,,,,,,,,
VIC,Park Kilmore,5,1100,Good,3,2026-09-28,5195834,5469784,Open,BM 58,9,False,5383817,Share The Music,3,11,60,True,W.Gordon,T.Weir,False,2,,,,,,,,,,,,,,,,,,,,,
NSW,Warwick Farm,5,795,Soft,5,2026-09-28,5197463,5477878,Paying,Trial,8,True,5384116,Miss Tsarina,5,6,,False,A.J.Calder,C.E.Conners,True,1,,,,,,,,,,,,,,,,,,,,,
VIC,Southside Cranbourne,10,650,Good,4,2026-09-28,5197870,5482054,Nominations,Trial,6,True,5384410,The Chancer,0,,,False,,C.W.Mcdonald,True,1,,,,,,,,,,,,,,,,,,,,,
NSW,Warwick Farm,5,795,Soft,5,2026-09-28,5197463,5477878,Paying,Trial,8,True,5384437,Thallein,8,2,,False,R.Bayliss,C.Maher,True,1,,,,,,,,,,,,,,,,,,,,,
VIC,Southside Cranbourne,11,650,Good,4,2026-09-28,5197870,5482055,Nominations,Trial,6,True,5384860,Skyrouge,0,,,False,,J.R.Laing,True,1,,,,,,,,,,,,,,,,,,,,,
VIC,Southside Cranbourne,8,800,Good,4,2026-09-28,5197870,5482052,Nominations,Trial,8,True,5385552,Guthrie,0,,,False,,N.G.Eades,False,2,,,,,,,,,,,,,,,,,,,,,
VIC,Southside Cranbourne,11,650,Good,4,2026-09-28,5197870,5482055,Nominations,Trial,6,True,5385905,Anamoe/Confidential Queen/2024,0,,,False,,C.Maher,True,1,,,,,,,,,,,,,,,,,,,,,
WA,Bunbury,5,1000,Soft,5,2026-09-28,5196062,5466016,Open,BM 58,8,False,5386060,London Rose,6,8,55.5,False,J.N.Li,D.O'Connor,False,2,9,Australia,Bunbury,5,2026-09-28 07:42:00+00:00,6,London Rose,8,Betr,2.100,1.060,TOP3,3.650,8.000,58.54341736694677871148,-46.1400560224089635854384000000000000000000,28.347338935574229691877000,-46.8139104698483166859384000000000000000000,-11.0996247555626023999384000000000000000000,-7.0946407754985226560816894268422926308300,
WA,Bunbury,5,1000,Soft,5,2026-09-28,5196062,5466016,Open,BM 58,8,False,5386060,London Rose,6,8,55.5,False,J.N.Li,D.O'Connor,False,2,9,Australia,Bunbury,5,2026-09-28 07:42:00+00:00,6,London Rose,8,Dabble,2.050,1.140,TOP3,3.650,8.000,57.14285714285714285714,-47.4285714285714285714312000000000000000000,27.058823529411764705882000,-54.8098294516779754254312000000000000000000,-18.2244635980194388404312000000000000000000,-10.1450545490813040298790301015697137580800,
WA,Bunbury,5,1000,Soft,5,2026-09-28,5196062,5466016,Open,BM 58,8,False,5386060,London Rose,6,8,55.5,False,J.N.Li,D.O'Connor,False,2,9,Australia,Bunbury,5,2026-09-28 07:42:00+00:00,6,London Rose,8,Ladbrokes,2.100,1.160,TOP3,3.650,8.000,58.54341736694677871148,-46.1400560224089635854384000000000000000000,28.347338935574229691877000,-52.9134550371872887091884000000000000000000,-17.1991693229015744231884000000000000000000,-8.2812145072059739475454154577883472057075,
WA,Bunbury,5,1000,Soft,5,2026-09-28,5196062,5466016,Open,BM 58,8,False,5386060,London Rose,6,8,55.5,False,J.N.Li,D.O'Connor,False,2,9,Australia,Bunbury,5,2026-09-28 07:42:00+00:00,6,London Rose,8,Sportsbet,2.100,1.200,TOP3,3.650,8.000,58.54341736694677871148,-46.1400560224089635854384000000000000000000,28.347338935574229691877000,-55.0686274509803921576884000000000000000000,-19.3543417366946778716884000000000000000000,-8.9376750700280112048550666666666666666675,
WA,Bunbury,5,1000,Soft,5,2026-09-28,5196062,5466016,Open,BM 58,8,False,5386060,London Rose,6,8,55.5,False,J.N.Li,D.O'Connor,False,2,9,Australia,Bunbury,5,2026-09-28 07:42:00+00:00,6,London Rose,8,UniBet,2.050,1.100,TOP3,3.650,8.000,57.14285714285714285714,-47.4285714285714285714312000000000000000000,27.058823529411764705882000,-52.4174849540703199231812000000000000000000,-15.8321191004117833381812000000000000000000,-9.6337719929737668093113652892561983471075,
WA,Bunbury,5,1000,Soft,5,2026-09-28,5196062,5466016,Open,BM 58,8,False,5386060,London Rose,6,8,55.5,False,J.N.Li,D.O'Connor,False,2,9,Australia,Bunbury,5,2026-09-28 07:42:00+00:00,6,London Rose,8,Surge ,2.100,1.140,TOP3,3.650,8.000,58.54341736694677871148,-46.1400560224089635854384000000000000000000,28.347338935574229691877000,-51.7791537667698658414384000000000000000000,-16.0648680524841515554384000000000000000000,-7.9854590035460167448862301015697137580800,
VIC,Southside Cranbourne,10,650,Good,4,2026-09-28,5197870,5482054,Nominations,Trial,6,True,5386358,Front Cover,0,,,False,,C.Maher,True,1,,,,,,,,,,,,,,,,,,,,,
SA,Morphettville Parks,12,1000,Good,4,2026-09-28,5197445,5482085,Paying,Trial,6,True,5387552,Skid Row,4,0,,False,J.Toeroek,Richard & Chantelle Jolly,True,1,,,,,,,,,,,,,,,,,,,,,
SA,Morphettville Parks,16,1000,Good,4,2026-09-28,5197445,5482075,Paying,Trial,8,True,5387850,Nunya,9,0,,False,J.B.Murphy,Aaron Bain & Ned Taylor,False,1,,,,,,,,,,,,,,,,,,,,,
NSW,Tamworth,2,1200,Good,4,2026-09-28,5196006,5468330,Interim,Maiden,9,False,5388152,Buckos Wish,10,4,55,False,J.Duggan,R.J.Wilson,False,3,2,,,,,,,,,,,,,,,,,,,,
VIC,Southside Cranbourne,11,650,Good,4,2026-09-28,5197870,5482055,Nominations,Trial,6,True,5389036,Farnan/Maid Of Ore/2024,0,,,False,,C.Maher,True,1,,,,,,,,,,,,,,,,,,,,,
VIC,Southside Cranbourne,11,650,Good,4,2026-09-28,5197870,5482055,Nominations,Trial,6,True,5389048,Too Darn Hot (Gb)/Gunmetal Girl (Nz)/2024,0,,,False,,C.Maher,True,1,,,,,,,,,,,,,,,,,,,,,
NSW,Warwick Farm,5,795,Soft,5,2026-09-28,5197463,5477878,Paying,Trial,8,True,5389706,Lord Prahaar,4,4,,False,T.Sherry,Annabel & Rob Archibald,True,1,,,,,,,,,,,,,,,,,,,,,
VIC,Park Kilmore,1,1450,Good,4,2026-09-28,5195834,5469791,Paying,Maiden,10,False,5389730,Circus Moon,2,6,58,True,P.M.Moloney,M.Laurie,False,4,,,,,,,,,,,,,,,,,,,,,
NSW,Warwick Farm,2,795,Soft,5,2026-09-28,5197463,5481984,Paying,Trial,9,True,5389732,Not On My Watch,5,0,,False,C.Schofield,J.J.W.Pride,False,3,,,,,,,,,,,,,,,,,,,,,
VIC,Southside Cranbourne,7,800,Good,4,2026-09-28,5197870,5482051,Nominations,Trial,9,True,5391488,Wandjina/Cremona/2023,0,,,False,,A.G.Rae,True,1,,,,,,,,,,,,,,,,,,,,,
VIC,Southside Cranbourne,5,800,Good,4,2026-09-28,5197870,5482049,Nominations,Trial,9,True,5391498,Rockfall,0,,,False,,L.Yeomans,True,1,,,,,,,,,,,,,,,,,,,,,
VIC,Park Kilmore,1,1450,Good,4,2026-09-28,5195834,5469791,Paying,Maiden,10,False,5391510,Savfield,7,15,58,True,J.Mcneil,C.J.Waller,True,1,,,,,,,,,,,,,,,,,,,,,
WA,Bunbury,6,1400,Soft,5,2026-09-28,5196062,5481877,Open,Maiden,14,False,5392270,Banffshire,4,11,58,False,A.P.Hearn,W.J.Bradshaw,False,2,,Australia,Bunbury,6,2026-09-28 08:18:00+00:00,4,Banffshire,14,Betr,126.000,18.000,TOP3,730.000,8.000,17.26079570363875493205,-84.1200679526523454625140000000000000000000,15.755151249451994739149000,-81.1438774764618692720140000000000000000000,-80.5486393812237740337640000000000000000000,-76.6134541960385888482825185185185185185200,
WA,Bunbury,6,1400,Soft,5,2026-09-28,5196062,5481877,Open,Maiden,14,False,5392270,Banffshire,4,11,58,False,A.P.Hearn,W.J.Bradshaw,False,2,,Australia,Bunbury,6,2026-09-28 08:18:00+00:00,4,Banffshire,14,Dabble,101.000,15.000,TOP3,730.000,8.000,13.83576282332310390180,-87.2710982025427444103440000000000000000000,12.604120999561595791320000,-83.7562467173942295585940000000000000000000,-83.0136724599684869843440000000000000000000,-78.3470057933018203174606666666666666666675,
WA,Bunbury,6,1400,Soft,5,2026-09-28,5196062,5481877,Open,Maiden,14,False,5392270,Banffshire,4,11,58,False,A.P.Hearn,W.J.Bradshaw,False,2,,Australia,Bunbury,6,2026-09-28 08:18:00+00:00,4,Banffshire,14,Ladbrokes,126.000,17.000,TOP3,730.000,8.000,17.26079570363875493205,-84.1200679526523454625140000000000000000000,15.755151249451994739149000,-80.8987794372461829980140000000000000000000,-80.3035413420080877597640000000000000000000,-76.1512922070599908741065605536332179930800,
WA,Bunbury,6,1400,Soft,5,2026-09-28,5196062,5481877,Open,Maiden,14,False,5392270,Banffshire,4,11,58,False,A.P.Hearn,W.J.Bradshaw,False,2,,Australia,Bunbury,6,2026-09-28 08:18:00+00:00,4,Banffshire,14,Sportsbet,126.000,23.000,TOP3,730.000,8.000,17.26079570363875493205,-84.1200679526523454625140000000000000000000,15.755151249451994739149000,-82.0496745779111446347640000000000000000000,-81.4544364826730493965140000000000000000000,-78.3353438550738055402706162570888468809075,
WA,Bunbury,6,1400,Soft,5,2026-09-28,5196062,5481877,Open,Maiden,14,False,5392270,Banffshire,4,11,58,False,A.P.Hearn,W.J.Bradshaw,False,2,,Australia,Bunbury,6,2026-09-28 08:18:00+00:00,4,Banffshire,14,UniBet,101.000,13.000,TOP3,730.000,8.000,13.83576282332310390180,-87.2710982025427444103440000000000000000000,12.604120999561595791320000,-82.9870159481634603278440000000000000000000,-82.2444416907377177535940000000000000000000,-76.9189979037554692326886745562130177514800,
WA,Bunbury,6,1400,Soft,5,2026-09-28,5196062,5481877,Open,Maiden,14,False,5392270,Banffshire,4,11,58,False,A.P.Hearn,W.J.Bradshaw,False,2,,Australia,Bunbury,6,2026-09-28 08:18:00+00:00,4,Banffshire,14,Surge ,126.000,16.000,TOP3,730.000,8.000,17.26079570363875493205,-84.1200679526523454625140000000000000000000,15.755151249451994739149000,-80.6230441431285359390140000000000000000000,-80.0278060478904407007640000000000000000000,-75.6332747978904407007640000000000000000000,
SA,Morphettville Parks,12,1000,Good,4,2026-09-28,5197445,5482085,Paying,Trial,6,True,5392348,White Pointer,5,0,,False,J.B.Opperman,M.J.Hickmott,True,1,,,,,,,,,,,,,,,,,,,,,
SA,Morphettville Parks,13,1000,Good,4,2026-09-28,5197445,5482086,Paying,Trial,7,True,5392567,Grande Donna,3,0,,False,B.King,K.L.Evans,True,1,,,,,,,,,,,,,,,,,,,,,
NSW,Warwick Farm,8,792,Soft,5,2026-09-28,5197463,5481983,Paying,Trial,8,True,5392823,Master Chief,5,0,,False,C.Schofield,J.J.W.Pride,True,1,,,,,,,,,,,,,,,,,,,,,
VIC,Park Kilmore,2,1450,Good,4,2026-09-28,5195834,5469787,Paying,Maiden,10,False,5396075,Smashing Success,16,2,55.5,True,B.A.Shinn,Trent Busuttin & Natalie Young,False,2,,,,,,,,,,,,,,,,,,,,,
SA,Morphettville Parks,5,800,Good,4,2026-09-28,5197445,5482077,Paying,Trial,6,True,5401384,Zouzara Rose,5,0,,False,K.Crowther,T.J.Doudle,True,1,,,,,,,,,,,,,,,,,,,,,
VIC,Coleraine,3,900,Good,4,2026-09-28,5197871,5482219,Paying,Trial,5,True,5402316,Trust My,5,0,,False,C.N.Rawiller,K.G.Edwards,False,4,,,,,,,,,,,,,,,,,,,,,
VIC,Coleraine,2,900,Good,4,2026-09-28,5197871,5482217,Paying,Trial,5,True,5402316,Trust My,0,0,,True,,K.G.Edwards,False,4,,,,,,,,,,,,,,,,,,,,,
NSW,Warwick Farm,5,795,Soft,5,2026-09-28,5197463,5477878,Paying,Trial,8,True,5405117,Jenni In Rome,9,8,,False,J.Collett,Richard & Will Freedman,True,1,,,,,,,,,,,,,,,,,,,,,
